vdc,ward,parcel_id,landuse
खुटुवा जब्दी,1 ख गाउँ,0,आवासीय क्षेत्र
खुटुवा जब्दी,1 ख गाउँ,0,आवासीय क्षेत्र
खुटुवा जब्दी,1 ख गाउँ,0,आवासीय क्षेत्र
खुटुवा जब्दी,1 ख गाउँ,0,सार्वजनिक उपयोगको क्षेत्र
खुटुवा जब्दी,1 ख गाउँ,2,आवासीय क्षेत्र
खुटुवा जब्दी,1 ख गाउँ,3,आवासीय क्षेत्र
खुटुवा जब्दी,1 ख गाउँ,4,आवासीय क्षेत्र
खुटुवा जब्दी,1 ख गाउँ,5,आवासीय क्षेत्र
खुटुवा जब्दी,1 ख गाउँ,6,आवासीय क्षेत्र
खुटुवा जब्दी,1 ख गाउँ,9,आवासीय क्षेत्र
खुटुवा जब्दी,1 ख गाउँ,10,आवासीय क्षेत्र
खुटुवा जब्दी,1 ख गाउँ,11,आवासीय क्षेत्र
खुटुवा जब्दी,1 ख गाउँ,12,आवासीय क्षेत्र
खुटुवा जब्दी,1 ख गाउँ,13,आवासीय क्षेत्र
खुटुवा जब्दी,1 ख गाउँ,14,आवासीय क्षेत्र
खुटुवा जब्दी,1 ख गाउँ,15,आवासीय क्षेत्र
खुटुवा जब्दी,1 ख गाउँ,16,आवासीय क्षेत्र
खुटुवा जब्दी,1 ख गाउँ,17,आवासीय क्षेत्र
खुटुवा जब्दी,1 ख गाउँ,18,आवासीय क्षेत्र
खुटुवा जब्दी,1 ख गाउँ,19,आवासीय क्षेत्र
खुटुवा जब्दी,1 ख गाउँ,20,आवासीय क्षेत्र
खुटुवा जब्दी,1 ख गाउँ,21,आवासीय क्षेत्र
खुटुवा जब्दी,1 ख गाउँ,24,आवासीय क्षेत्र
खुटुवा जब्दी,1 ख गाउँ,26,आवासीय क्षेत्र
खुटुवा जब्दी,1 ख गाउँ,27,आवासीय क्षेत्र
खुटुवा जब्दी,1 ख गाउँ,29,आवासीय क्षेत्र
खुटुवा जब्दी,1 ख गाउँ,30,आवासीय क्षेत्र
खुटुवा जब्दी,1 ख गाउँ,31,आवासीय क्षेत्र
खुटुवा जब्दी,1 ख गाउँ,32,आवासीय क्षेत्र
खुटुवा जब्दी,1 ख गाउँ,34,आवासीय क्षेत्र
खुटुवा जब्दी,1 ख गाउँ,35,आवासीय क्षेत्र
खुटुवा जब्दी,1 ख गाउँ,36,आवासीय क्षेत्र
खुटुवा जब्दी,1 ख गाउँ,37,आवासीय क्षेत्र
खुटुवा जब्दी,1 ख गाउँ,38,आवासीय क्षेत्र
खुटुवा जब्दी,1 ख गाउँ,39,आवासीय क्षेत्र
खुटुवा जब्दी,1 ख गाउँ,40,आवासीय क्षेत्र
खुटुवा जब्दी,1 ख गाउँ,41,आवासीय क्षेत्र
खुटुवा जब्दी,1 ख गाउँ,42,आवासीय क्षेत्र
खुटुवा जब्दी,1 ख गाउँ,43,आवासीय क्षेत्र
खुटुवा जब्दी,1 ख गाउँ,44,आवासीय क्षेत्र
खुटुवा जब्दी,1 ख गाउँ,45,आवासीय क्षेत्र
खुटुवा जब्दी,1 ख गाउँ,46,आवासीय क्षेत्र
खुटुवा जब्दी,1 ख गाउँ,47,सार्वजनिक उपयोगको क्षेत्र
खुटुवा जब्दी,1 ख गाउँ,49,आवासीय क्षेत्र
खुटुवा जब्दी,1 ख गाउँ,52,आवासीय क्षेत्र
खुटुवा जब्दी,1 ख गाउँ,53,आवासीय क्षेत्र
खुटुवा जब्दी,1 ख गाउँ,55,आवासीय क्षेत्र
खुटुवा जब्दी,1 ख गाउँ,57,आवासीय क्षेत्र
खुटुवा जब्दी,1 ख गाउँ,60,आवासीय क्षेत्र
खुटुवा जब्दी,1 ख गाउँ,61,आवासीय क्षेत्र
खुटुवा जब्दी,1 ख गाउँ,62,आवासीय क्षेत्र
खुटुवा जब्दी,1 ख गाउँ,63,आवासीय क्षेत्र
खुटुवा जब्दी,1 ख गाउँ,64,आवासीय क्षेत्र
खुटुवा जब्दी,1 ख गाउँ,65,आवासीय क्षेत्र
खुटुवा जब्दी,1 ख गाउँ,66,आवासीय क्षेत्र
खुटुवा जब्दी,1 ख गाउँ,67,आवासीय क्षेत्र
खुटुवा जब्दी,1 ख गाउँ,68,आवासीय क्षेत्र
खुटुवा जब्दी,1 ख गाउँ,69,आवासीय क्षेत्र
खुटुवा जब्दी,1 ख गाउँ,71,आवासीय क्षेत्र
खुटुवा जब्दी,1 ख गाउँ,72,आवासीय क्षेत्र
खुटुवा जब्दी,1 ख गाउँ,73,आवासीय क्षेत्र
खुटुवा जब्दी,1 ख गाउँ,75,आवासीय क्षेत्र
खुटुवा जब्दी,1 ख गाउँ,76,आवासीय क्षेत्र
खुटुवा जब्दी,1 ख गाउँ,79,आवासीय क्षेत्र
खुटुवा जब्दी,1 ख गाउँ,82,आवासीय क्षेत्र
खुटुवा जब्दी,1 ख गाउँ,83,आवासीय क्षेत्र
खुटुवा जब्दी,1 ख गाउँ,84,आवासीय क्षेत्र
खुटुवा जब्दी,1 ख गाउँ,86,आवासीय क्षेत्र
खुटुवा जब्दी,1 ख गाउँ,88,आवासीय क्षेत्र
खुटुवा जब्दी,1 ख गाउँ,90,आवासीय क्षेत्र
खुटुवा जब्दी,1 ख गाउँ,91,आवासीय क्षेत्र
खुटुवा जब्दी,1 ख गाउँ,99,आवासीय क्षेत्र
खुटुवा जब्दी,1 ख गाउँ,100,आवासीय क्षेत्र
खुटुवा जब्दी,1 ख गाउँ,101,आवासीय क्षेत्र
खुटुवा जब्दी,1 ख गाउँ,105,आवासीय क्षेत्र
खुटुवा जब्दी,1 ख गाउँ,106,आवासीय क्षेत्र
खुटुवा जब्दी,1 ख गाउँ,107,आवासीय क्षेत्र
खुटुवा जब्दी,1 ख गाउँ,108,आवासीय क्षेत्र
खुटुवा जब्दी,1 ख गाउँ,109,आवासीय क्षेत्र
खुटुवा जब्दी,1 ख गाउँ,110,आवासीय क्षेत्र
खुटुवा जब्दी,1 ख गाउँ,118,आवासीय क्षेत्र
खुटुवा जब्दी,1 ख गाउँ,119,आवासीय क्षेत्र
खुटुवा जब्दी,1 ख गाउँ,121,आवासीय क्षेत्र
खुटुवा जब्दी,1 ख गाउँ,122,आवासीय क्षेत्र
खुटुवा जब्दी,1 ख गाउँ,132,आवासीय क्षेत्र
खुटुवा जब्दी,1 ख गाउँ,138,आवासीय क्षेत्र
खुटुवा जब्दी,1 ख गाउँ,141,आवासीय क्षेत्र
खुटुवा जब्दी,1 ख गाउँ,142,आवासीय क्षेत्र
खुटुवा जब्दी,1 ख गाउँ,143,आवासीय क्षेत्र
खुटुवा जब्दी,1 ख गाउँ,144,आवासीय क्षेत्र
खुटुवा जब्दी,1 ख गाउँ,145,आवासीय क्षेत्र
खुटुवा जब्दी,1 ख गाउँ,146,आवासीय क्षेत्र
खुटुवा जब्दी,1 ख गाउँ,147,आवासीय क्षेत्र
खुटुवा जब्दी,1 ख गाउँ,148,आवासीय क्षेत्र
खुटुवा जब्दी,1 ख गाउँ,149,आवासीय क्षेत्र
खुटुवा जब्दी,1 ख गाउँ,150,आवासीय क्षेत्र
खुटुवा जब्दी,1 ख गाउँ,151,आवासीय क्षेत्र
खुटुवा जब्दी,1 ख गाउँ,152,आवासीय क्षेत्र
खुटुवा जब्दी,1 ख गाउँ,153,आवासीय क्षेत्र
खुटुवा जब्दी,1 ख गाउँ,154,आवासीय क्षेत्र
खुटुवा जब्दी,1 ख गाउँ,157,आवासीय क्षेत्र
खुटुवा जब्दी,1 ख गाउँ,158,आवासीय क्षेत्र
खुटुवा जब्दी,1 ख गाउँ,159,आवासीय क्षेत्र
खुटुवा जब्दी,1 ख गाउँ,160,आवासीय क्षेत्र
खुटुवा जब्दी,1 ख गाउँ,161,आवासीय क्षेत्र
खुटुवा जब्दी,1 ख गाउँ,162,आवासीय क्षेत्र
खुटुवा जब्दी,1 ख गाउँ,163,आवासीय क्षेत्र
खुटुवा जब्दी,1 ख गाउँ,168,आवासीय क्षेत्र
खुटुवा जब्दी,1 ख गाउँ,169,आवासीय क्षेत्र
खुटुवा जब्दी,1 ख गाउँ,170,आवासीय क्षेत्र
खुटुवा जब्दी,1 ख गाउँ,171,आवासीय क्षेत्र
खुटुवा जब्दी,1 ख गाउँ,179,आवासीय क्षेत्र
खुटुवा जब्दी,1 ख गाउँ,180,आवासीय क्षेत्र
खुटुवा जब्दी,1 ख गाउँ,181,आवासीय क्षेत्र
खुटुवा जब्दी,1 ख गाउँ,182,आवासीय क्षेत्र
खुटुवा जब्दी,1 ख गाउँ,193,आवासीय क्षेत्र
खुटुवा जब्दी,1 ख गाउँ,194,आवासीय क्षेत्र
खुटुवा जब्दी,1 ख गाउँ,195,आवासीय क्षेत्र
खुटुवा जब्दी,1 ख गाउँ,196,आवासीय क्षेत्र
खुटुवा जब्दी,1 ख गाउँ,197,आवासीय क्षेत्र
खुटुवा जब्दी,1 ख गाउँ,198,आवासीय क्षेत्र
खुटुवा जब्दी,1 ख गाउँ,201,आवासीय क्षेत्र
खुटुवा जब्दी,1 ख गाउँ,202,आवासीय क्षेत्र
खुटुवा जब्दी,1 ख गाउँ,203,आवासीय क्षेत्र
खुटुवा जब्दी,1 ख गाउँ,204,आवासीय क्षेत्र
खुटुवा जब्दी,1 ख गाउँ,205,आवासीय क्षेत्र
खुटुवा जब्दी,1 ख गाउँ,206,आवासीय क्षेत्र
खुटुवा जब्दी,1 ख गाउँ,207,आवासीय क्षेत्र
खुटुवा जब्दी,1 ख गाउँ,208,आवासीय क्षेत्र
खुटुवा जब्दी,1 ख गाउँ,209,आवासीय क्षेत्र
खुटुवा जब्दी,1 ख गाउँ,210,आवासीय क्षेत्र
खुटुवा जब्दी,1 ख गाउँ,212,आवासीय क्षेत्र
खुटुवा जब्दी,1 ख गाउँ,213,आवासीय क्षेत्र
खुटुवा जब्दी,1 ख गाउँ,223,आवासीय क्षेत्र
खुटुवा जब्दी,1 ख गाउँ,224,आवासीय क्षेत्र
खुटुवा जब्दी,1 ख गाउँ,225,आवासीय क्षेत्र
खुटुवा जब्दी,1 ख गाउँ,226,आवासीय क्षेत्र
खुटुवा जब्दी,1 ख गाउँ,227,आवासीय क्षेत्र
खुटुवा जब्दी,1 ख गाउँ,228,आवासीय क्षेत्र
खुटुवा जब्दी,1 ख गाउँ,229,आवासीय क्षेत्र
खुटुवा जब्दी,1 ख गाउँ,230,आवासीय क्षेत्र
खुटुवा जब्दी,1 ख गाउँ,231,आवासीय क्षेत्र
खुटुवा जब्दी,1 ख गाउँ,232,आवासीय क्षेत्र
खुटुवा जब्दी,1 ख गाउँ,233,आवासीय क्षेत्र
खुटुवा जब्दी,1 ख गाउँ,234,आवासीय क्षेत्र
खुटुवा जब्दी,1 ख गाउँ,235,आवासीय क्षेत्र
खुटुवा जब्दी,1 ख गाउँ,236,आवासीय क्षेत्र
खुटुवा जब्दी,1 ख गाउँ,237,आवासीय क्षेत्र
खुटुवा जब्दी,1 ख गाउँ,238,आवासीय क्षेत्र
खुटुवा जब्दी,1 ख गाउँ,239,आवासीय क्षेत्र
खुटुवा जब्दी,1 ख गाउँ,240,आवासीय क्षेत्र
खुटुवा जब्दी,1 ख गाउँ,241,आवासीय क्षेत्र
खुटुवा जब्दी,1 ख गाउँ,242,आवासीय क्षेत्र
खुटुवा जब्दी,2 ख गाउँ,1,आवासीय क्षेत्र
खुटुवा जब्दी,2 ख गाउँ,2,आवासीय क्षेत्र
खुटुवा जब्दी,2 ख गाउँ,3,आवासीय क्षेत्र
खुटुवा जब्दी,2 ख गाउँ,4,आवासीय क्षेत्र
खुटुवा जब्दी,2 ख गाउँ,5,आवासीय क्षेत्र
खुटुवा जब्दी,2 ख गाउँ,6,आवासीय क्षेत्र
खुटुवा जब्दी,2 ख गाउँ,7,आवासीय क्षेत्र
खुटुवा जब्दी,2 ख गाउँ,8,आवासीय क्षेत्र
खुटुवा जब्दी,2 ख गाउँ,9,आवासीय क्षेत्र
खुटुवा जब्दी,2 ख गाउँ,10,आवासीय क्षेत्र
खुटुवा जब्दी,2 ख गाउँ,11,आवासीय क्षेत्र
खुटुवा जब्दी,2 ख गाउँ,12,आवासीय क्षेत्र
खुटुवा जब्दी,2 ख गाउँ,13,आवासीय क्षेत्र
खुटुवा जब्दी,2 ख गाउँ,14,आवासीय क्षेत्र
खुटुवा जब्दी,2 ख गाउँ,15,आवासीय क्षेत्र
खुटुवा जब्दी,2 ख गाउँ,16,आवासीय क्षेत्र
खुटुवा जब्दी,2 ख गाउँ,17,आवासीय क्षेत्र
खुटुवा जब्दी,2 ख गाउँ,18,आवासीय क्षेत्र
खुटुवा जब्दी,2 ख गाउँ,19,आवासीय क्षेत्र
खुटुवा जब्दी,2 ख गाउँ,20,आवासीय क्षेत्र
खुटुवा जब्दी,2 ख गाउँ,21,आवासीय क्षेत्र
खुटुवा जब्दी,2 ख गाउँ,22,आवासीय क्षेत्र
खुटुवा जब्दी,2 ख गाउँ,23,आवासीय क्षेत्र
खुटुवा जब्दी,2 ख गाउँ,24,आवासीय क्षेत्र
खुटुवा जब्दी,2 ख गाउँ,25,आवासीय क्षेत्र
खुटुवा जब्दी,2 ख गाउँ,26,आवासीय क्षेत्र
खुटुवा जब्दी,2 ख गाउँ,27,आवासीय क्षेत्र
खुटुवा जब्दी,2 ख गाउँ,28,आवासीय क्षेत्र
खुटुवा जब्दी,2 ख गाउँ,29,आवासीय क्षेत्र
खुटुवा जब्दी,2 ख गाउँ,30,आवासीय क्षेत्र
खुटुवा जब्दी,2 ख गाउँ,31,आवासीय क्षेत्र
खुटुवा जब्दी,2 ख गाउँ,32,आवासीय क्षेत्र
खुटुवा जब्दी,2 ख गाउँ,33,व्यावसायिक क्षेत्र
खुटुवा जब्दी,2 ख गाउँ,34,व्यावसायिक क्षेत्र
खुटुवा जब्दी,2 ख गाउँ,35,व्यावसायिक क्षेत्र
खुटुवा जब्दी,2 ख गाउँ,37,व्यावसायिक क्षेत्र
खुटुवा जब्दी,2 ख गाउँ,38,आवासीय क्षेत्र
खुटुवा जब्दी,2 ख गाउँ,39,व्यावसायिक क्षेत्र
खुटुवा जब्दी,2 ख गाउँ,41,व्यावसायिक क्षेत्र
खुटुवा जब्दी,2 ख गाउँ,44,व्यावसायिक क्षेत्र
खुटुवा जब्दी,2 ख गाउँ,46,व्यावसायिक क्षेत्र
खुटुवा जब्दी,2 ख गाउँ,47,व्यावसायिक क्षेत्र
खुटुवा जब्दी,2 ख गाउँ,50,व्यावसायिक क्षेत्र
खुटुवा जब्दी,2 ख गाउँ,51,व्यावसायिक क्षेत्र
खुटुवा जब्दी,2 ख गाउँ,53,व्यावसायिक क्षेत्र
खुटुवा जब्दी,2 ख गाउँ,55,आवासीय क्षेत्र
खुटुवा जब्दी,2 ख गाउँ,56,आवासीय क्षेत्र
खुटुवा जब्दी,2 ख गाउँ,57,आवासीय क्षेत्र
खुटुवा जब्दी,2 ख गाउँ,58,आवासीय क्षेत्र
खुटुवा जब्दी,2 ख गाउँ,59,आवासीय क्षेत्र
खुटुवा जब्दी,2 ख गाउँ,60,आवासीय क्षेत्र
खुटुवा जब्दी,2 ख गाउँ,61,आवासीय क्षेत्र
खुटुवा जब्दी,2 ख गाउँ,62,आवासीय क्षेत्र
खुटुवा जब्दी,2 ख गाउँ,63,आवासीय क्षेत्र
खुटुवा जब्दी,2 ख गाउँ,64,आवासीय क्षेत्र
खुटुवा जब्दी,2 ख गाउँ,65,व्यावसायिक क्षेत्र
खुटुवा जब्दी,2 ख गाउँ,66,व्यावसायिक क्षेत्र
खुटुवा जब्दी,2 ख गाउँ,67,व्यावसायिक क्षेत्र
खुटुवा जब्दी,2 ख गाउँ,68,आवासीय क्षेत्र
खुटुवा जब्दी,2 ख गाउँ,69,सार्वजनिक उपयोगको क्षेत्र
खुटुवा जब्दी,2 ख गाउँ,73,आवासीय क्षेत्र
खुटुवा जब्दी,2 ख गाउँ,75,आवासीय क्षेत्र
खुटुवा जब्दी,2 ख गाउँ,78,आवासीय क्षेत्र
खुटुवा जब्दी,2 ख गाउँ,79,आवासीय क्षेत्र
खुटुवा जब्दी,2 ख गाउँ,86,आवासीय क्षेत्र
खुटुवा जब्दी,2 ख गाउँ,87,आवासीय क्षेत्र
खुटुवा जब्दी,2 ख गाउँ,88,आवासीय क्षेत्र
खुटुवा जब्दी,2 ख गाउँ,89,आवासीय क्षेत्र
खुटुवा जब्दी,2 ख गाउँ,91,आवासीय क्षेत्र
खुटुवा जब्दी,2 ख गाउँ,92,आवासीय क्षेत्र
खुटुवा जब्दी,2 ख गाउँ,93,आवासीय क्षेत्र
खुटुवा जब्दी,2 ख गाउँ,94,आवासीय क्षेत्र
खुटुवा जब्दी,2 ख गाउँ,95,व्यावसायिक क्षेत्र
खुटुवा जब्दी,2 ख गाउँ,97,आवासीय क्षेत्र
खुटुवा जब्दी,2 ख गाउँ,99,व्यावसायिक क्षेत्र
खुटुवा जब्दी,2 ख गाउँ,100,आवासीय क्षेत्र
खुटुवा जब्दी,2 ख गाउँ,101,आवासीय क्षेत्र
खुटुवा जब्दी,2 ख गाउँ,102,आवासीय क्षेत्र
खुटुवा जब्दी,2 ख गाउँ,103,आवासीय क्षेत्र
खुटुवा जब्दी,2 ख गाउँ,104,आवासीय क्षेत्र
खुटुवा जब्दी,2 ख गाउँ,105,आवासीय क्षेत्र
खुटुवा जब्दी,2 ख गाउँ,106,आवासीय क्षेत्र
खुटुवा जब्दी,2 ख गाउँ,107,आवासीय क्षेत्र
खुटुवा जब्दी,2 ख गाउँ,108,व्यावसायिक क्षेत्र
खुटुवा जब्दी,2 ख गाउँ,109,व्यावसायिक क्षेत्र
खुटुवा जब्दी,2 ख गाउँ,111,व्यावसायिक क्षेत्र
खुटुवा जब्दी,2 ख गाउँ,112,व्यावसायिक क्षेत्र
खुटुवा जब्दी,2 ख गाउँ,113,आवासीय क्षेत्र
खुटुवा जब्दी,2 ख गाउँ,114,आवासीय क्षेत्र
खुटुवा जब्दी,2 ख गाउँ,115,व्यावसायिक क्षेत्र
खुटुवा जब्दी,2 ख गाउँ,116,व्यावसायिक क्षेत्र
खुटुवा जब्दी,2 ख गाउँ,117,व्यावसायिक क्षेत्र
खुटुवा जब्दी,2 ख गाउँ,118,व्यावसायिक क्षेत्र
खुटुवा जब्दी,2 ख गाउँ,122,व्यावसायिक क्षेत्र
खुटुवा जब्दी,2 ख गाउँ,123,व्यावसायिक क्षेत्र
खुटुवा जब्दी,2 ख गाउँ,124,व्यावसायिक क्षेत्र
खुटुवा जब्दी,2 ख गाउँ,125,व्यावसायिक क्षेत्र
खुटुवा जब्दी,2 ख गाउँ,126,व्यावसायिक क्षेत्र
खुटुवा जब्दी,2 ख गाउँ,127,व्यावसायिक क्षेत्र
खुटुवा जब्दी,2 ख गाउँ,128,व्यावसायिक क्षेत्र
खुटुवा जब्दी,2 ख गाउँ,131,आवासीय क्षेत्र
खुटुवा जब्दी,2 ख गाउँ,132,आवासीय क्षेत्र
खुटुवा जब्दी,2 ख गाउँ,133,आवासीय क्षेत्र
खुटुवा जब्दी,2 ख गाउँ,134,आवासीय क्षेत्र
खुटुवा जब्दी,2 ख गाउँ,139,आवासीय क्षेत्र
खुटुवा जब्दी,2 ख गाउँ,141,आवासीय क्षेत्र
खुटुवा जब्दी,2 ख गाउँ,143,आवासीय क्षेत्र
खुटुवा जब्दी,2 ख गाउँ,144,आवासीय क्षेत्र
खुटुवा जब्दी,2 ख गाउँ,145,व्यावसायिक क्षेत्र
खुटुवा जब्दी,2 ख गाउँ,146,व्यावसायिक क्षेत्र
खुटुवा जब्दी,2 ख गाउँ,147,व्यावसायिक क्षेत्र
खुटुवा जब्दी,2 ख गाउँ,148,व्यावसायिक क्षेत्र
खुटुवा जब्दी,2 ख गाउँ,149,व्यावसायिक क्षेत्र
खुटुवा जब्दी,2 ख गाउँ,150,व्यावसायिक क्षेत्र
खुटुवा जब्दी,2 ख गाउँ,151,व्यावसायिक क्षेत्र
खुटुवा जब्दी,2 ख गाउँ,152,आवासीय क्षेत्र
खुटुवा जब्दी,2 ख गाउँ,153,आवासीय क्षेत्र
खुटुवा जब्दी,2 ख गाउँ,154,व्यावसायिक क्षेत्र
खुटुवा जब्दी,2 ख गाउँ,155,व्यावसायिक क्षेत्र
खुटुवा जब्दी,3,60,कृषि क्षेत्र
खुटुवा जब्दी,3,60,कृषि क्षेत्र
खुटुवा जब्दी,3,60,कृषि क्षेत्र
खुटुवा जब्दी,3,72,आवासीय क्षेत्र
खुटुवा जब्दी,3,73,आवासीय क्षेत्र
खुटुवा जब्दी,3,74,आवासीय क्षेत्र
खुटुवा जब्दी,3,75,आवासीय क्षेत्र
खुटुवा जब्दी,3,80,आवासीय क्षेत्र
खुटुवा जब्दी,3,89,कृषि क्षेत्र
खुटुवा जब्दी,3,90,कृषि क्षेत्र
खुटुवा जब्दी,3,91,कृषि क्षेत्र
खुटुवा जब्दी,3,93,आवासीय क्षेत्र
खुटुवा जब्दी,3,96,आवासीय क्षेत्र
खुटुवा जब्दी,3,97,आवासीय क्षेत्र
खुटुवा जब्दी,3,98,आवासीय क्षेत्र
खुटुवा जब्दी,3,99,आवासीय क्षेत्र
खुटुवा जब्दी,3,100,आवासीय क्षेत्र
खुटुवा जब्दी,3,102,कृषि क्षेत्र
खुटुवा जब्दी,3,110,कृषि क्षेत्र
खुटुवा जब्दी,3,114,कृषि क्षेत्र
खुटुवा जब्दी,3,114,कृषि क्षेत्र
खुटुवा जब्दी,3,115,कृषि क्षेत्र
खुटुवा जब्दी,3,134,आवासीय क्षेत्र
खुटुवा जब्दी,3,212,आवासीय क्षेत्र
खुटुवा जब्दी,3,213,आवासीय क्षेत्र
खुटुवा जब्दी,3,232,कृषि क्षेत्र
खुटुवा जब्दी,3,233,कृषि क्षेत्र
खुटुवा जब्दी,3,234,कृषि क्षेत्र
खुटुवा जब्दी,3,256,कृषि क्षेत्र
खुटुवा जब्दी,3,260,कृषि क्षेत्र
खुटुवा जब्दी,3,271,कृषि क्षेत्र
खुटुवा जब्दी,3,272,आवासीय क्षेत्र
खुटुवा जब्दी,3,275,कृषि क्षेत्र
खुटुवा जब्दी,3,276,कृषि क्षेत्र
खुटुवा जब्दी,3,299,कृषि क्षेत्र
खुटुवा जब्दी,3,300,कृषि क्षेत्र
खुटुवा जब्दी,3,304,आवासीय क्षेत्र
खुटुवा जब्दी,3,305,आवासीय क्षेत्र
खुटुवा जब्दी,3,310,कृषि क्षेत्र
खुटुवा जब्दी,3,311,कृषि क्षेत्र
खुटुवा जब्दी,3,359,आवासीय क्षेत्र
खुटुवा जब्दी,3,360,आवासीय क्षेत्र
खुटुवा जब्दी,3 गाउँ,2,आवासीय क्षेत्र
खुटुवा जब्दी,3 गाउँ,3,आवासीय क्षेत्र
खुटुवा जब्दी,3 गाउँ,4,आवासीय क्षेत्र
खुटुवा जब्दी,3 गाउँ,5,आवासीय क्षेत्र
खुटुवा जब्दी,3 गाउँ,6,आवासीय क्षेत्र
खुटुवा जब्दी,3 गाउँ,7,आवासीय क्षेत्र
खुटुवा जब्दी,3 गाउँ,8,आवासीय क्षेत्र
खुटुवा जब्दी,3 गाउँ,9,आवासीय क्षेत्र
खुटुवा जब्दी,3 गाउँ,10,आवासीय क्षेत्र
खुटुवा जब्दी,3 गाउँ,11,आवासीय क्षेत्र
खुटुवा जब्दी,3 गाउँ,12,आवासीय क्षेत्र
खुटुवा जब्दी,3 गाउँ,13,आवासीय क्षेत्र
खुटुवा जब्दी,3 गाउँ,14,आवासीय क्षेत्र
खुटुवा जब्दी,3 गाउँ,15,आवासीय क्षेत्र
खुटुवा जब्दी,3 गाउँ,16,आवासीय क्षेत्र
खुटुवा जब्दी,3 गाउँ,17,आवासीय क्षेत्र
खुटुवा जब्दी,3 गाउँ,18,आवासीय क्षेत्र
खुटुवा जब्दी,3 गाउँ,19,आवासीय क्षेत्र
खुटुवा जब्दी,3 गाउँ,20,आवासीय क्षेत्र
खुटुवा जब्दी,3 गाउँ,21,आवासीय क्षेत्र
खुटुवा जब्दी,3 गाउँ,22,आवासीय क्षेत्र
खुटुवा जब्दी,3 गाउँ,23,आवासीय क्षेत्र
खुटुवा जब्दी,3 गाउँ,24,आवासीय क्षेत्र
खुटुवा जब्दी,3 गाउँ,25,आवासीय क्षेत्र
खुटुवा जब्दी,3 गाउँ,27,आवासीय क्षेत्र
खुटुवा जब्दी,3 गाउँ,28,आवासीय क्षेत्र
खुटुवा जब्दी,3 गाउँ,29,आवासीय क्षेत्र
खुटुवा जब्दी,3 गाउँ,30,आवासीय क्षेत्र
खुटुवा जब्दी,3 गाउँ,31,आवासीय क्षेत्र
खुटुवा जब्दी,3 गाउँ,32,आवासीय क्षेत्र
खुटुवा जब्दी,3 गाउँ,33,आवासीय क्षेत्र
खुटुवा जब्दी,3 गाउँ,34,आवासीय क्षेत्र
खुटुवा जब्दी,3 गाउँ,35,आवासीय क्षेत्र
खुटुवा जब्दी,3 गाउँ,36,आवासीय क्षेत्र
खुटुवा जब्दी,3 गाउँ,37,आवासीय क्षेत्र
खुटुवा जब्दी,3 गाउँ,38,आवासीय क्षेत्र
खुटुवा जब्दी,3 गाउँ,39,आवासीय क्षेत्र
खुटुवा जब्दी,3 गाउँ,40,आवासीय क्षेत्र
खुटुवा जब्दी,3 गाउँ,41,आवासीय क्षेत्र
खुटुवा जब्दी,3 गाउँ,42,आवासीय क्षेत्र
खुटुवा जब्दी,3 गाउँ,43,आवासीय क्षेत्र
खुटुवा जब्दी,3 गाउँ,44,आवासीय क्षेत्र
खुटुवा जब्दी,3 गाउँ,46,आवासीय क्षेत्र
खुटुवा जब्दी,3 गाउँ,48,आवासीय क्षेत्र
खुटुवा जब्दी,3 गाउँ,50,आवासीय क्षेत्र
खुटुवा जब्दी,3 गाउँ,52,आवासीय क्षेत्र
खुटुवा जब्दी,3 गाउँ,53,आवासीय क्षेत्र
खुटुवा जब्दी,3 गाउँ,54,आवासीय क्षेत्र
खुटुवा जब्दी,3 गाउँ,55,व्यावसायिक क्षेत्र
खुटुवा जब्दी,3 गाउँ,56,आवासीय क्षेत्र
खुटुवा जब्दी,3 गाउँ,57,व्यावसायिक क्षेत्र
खुटुवा जब्दी,3 गाउँ,58,व्यावसायिक क्षेत्र
खुटुवा जब्दी,3 गाउँ,59,आवासीय क्षेत्र
खुटुवा जब्दी,3 गाउँ,60,आवासीय क्षेत्र
खुटुवा जब्दी,3 गाउँ,61,व्यावसायिक क्षेत्र
खुटुवा जब्दी,3 गाउँ,62,आवासीय क्षेत्र
खुटुवा जब्दी,3 गाउँ,63,आवासीय क्षेत्र
खुटुवा जब्दी,3 गाउँ,64,आवासीय क्षेत्र
खुटुवा जब्दी,3 गाउँ,65,व्यावसायिक क्षेत्र
खुटुवा जब्दी,3 गाउँ,66,व्यावसायिक क्षेत्र
खुटुवा जब्दी,3 गाउँ,68,आवासीय क्षेत्र
खुटुवा जब्दी,3 गाउँ,69,सार्वजनिक उपयोगको क्षेत्र
खुटुवा जब्दी,3 गाउँ,72,आवासीय क्षेत्र
खुटुवा जब्दी,3 गाउँ,75,आवासीय क्षेत्र
खुटुवा जब्दी,3 गाउँ,76,आवासीय क्षेत्र
खुटुवा जब्दी,3 गाउँ,79,आवासीय क्षेत्र
खुटुवा जब्दी,3 गाउँ,81,आवासीय क्षेत्र
खुटुवा जब्दी,3 गाउँ,87,आवासीय क्षेत्र
खुटुवा जब्दी,3 गाउँ,89,आवासीय क्षेत्र
खुटुवा जब्दी,3 गाउँ,92,आवासीय क्षेत्र
खुटुवा जब्दी,3 गाउँ,93,आवासीय क्षेत्र
खुटुवा जब्दी,3 गाउँ,94,आवासीय क्षेत्र
खुटुवा जब्दी,3 गाउँ,95,आवासीय क्षेत्र
खुटुवा जब्दी,3 गाउँ,96,आवासीय क्षेत्र
खुटुवा जब्दी,3 गाउँ,97,आवासीय क्षेत्र
खुटुवा जब्दी,3 गाउँ,104,आवासीय क्षेत्र
खुटुवा जब्दी,3 गाउँ,106,आवासीय क्षेत्र
खुटुवा जब्दी,3 गाउँ,107,आवासीय क्षेत्र
खुटुवा जब्दी,3 गाउँ,108,आवासीय क्षेत्र
खुटुवा जब्दी,3 गाउँ,109,आवासीय क्षेत्र
खुटुवा जब्दी,3 गाउँ,110,आवासीय क्षेत्र
खुटुवा जब्दी,3 गाउँ,113,आवासीय क्षेत्र
खुटुवा जब्दी,3 गाउँ,114,आवासीय क्षेत्र
खुटुवा जब्दी,3 गाउँ,115,आवासीय क्षेत्र
खुटुवा जब्दी,3 गाउँ,116,आवासीय क्षेत्र
खुटुवा जब्दी,3 गाउँ,116,आवासीय क्षेत्र
खुटुवा जब्दी,3 गाउँ,117,व्यावसायिक क्षेत्र
खुटुवा जब्दी,3 गाउँ,118,व्यावसायिक क्षेत्र
खुटुवा जब्दी,3 गाउँ,120,आवासीय क्षेत्र
खुटुवा जब्दी,3 गाउँ,121,आवासीय क्षेत्र
खुटुवा जब्दी,4,62,आवासीय क्षेत्र
खुटुवा जब्दी,4,63,आवासीय क्षेत्र
खुटुवा जब्दी,4,64,आवासीय क्षेत्र
खुटुवा जब्दी,4,65,आवासीय क्षेत्र
खुटुवा जब्दी,4,66,आवासीय क्षेत्र
खुटुवा जब्दी,4,67,आवासीय क्षेत्र
खुटुवा जब्दी,4,80,आवासीय क्षेत्र
खुटुवा जब्दी,4,81,आवासीय क्षेत्र
खुटुवा जब्दी,4,82,आवासीय क्षेत्र
खुटुवा जब्दी,4,84,आवासीय क्षेत्र
खुटुवा जब्दी,4,85,आवासीय क्षेत्र
खुटुवा जब्दी,4,89,आवासीय क्षेत्र
खुटुवा जब्दी,4,90,आवासीय क्षेत्र
खुटुवा जब्दी,4,92,आवासीय क्षेत्र
खुटुवा जब्दी,4,93,आवासीय क्षेत्र
खुटुवा जब्दी,4,94,आवासीय क्षेत्र
खुटुवा जब्दी,4,96,आवासीय क्षेत्र
खुटुवा जब्दी,4,97,आवासीय क्षेत्र
खुटुवा जब्दी,4,98,आवासीय क्षेत्र
खुटुवा जब्दी,4,99,आवासीय क्षेत्र
खुटुवा जब्दी,4,100,आवासीय क्षेत्र
खुटुवा जब्दी,4,101,आवासीय क्षेत्र
खुटुवा जब्दी,4,102,आवासीय क्षेत्र
खुटुवा जब्दी,4,103,आवासीय क्षेत्र
खुटुवा जब्दी,4,104,आवासीय क्षेत्र
खुटुवा जब्दी,4,106,आवासीय क्षेत्र
खुटुवा जब्दी,4,107,आवासीय क्षेत्र
खुटुवा जब्दी,4,109,आवासीय क्षेत्र
खुटुवा जब्दी,4,111,आवासीय क्षेत्र
खुटुवा जब्दी,4,112,आवासीय क्षेत्र
खुटुवा जब्दी,4,113,आवासीय क्षेत्र
खुटुवा जब्दी,4,116,आवासीय क्षेत्र
खुटुवा जब्दी,4,117,सार्वजनिक उपयोगको क्षेत्र
खुटुवा जब्दी,4,118,सार्वजनिक उपयोगको क्षेत्र
खुटुवा जब्दी,4,123,आवासीय क्षेत्र
खुटुवा जब्दी,4,132,आवासीय क्षेत्र
खुटुवा जब्दी,4,133,आवासीय क्षेत्र
खुटुवा जब्दी,4,136,आवासीय क्षेत्र
खुटुवा जब्दी,4,139,आवासीय क्षेत्र
खुटुवा जब्दी,4,140,आवासीय क्षेत्र
खुटुवा जब्दी,4,142,आवासीय क्षेत्र
खुटुवा जब्दी,4,143,आवासीय क्षेत्र
खुटुवा जब्दी,4,154,आवासीय क्षेत्र
खुटुवा जब्दी,4,156,आवासीय क्षेत्र
खुटुवा जब्दी,4,157,आवासीय क्षेत्र
खुटुवा जब्दी,4,162,आवासीय क्षेत्र
खुटुवा जब्दी,4,165,आवासीय क्षेत्र
खुटुवा जब्दी,4,166,आवासीय क्षेत्र
खुटुवा जब्दी,4,167,आवासीय क्षेत्र
खुटुवा जब्दी,4,213,आवासीय क्षेत्र
खुटुवा जब्दी,4,214,आवासीय क्षेत्र
खुटुवा जब्दी,4,243,आवासीय क्षेत्र
खुटुवा जब्दी,4,249,आवासीय क्षेत्र
खुटुवा जब्दी,4,251,आवासीय क्षेत्र
खुटुवा जब्दी,4,267,आवासीय क्षेत्र
खुटुवा जब्दी,4,294,आवासीय क्षेत्र
खुटुवा जब्दी,4,305,आवासीय क्षेत्र
खुटुवा जब्दी,4,308,आवासीय क्षेत्र
खुटुवा जब्दी,4,309,आवासीय क्षेत्र
खुटुवा जब्दी,4,321,आवासीय क्षेत्र
खुटुवा जब्दी,4,322,आवासीय क्षेत्र
खुटुवा जब्दी,4,326,आवासीय क्षेत्र
खुटुवा जब्दी,4,327,आवासीय क्षेत्र
खुटुवा जब्दी,4,345,आवासीय क्षेत्र
खुटुवा जब्दी,4,346,आवासीय क्षेत्र
खुटुवा जब्दी,4,347,आवासीय क्षेत्र
खुटुवा जब्दी,4,348,आवासीय क्षेत्र
खुटुवा जब्दी,4,359,आवासीय क्षेत्र
खुटुवा जब्दी,4,360,आवासीय क्षेत्र
खुटुवा जब्दी,4,361,आवासीय क्षेत्र
खुटुवा जब्दी,4,363,आवासीय क्षेत्र
खुटुवा जब्दी,4,364,आवासीय क्षेत्र
खुटुवा जब्दी,4 गाउँ,2,आवासीय क्षेत्र
खुटुवा जब्दी,4 गाउँ,3,आवासीय क्षेत्र
खुटुवा जब्दी,4 गाउँ,4,आवासीय क्षेत्र
खुटुवा जब्दी,4 गाउँ,5,आवासीय क्षेत्र
खुटुवा जब्दी,4 गाउँ,6,आवासीय क्षेत्र
खुटुवा जब्दी,4 गाउँ,7,आवासीय क्षेत्र
खुटुवा जब्दी,4 गाउँ,8,आवासीय क्षेत्र
खुटुवा जब्दी,4 गाउँ,9,आवासीय क्षेत्र
खुटुवा जब्दी,4 गाउँ,11,आवासीय क्षेत्र
खुटुवा जब्दी,4 गाउँ,12,आवासीय क्षेत्र
खुटुवा जब्दी,4 गाउँ,14,आवासीय क्षेत्र
खुटुवा जब्दी,4 गाउँ,15,आवासीय क्षेत्र
खुटुवा जब्दी,4 गाउँ,16,आवासीय क्षेत्र
खुटुवा जब्दी,4 गाउँ,17,आवासीय क्षेत्र
खुटुवा जब्दी,4 गाउँ,19,आवासीय क्षेत्र
खुटुवा जब्दी,4 गाउँ,22,आवासीय क्षेत्र
खुटुवा जब्दी,4 गाउँ,24,आवासीय क्षेत्र
खुटुवा जब्दी,4 गाउँ,25,आवासीय क्षेत्र
खुटुवा जब्दी,4 गाउँ,26,आवासीय क्षेत्र
खुटुवा जब्दी,4 गाउँ,27,आवासीय क्षेत्र
खुटुवा जब्दी,4 गाउँ,28,आवासीय क्षेत्र
खुटुवा जब्दी,4 गाउँ,29,आवासीय क्षेत्र
खुटुवा जब्दी,4 गाउँ,30,आवासीय क्षेत्र
खुटुवा जब्दी,4 गाउँ,31,आवासीय क्षेत्र
खुटुवा जब्दी,4 गाउँ,33,आवासीय क्षेत्र
खुटुवा जब्दी,4 गाउँ,34,आवासीय क्षेत्र
खुटुवा जब्दी,4 गाउँ,35,आवासीय क्षेत्र
खुटुवा जब्दी,4 गाउँ,38,आवासीय क्षेत्र
खुटुवा जब्दी,4 गाउँ,39,आवासीय क्षेत्र
खुटुवा जब्दी,4 गाउँ,41,आवासीय क्षेत्र
खुटुवा जब्दी,4 गाउँ,42,आवासीय क्षेत्र
खुटुवा जब्दी,4 गाउँ,43,आवासीय क्षेत्र
खुटुवा जब्दी,4 गाउँ,44,आवासीय क्षेत्र
खुटुवा जब्दी,4 गाउँ,45,आवासीय क्षेत्र
खुटुवा जब्दी,4 गाउँ,46,आवासीय क्षेत्र
खुटुवा जब्दी,4 गाउँ,47,आवासीय क्षेत्र
खुटुवा जब्दी,4 गाउँ,48,आवासीय क्षेत्र
खुटुवा जब्दी,4 गाउँ,50,आवासीय क्षेत्र
खुटुवा जब्दी,4 गाउँ,51,आवासीय क्षेत्र
खुटुवा जब्दी,4 गाउँ,52,आवासीय क्षेत्र
खुटुवा जब्दी,4 गाउँ,53,आवासीय क्षेत्र
खुटुवा जब्दी,4 गाउँ,54,आवासीय क्षेत्र
खुटुवा जब्दी,4 गाउँ,55,आवासीय क्षेत्र
खुटुवा जब्दी,4 गाउँ,58,आवासीय क्षेत्र
खुटुवा जब्दी,4 गाउँ,60,आवासीय क्षेत्र
खुटुवा जब्दी,4 गाउँ,61,आवासीय क्षेत्र
खुटुवा जब्दी,4 गाउँ,62,आवासीय क्षेत्र
खुटुवा जब्दी,4 गाउँ,63,आवासीय क्षेत्र
खुटुवा जब्दी,4 गाउँ,64,आवासीय क्षेत्र
खुटुवा जब्दी,4 गाउँ,65,आवासीय क्षेत्र
खुटुवा जब्दी,4 गाउँ,66,आवासीय क्षेत्र
खुटुवा जब्दी,4 गाउँ,67,आवासीय क्षेत्र
खुटुवा जब्दी,4 गाउँ,69,आवासीय क्षेत्र
खुटुवा जब्दी,4 गाउँ,70,आवासीय क्षेत्र
खुटुवा जब्दी,4 गाउँ,71,आवासीय क्षेत्र
खुटुवा जब्दी,4 गाउँ,72,आवासीय क्षेत्र
खुटुवा जब्दी,4 गाउँ,74,आवासीय क्षेत्र
खुटुवा जब्दी,4 गाउँ,75,सार्वजनिक उपयोगको क्षेत्र
खुटुवा जब्दी,4 गाउँ,78,आवासीय क्षेत्र
खुटुवा जब्दी,4 गाउँ,79,आवासीय क्षेत्र
खुटुवा जब्दी,4 गाउँ,80,आवासीय क्षेत्र
खुटुवा जब्दी,4 गाउँ,82,आवासीय क्षेत्र
खुटुवा जब्दी,4 गाउँ,84,आवासीय क्षेत्र
खुटुवा जब्दी,4 गाउँ,85,आवासीय क्षेत्र
खुटुवा जब्दी,4 गाउँ,87,आवासीय क्षेत्र
खुटुवा जब्दी,4 गाउँ,88,आवासीय क्षेत्र
खुटुवा जब्दी,4 गाउँ,89,आवासीय क्षेत्र
खुटुवा जब्दी,4 गाउँ,90,आवासीय क्षेत्र
खुटुवा जब्दी,4 गाउँ,92,आवासीय क्षेत्र
खुटुवा जब्दी,4 गाउँ,93,आवासीय क्षेत्र
खुटुवा जब्दी,4 गाउँ,94,आवासीय क्षेत्र
खुटुवा जब्दी,4 गाउँ,95,आवासीय क्षेत्र
खुटुवा जब्दी,4 गाउँ,96,आवासीय क्षेत्र
खुटुवा जब्दी,4 गाउँ,97,आवासीय क्षेत्र
खुटुवा जब्दी,4 गाउँ,98,आवासीय क्षेत्र
खुटुवा जब्दी,4 गाउँ,102,आवासीय क्षेत्र
खुटुवा जब्दी,4 गाउँ,103,आवासीय क्षेत्र
खुटुवा जब्दी,4 गाउँ,104,आवासीय क्षेत्र
खुटुवा जब्दी,4 गाउँ,106,आवासीय क्षेत्र
खुटुवा जब्दी,4 गाउँ,107,आवासीय क्षेत्र
खुटुवा जब्दी,4 गाउँ,108,आवासीय क्षेत्र
खुटुवा जब्दी,4 गाउँ,109,आवासीय क्षेत्र
खुटुवा जब्दी,4 गाउँ,112,आवासीय क्षेत्र
खुटुवा जब्दी,4 गाउँ,113,आवासीय क्षेत्र
खुटुवा जब्दी,4 गाउँ,114,आवासीय क्षेत्र
खुटुवा जब्दी,4 गाउँ,115,आवासीय क्षेत्र
खुटुवा जब्दी,4 गाउँ,116,आवासीय क्षेत्र
खुटुवा जब्दी,4 गाउँ,117,आवासीय क्षेत्र
खुटुवा जब्दी,4 गाउँ,118,आवासीय क्षेत्र
खुटुवा जब्दी,4 गाउँ,119,आवासीय क्षेत्र
खुटुवा जब्दी,4 गाउँ,120,आवासीय क्षेत्र
खुटुवा जब्दी,4 गाउँ,121,आवासीय क्षेत्र
खुटुवा जब्दी,4 गाउँ,122,आवासीय क्षेत्र
खुटुवा जब्दी,4 गाउँ,123,आवासीय क्षेत्र
खुटुवा जब्दी,4 गाउँ,124,आवासीय क्षेत्र
खुटुवा जब्दी,4 गाउँ,125,आवासीय क्षेत्र
खुटुवा जब्दी,4 गाउँ,126,आवासीय क्षेत्र
खुटुवा जब्दी,4 गाउँ,127,आवासीय क्षेत्र
खुटुवा जब्दी,4 गाउँ,128,आवासीय क्षेत्र
खुटुवा जब्दी,4 गाउँ,129,आवासीय क्षेत्र
खुटुवा जब्दी,4 गाउँ,130,आवासीय क्षेत्र
खुटुवा जब्दी,4 गाउँ,131,आवासीय क्षेत्र
खुटुवा जब्दी,4 गाउँ,132,आवासीय क्षेत्र
खुटुवा जब्दी,4 गाउँ,133,आवासीय क्षेत्र
खुटुवा जब्दी,5,0,सार्वजनिक उपयोगको क्षेत्र
खुटुवा जब्दी,5,39,आवासीय क्षेत्र
खुटुवा जब्दी,5,40,आवासीय क्षेत्र
खुटुवा जब्दी,5,49,आवासीय क्षेत्र
खुटुवा जब्दी,5,53,आवासीय क्षेत्र
खुटुवा जब्दी,5,54,आवासीय क्षेत्र
खुटुवा जब्दी,5,56,आवासीय क्षेत्र
खुटुवा जब्दी,5,61,आवासीय क्षेत्र
खुटुवा जब्दी,5,62,आवासीय क्षेत्र
खुटुवा जब्दी,5,63,आवासीय क्षेत्र
खुटुवा जब्दी,5,64,आवासीय क्षेत्र
खुटुवा जब्दी,5,65,आवासीय क्षेत्र
खुटुवा जब्दी,5,68,आवासीय क्षेत्र
खुटुवा जब्दी,5,69,आवासीय क्षेत्र
खुटुवा जब्दी,5,70,आवासीय क्षेत्र
खुटुवा जब्दी,5,71,आवासीय क्षेत्र
खुटुवा जब्दी,5,72,आवासीय क्षेत्र
खुटुवा जब्दी,5,74,आवासीय क्षेत्र
खुटुवा जब्दी,5,75,आवासीय क्षेत्र
खुटुवा जब्दी,5,76,आवासीय क्षेत्र
खुटुवा जब्दी,5,78,आवासीय क्षेत्र
खुटुवा जब्दी,5,99,आवासीय क्षेत्र
खुटुवा जब्दी,5,100,आवासीय क्षेत्र
खुटुवा जब्दी,5,111,आवासीय क्षेत्र
खुटुवा जब्दी,5,112,आवासीय क्षेत्र
खुटुवा जब्दी,5,115,आवासीय क्षेत्र
खुटुवा जब्दी,5,118,आवासीय क्षेत्र
खुटुवा जब्दी,5,120,आवासीय क्षेत्र
खुटुवा जब्दी,5,126,आवासीय क्षेत्र
खुटुवा जब्दी,5,130,आवासीय क्षेत्र
खुटुवा जब्दी,5,131,आवासीय क्षेत्र
खुटुवा जब्दी,5,133,आवासीय क्षेत्र
खुटुवा जब्दी,5,134,आवासीय क्षेत्र
खुटुवा जब्दी,5,146,आवासीय क्षेत्र
खुटुवा जब्दी,5,147,आवासीय क्षेत्र
खुटुवा जब्दी,5,148,आवासीय क्षेत्र
खुटुवा जब्दी,5,149,आवासीय क्षेत्र
खुटुवा जब्दी,5,150,आवासीय क्षेत्र
खुटुवा जब्दी,5,156,आवासीय क्षेत्र
खुटुवा जब्दी,5,193,आवासीय क्षेत्र
खुटुवा जब्दी,5,194,आवासीय क्षेत्र
खुटुवा जब्दी,5,195,आवासीय क्षेत्र
खुटुवा जब्दी,5,196,आवासीय क्षेत्र
खुटुवा जब्दी,5,219,आवासीय क्षेत्र
खुटुवा जब्दी,5,221,आवासीय क्षेत्र
खुटुवा जब्दी,5,222,आवासीय क्षेत्र
खुटुवा जब्दी,5,224,आवासीय क्षेत्र
खुटुवा जब्दी,5,225,आवासीय क्षेत्र
खुटुवा जब्दी,5,231,आवासीय क्षेत्र
खुटुवा जब्दी,5,232,आवासीय क्षेत्र
खुटुवा जब्दी,5,234,आवासीय क्षेत्र
खुटुवा जब्दी,5,243,आवासीय क्षेत्र
खुटुवा जब्दी,5,249,आवासीय क्षेत्र
खुटुवा जब्दी,5,250,आवासीय क्षेत्र
खुटुवा जब्दी,5,268,आवासीय क्षेत्र
खुटुवा जब्दी,5,269,आवासीय क्षेत्र
खुटुवा जब्दी,5,270,आवासीय क्षेत्र
खुटुवा जब्दी,5,271,आवासीय क्षेत्र
खुटुवा जब्दी,5,272,आवासीय क्षेत्र
खुटुवा जब्दी,5,295,आवासीय क्षेत्र
खुटुवा जब्दी,5,296,आवासीय क्षेत्र
खुटुवा जब्दी,5,304,आवासीय क्षेत्र
खुटुवा जब्दी,5,305,आवासीय क्षेत्र
खुटुवा जब्दी,5,306,आवासीय क्षेत्र
खुटुवा जब्दी,5,310,आवासीय क्षेत्र
खुटुवा जब्दी,5,311,आवासीय क्षेत्र
खुटुवा जब्दी,5,326,आवासीय क्षेत्र
खुटुवा जब्दी,5,332,आवासीय क्षेत्र
खुटुवा जब्दी,5,335,आवासीय क्षेत्र
खुटुवा जब्दी,5,336,आवासीय क्षेत्र
खुटुवा जब्दी,5,337,आवासीय क्षेत्र
खुटुवा जब्दी,5,338,आवासीय क्षेत्र
खुटुवा जब्दी,5,339,आवासीय क्षेत्र
खुटुवा जब्दी,5 गाउँ,1,आवासीय क्षेत्र
खुटुवा जब्दी,5 गाउँ,2,आवासीय क्षेत्र
खुटुवा जब्दी,5 गाउँ,3,आवासीय क्षेत्र
खुटुवा जब्दी,5 गाउँ,4,आवासीय क्षेत्र
खुटुवा जब्दी,5 गाउँ,5,आवासीय क्षेत्र
खुटुवा जब्दी,5 गाउँ,6,आवासीय क्षेत्र
खुटुवा जब्दी,5 गाउँ,7,आवासीय क्षेत्र
खुटुवा जब्दी,5 गाउँ,8,आवासीय क्षेत्र
खुटुवा जब्दी,5 गाउँ,9,आवासीय क्षेत्र
खुटुवा जब्दी,5 गाउँ,10,आवासीय क्षेत्र
खुटुवा जब्दी,5 गाउँ,11,आवासीय क्षेत्र
खुटुवा जब्दी,5 गाउँ,12,आवासीय क्षेत्र
खुटुवा जब्दी,5 गाउँ,13,आवासीय क्षेत्र
खुटुवा जब्दी,5 गाउँ,14,आवासीय क्षेत्र
खुटुवा जब्दी,5 गाउँ,15,आवासीय क्षेत्र
खुटुवा जब्दी,5 गाउँ,16,आवासीय क्षेत्र
खुटुवा जब्दी,5 गाउँ,17,आवासीय क्षेत्र
खुटुवा जब्दी,5 गाउँ,18,आवासीय क्षेत्र
खुटुवा जब्दी,5 गाउँ,19,आवासीय क्षेत्र
खुटुवा जब्दी,5 गाउँ,20,आवासीय क्षेत्र
खुटुवा जब्दी,5 गाउँ,22,आवासीय क्षेत्र
खुटुवा जब्दी,5 गाउँ,23,आवासीय क्षेत्र
खुटुवा जब्दी,5 गाउँ,24,आवासीय क्षेत्र
खुटुवा जब्दी,5 गाउँ,25,आवासीय क्षेत्र
खुटुवा जब्दी,5 गाउँ,26,आवासीय क्षेत्र
खुटुवा जब्दी,5 गाउँ,27,आवासीय क्षेत्र
खुटुवा जब्दी,5 गाउँ,28,आवासीय क्षेत्र
खुटुवा जब्दी,5 गाउँ,29,आवासीय क्षेत्र
खुटुवा जब्दी,5 गाउँ,30,आवासीय क्षेत्र
खुटुवा जब्दी,5 गाउँ,31,सार्वजनिक उपयोगको क्षेत्र
खुटुवा जब्दी,5 गाउँ,32,आवासीय क्षेत्र
खुटुवा जब्दी,5 गाउँ,34,आवासीय क्षेत्र
खुटुवा जब्दी,5 गाउँ,36,आवासीय क्षेत्र
खुटुवा जब्दी,5 गाउँ,37,आवासीय क्षेत्र
खुटुवा जब्दी,6,0,सार्वजनिक उपयोगको क्षेत्र
खुटुवा जब्दी,6,0,सार्वजनिक उपयोगको क्षेत्र
खुटुवा जब्दी,6,0,सार्वजनिक उपयोगको क्षेत्र
खुटुवा जब्दी,6,1,आवासीय क्षेत्र
खुटुवा जब्दी,6,2,आवासीय क्षेत्र
खुटुवा जब्दी,6,6,आवासीय क्षेत्र
खुटुवा जब्दी,6,7,आवासीय क्षेत्र
खुटुवा जब्दी,6,8,आवासीय क्षेत्र
खुटुवा जब्दी,6,9,आवासीय क्षेत्र
खुटुवा जब्दी,6,12,आवासीय क्षेत्र
खुटुवा जब्दी,6,13,आवासीय क्षेत्र
खुटुवा जब्दी,6,14,आवासीय क्षेत्र
खुटुवा जब्दी,6,15,आवासीय क्षेत्र
खुटुवा जब्दी,6,16,आवासीय क्षेत्र
खुटुवा जब्दी,6,18,आवासीय क्षेत्र
खुटुवा जब्दी,6,20,आवासीय क्षेत्र
खुटुवा जब्दी,6,21,आवासीय क्षेत्र
खुटुवा जब्दी,6,25,कृषि क्षेत्र
खुटुवा जब्दी,6,26,कृषि क्षेत्र
खुटुवा जब्दी,6,27,आवासीय क्षेत्र
खुटुवा जब्दी,6,29,आवासीय क्षेत्र
खुटुवा जब्दी,6,31,कृषि क्षेत्र
खुटुवा जब्दी,6,32,सार्वजनिक उपयोगको क्षेत्र
खुटुवा जब्दी,6,34,कृषि क्षेत्र
खुटुवा जब्दी,6,36,आवासीय क्षेत्र
खुटुवा जब्दी,6,39,आवासीय क्षेत्र
खुटुवा जब्दी,6,40,आवासीय क्षेत्र
खुटुवा जब्दी,6,42,आवासीय क्षेत्र
खुटुवा जब्दी,6,43,कृषि क्षेत्र
खुटुवा जब्दी,6,44,आवासीय क्षेत्र
खुटुवा जब्दी,6,45,कृषि क्षेत्र
खुटुवा जब्दी,6,46,कृषि क्षेत्र
खुटुवा जब्दी,6,47,आवासीय क्षेत्र
खुटुवा जब्दी,6,50,आवासीय क्षेत्र
खुटुवा जब्दी,6,51,आवासीय क्षेत्र
खुटुवा जब्दी,6,53,कृषि क्षेत्र
खुटुवा जब्दी,6,55,कृषि क्षेत्र
खुटुवा जब्दी,6,56,कृषि क्षेत्र
खुटुवा जब्दी,6,58,कृषि क्षेत्र
खुटुवा जब्दी,6,59,कृषि क्षेत्र
खुटुवा जब्दी,6,62,कृषि क्षेत्र
खुटुवा जब्दी,6,63,कृषि क्षेत्र
खुटुवा जब्दी,6,64,कृषि क्षेत्र
खुटुवा जब्दी,6,66,कृषि क्षेत्र
खुटुवा जब्दी,6,67,कृषि क्षेत्र
खुटुवा जब्दी,6,68,कृषि क्षेत्र
खुटुवा जब्दी,6,71,आवासीय क्षेत्र
खुटुवा जब्दी,6,75,आवासीय क्षेत्र
खुटुवा जब्दी,6,77,आवासीय क्षेत्र
खुटुवा जब्दी,6,78,आवासीय क्षेत्र
खुटुवा जब्दी,6,80,आवासीय क्षेत्र
खुटुवा जब्दी,6,81,आवासीय क्षेत्र
खुटुवा जब्दी,6,82,आवासीय क्षेत्र
खुटुवा जब्दी,6,84,आवासीय क्षेत्र
खुटुवा जब्दी,6,86,आवासीय क्षेत्र
खुटुवा जब्दी,6,87,आवासीय क्षेत्र
खुटुवा जब्दी,6,89,आवासीय क्षेत्र
खुटुवा जब्दी,6,92,आवासीय क्षेत्र
खुटुवा जब्दी,6,96,आवासीय क्षेत्र
खुटुवा जब्दी,6,97,आवासीय क्षेत्र
खुटुवा जब्दी,6,98,आवासीय क्षेत्र
खुटुवा जब्दी,6,100,आवासीय क्षेत्र
खुटुवा जब्दी,6,101,आवासीय क्षेत्र
खुटुवा जब्दी,6,102,आवासीय क्षेत्र
खुटुवा जब्दी,6,103,आवासीय क्षेत्र
खुटुवा जब्दी,6,104,आवासीय क्षेत्र
खुटुवा जब्दी,6,105,आवासीय क्षेत्र
खुटुवा जब्दी,6,107,आवासीय क्षेत्र
खुटुवा जब्दी,6,109,आवासीय क्षेत्र
खुटुवा जब्दी,6,111,आवासीय क्षेत्र
खुटुवा जब्दी,6,112,आवासीय क्षेत्र
खुटुवा जब्दी,6,113,आवासीय क्षेत्र
खुटुवा जब्दी,6,114,आवासीय क्षेत्र
खुटुवा जब्दी,6,115,आवासीय क्षेत्र
खुटुवा जब्दी,6,117,आवासीय क्षेत्र
खुटुवा जब्दी,6,119,आवासीय क्षेत्र
खुटुवा जब्दी,6,120,आवासीय क्षेत्र
खुटुवा जब्दी,6,121,आवासीय क्षेत्र
खुटुवा जब्दी,6,123,आवासीय क्षेत्र
खुटुवा जब्दी,6,124,आवासीय क्षेत्र
खुटुवा जब्दी,6,125,आवासीय क्षेत्र
खुटुवा जब्दी,6,128,आवासीय क्षेत्र
खुटुवा जब्दी,6,129,आवासीय क्षेत्र
खुटुवा जब्दी,6,130,आवासीय क्षेत्र
खुटुवा जब्दी,6,131,आवासीय क्षेत्र
खुटुवा जब्दी,6,133,आवासीय क्षेत्र
खुटुवा जब्दी,6,137,आवासीय क्षेत्र
खुटुवा जब्दी,6,138,आवासीय क्षेत्र
खुटुवा जब्दी,6,139,आवासीय क्षेत्र
खुटुवा जब्दी,6,140,आवासीय क्षेत्र
खुटुवा जब्दी,6,141,आवासीय क्षेत्र
खुटुवा जब्दी,6,142,आवासीय क्षेत्र
खुटुवा जब्दी,6,143,आवासीय क्षेत्र
खुटुवा जब्दी,6,145,आवासीय क्षेत्र
खुटुवा जब्दी,6,146,आवासीय क्षेत्र
खुटुवा जब्दी,6,147,आवासीय क्षेत्र
खुटुवा जब्दी,6,148,आवासीय क्षेत्र
खुटुवा जब्दी,6,149,आवासीय क्षेत्र
खुटुवा जब्दी,6,150,आवासीय क्षेत्र
खुटुवा जब्दी,6,151,आवासीय क्षेत्र
खुटुवा जब्दी,6,152,आवासीय क्षेत्र
खुटुवा जब्दी,6,153,आवासीय क्षेत्र
खुटुवा जब्दी,6,154,आवासीय क्षेत्र
खुटुवा जब्दी,6,155,आवासीय क्षेत्र
खुटुवा जब्दी,6,156,आवासीय क्षेत्र
खुटुवा जब्दी,6,157,आवासीय क्षेत्र
खुटुवा जब्दी,6,161,आवासीय क्षेत्र
खुटुवा जब्दी,6,162,आवासीय क्षेत्र
खुटुवा जब्दी,6,164,आवासीय क्षेत्र
खुटुवा जब्दी,6,165,आवासीय क्षेत्र
खुटुवा जब्दी,6,168,आवासीय क्षेत्र
खुटुवा जब्दी,6,169,आवासीय क्षेत्र
खुटुवा जब्दी,6,170,आवासीय क्षेत्र
खुटुवा जब्दी,6,173,आवासीय क्षेत्र
खुटुवा जब्दी,6,174,आवासीय क्षेत्र
खुटुवा जब्दी,6,177,आवासीय क्षेत्र
खुटुवा जब्दी,6,178,आवासीय क्षेत्र
खुटुवा जब्दी,6,181,आवासीय क्षेत्र
खुटुवा जब्दी,6,182,आवासीय क्षेत्र
खुटुवा जब्दी,6,183,आवासीय क्षेत्र
खुटुवा जब्दी,6,184,आवासीय क्षेत्र
खुटुवा जब्दी,6,186,आवासीय क्षेत्र
खुटुवा जब्दी,6,187,आवासीय क्षेत्र
खुटुवा जब्दी,6,188,आवासीय क्षेत्र
खुटुवा जब्दी,6,189,आवासीय क्षेत्र
खुटुवा जब्दी,6,191,आवासीय क्षेत्र
खुटुवा जब्दी,6,192,आवासीय क्षेत्र
खुटुवा जब्दी,6,193,आवासीय क्षेत्र
खुटुवा जब्दी,6,194,आवासीय क्षेत्र
खुटुवा जब्दी,6,195,आवासीय क्षेत्र
खुटुवा जब्दी,6,196,आवासीय क्षेत्र
खुटुवा जब्दी,6,197,आवासीय क्षेत्र
खुटुवा जब्दी,6,199,आवासीय क्षेत्र
खुटुवा जब्दी,6,200,आवासीय क्षेत्र
खुटुवा जब्दी,6,201,आवासीय क्षेत्र
खुटुवा जब्दी,6,202,आवासीय क्षेत्र
खुटुवा जब्दी,6,203,आवासीय क्षेत्र
खुटुवा जब्दी,6,204,आवासीय क्षेत्र
खुटुवा जब्दी,6,206,आवासीय क्षेत्र
खुटुवा जब्दी,6,207,आवासीय क्षेत्र
खुटुवा जब्दी,6,209,आवासीय क्षेत्र
खुटुवा जब्दी,6,210,आवासीय क्षेत्र
खुटुवा जब्दी,6,211,आवासीय क्षेत्र
खुटुवा जब्दी,6,212,आवासीय क्षेत्र
खुटुवा जब्दी,6,213,आवासीय क्षेत्र
खुटुवा जब्दी,6,214,आवासीय क्षेत्र
खुटुवा जब्दी,6,215,आवासीय क्षेत्र
खुटुवा जब्दी,6,220,आवासीय क्षेत्र
खुटुवा जब्दी,6,221,आवासीय क्षेत्र
खुटुवा जब्दी,6,222,आवासीय क्षेत्र
खुटुवा जब्दी,6,223,आवासीय क्षेत्र
खुटुवा जब्दी,6,224,कृषि क्षेत्र
खुटुवा जब्दी,6,225,कृषि क्षेत्र
खुटुवा जब्दी,6,226,कृषि क्षेत्र
खुटुवा जब्दी,6,228,"नदी, खोला, ताल, सिमसार क्षेत्र"
खुटुवा जब्दी,6,229,कृषि क्षेत्र
खुटुवा जब्दी,6,230,कृषि क्षेत्र
खुटुवा जब्दी,6,231,कृषि क्षेत्र
खुटुवा जब्दी,6,232,कृषि क्षेत्र
खुटुवा जब्दी,6,233,आवासीय क्षेत्र
खुटुवा जब्दी,6,235,आवासीय क्षेत्र
खुटुवा जब्दी,6,239,आवासीय क्षेत्र
खुटुवा जब्दी,6,244,आवासीय क्षेत्र
खुटुवा जब्दी,6,245,आवासीय क्षेत्र
खुटुवा जब्दी,6,249,"नदी, खोला, ताल, सिमसार क्षेत्र"
खुटुवा जब्दी,6,250,कृषि क्षेत्र
खुटुवा जब्दी,6,251,आवासीय क्षेत्र
खुटुवा जब्दी,6,253,कृषि क्षेत्र
खुटुवा जब्दी,6,254,कृषि क्षेत्र
खुटुवा जब्दी,6,255,कृषि क्षेत्र
खुटुवा जब्दी,6,261,कृषि क्षेत्र
खुटुवा जब्दी,6,262,कृषि क्षेत्र
खुटुवा जब्दी,6,264,आवासीय क्षेत्र
खुटुवा जब्दी,6,265,कृषि क्षेत्र
खुटुवा जब्दी,6,267,आवासीय क्षेत्र
खुटुवा जब्दी,6,268,आवासीय क्षेत्र
खुटुवा जब्दी,6,269,आवासीय क्षेत्र
खुटुवा जब्दी,6,270,आवासीय क्षेत्र
खुटुवा जब्दी,6,275,आवासीय क्षेत्र
खुटुवा जब्दी,6,276,आवासीय क्षेत्र
खुटुवा जब्दी,6,277,आवासीय क्षेत्र
खुटुवा जब्दी,6,279,कृषि क्षेत्र
खुटुवा जब्दी,6,281,आवासीय क्षेत्र
खुटुवा जब्दी,6,291,आवासीय क्षेत्र
खुटुवा जब्दी,6,293,आवासीय क्षेत्र
खुटुवा जब्दी,6,294,आवासीय क्षेत्र
खुटुवा जब्दी,6,295,आवासीय क्षेत्र
खुटुवा जब्दी,6,298,आवासीय क्षेत्र
खुटुवा जब्दी,6,300,आवासीय क्षेत्र
खुटुवा जब्दी,6,301,आवासीय क्षेत्र
खुटुवा जब्दी,6,302,आवासीय क्षेत्र
खुटुवा जब्दी,6,303,औद्योगिक क्षेत्र
खुटुवा जब्दी,6,304,औद्योगिक क्षेत्र
खुटुवा जब्दी,6,305,आवासीय क्षेत्र
खुटुवा जब्दी,6,315,आवासीय क्षेत्र
खुटुवा जब्दी,6,316,आवासीय क्षेत्र
खुटुवा जब्दी,6,320,आवासीय क्षेत्र
खुटुवा जब्दी,6,322,आवासीय क्षेत्र
खुटुवा जब्दी,6,324,आवासीय क्षेत्र
खुटुवा जब्दी,6,325,आवासीय क्षेत्र
खुटुवा जब्दी,6,339,आवासीय क्षेत्र
खुटुवा जब्दी,6,341,आवासीय क्षेत्र
खुटुवा जब्दी,6,342,आवासीय क्षेत्र
खुटुवा जब्दी,6,344,आवासीय क्षेत्र
खुटुवा जब्दी,6,348,आवासीय क्षेत्र
खुटुवा जब्दी,6,349,आवासीय क्षेत्र
खुटुवा जब्दी,6,350,आवासीय क्षेत्र
खुटुवा जब्दी,6,351,आवासीय क्षेत्र
खुटुवा जब्दी,6,352,आवासीय क्षेत्र
खुटुवा जब्दी,6,354,आवासीय क्षेत्र
खुटुवा जब्दी,6,355,कृषि क्षेत्र
खुटुवा जब्दी,6,356,कृषि क्षेत्र
खुटुवा जब्दी,6,357,कृषि क्षेत्र
खुटुवा जब्दी,6,358,कृषि क्षेत्र
खुटुवा जब्दी,6,359,आवासीय क्षेत्र
खुटुवा जब्दी,6,360,आवासीय क्षेत्र
खुटुवा जब्दी,6,367,आवासीय क्षेत्र
खुटुवा जब्दी,6,368,आवासीय क्षेत्र
खुटुवा जब्दी,6,374,आवासीय क्षेत्र
खुटुवा जब्दी,6,375,आवासीय क्षेत्र
खुटुवा जब्दी,6,378,आवासीय क्षेत्र
खुटुवा जब्दी,6,381,आवासीय क्षेत्र
खुटुवा जब्दी,6,382,आवासीय क्षेत्र
खुटुवा जब्दी,6,382,आवासीय क्षेत्र
खुटुवा जब्दी,6,383,आवासीय क्षेत्र
खुटुवा जब्दी,6,384,आवासीय क्षेत्र
खुटुवा जब्दी,6,386,आवासीय क्षेत्र
खुटुवा जब्दी,6,394,आवासीय क्षेत्र
खुटुवा जब्दी,6,395,आवासीय क्षेत्र
खुटुवा जब्दी,6,399,आवासीय क्षेत्र
खुटुवा जब्दी,6,400,आवासीय क्षेत्र
खुटुवा जब्दी,6,401,आवासीय क्षेत्र
खुटुवा जब्दी,6,404,आवासीय क्षेत्र
खुटुवा जब्दी,6,405,आवासीय क्षेत्र
खुटुवा जब्दी,6,406,आवासीय क्षेत्र
खुटुवा जब्दी,6,407,आवासीय क्षेत्र
खुटुवा जब्दी,6,409,आवासीय क्षेत्र
खुटुवा जब्दी,6,412,आवासीय क्षेत्र
खुटुवा जब्दी,6,414,आवासीय क्षेत्र
खुटुवा जब्दी,6,415,कृषि क्षेत्र
खुटुवा जब्दी,6,415,आवासीय क्षेत्र
खुटुवा जब्दी,6,416,कृषि क्षेत्र
खुटुवा जब्दी,6,417,आवासीय क्षेत्र
खुटुवा जब्दी,6,418,आवासीय क्षेत्र
खुटुवा जब्दी,6,420,आवासीय क्षेत्र
खुटुवा जब्दी,6,421,आवासीय क्षेत्र
खुटुवा जब्दी,6,422,कृषि क्षेत्र
खुटुवा जब्दी,6,428,आवासीय क्षेत्र
खुटुवा जब्दी,6,429,आवासीय क्षेत्र
खुटुवा जब्दी,6,432,आवासीय क्षेत्र
खुटुवा जब्दी,6,433,आवासीय क्षेत्र
खुटुवा जब्दी,6,442,आवासीय क्षेत्र
खुटुवा जब्दी,6,443,आवासीय क्षेत्र
खुटुवा जब्दी,6,444,आवासीय क्षेत्र
खुटुवा जब्दी,6,445,आवासीय क्षेत्र
खुटुवा जब्दी,6,450,आवासीय क्षेत्र
खुटुवा जब्दी,6,451,आवासीय क्षेत्र
खुटुवा जब्दी,6,454,कृषि क्षेत्र
खुटुवा जब्दी,6,455,कृषि क्षेत्र
खुटुवा जब्दी,6,456,आवासीय क्षेत्र
खुटुवा जब्दी,6,457,आवासीय क्षेत्र
खुटुवा जब्दी,6,470,आवासीय क्षेत्र
खुटुवा जब्दी,6,471,आवासीय क्षेत्र
खुटुवा जब्दी,6,473,कृषि क्षेत्र
खुटुवा जब्दी,6,474,कृषि क्षेत्र
खुटुवा जब्दी,6,475,आवासीय क्षेत्र
खुटुवा जब्दी,6,498,आवासीय क्षेत्र
खुटुवा जब्दी,6,499,आवासीय क्षेत्र
खुटुवा जब्दी,6,500,कृषि क्षेत्र
खुटुवा जब्दी,6,501,कृषि क्षेत्र
खुटुवा जब्दी,6,507,कृषि क्षेत्र
खुटुवा जब्दी,6,509,आवासीय क्षेत्र
खुटुवा जब्दी,6,510,आवासीय क्षेत्र
खुटुवा जब्दी,6,518,आवासीय क्षेत्र
खुटुवा जब्दी,6,519,आवासीय क्षेत्र
खुटुवा जब्दी,6,522,कृषि क्षेत्र
खुटुवा जब्दी,6,523,कृषि क्षेत्र
खुटुवा जब्दी,6,524,आवासीय क्षेत्र
खुटुवा जब्दी,6,524,आवासीय क्षेत्र
खुटुवा जब्दी,6,525,आवासीय क्षेत्र
खुटुवा जब्दी,6,530,आवासीय क्षेत्र
खुटुवा जब्दी,6,536,आवासीय क्षेत्र
खुटुवा जब्दी,6,537,आवासीय क्षेत्र
खुटुवा जब्दी,6,543,कृषि क्षेत्र
खुटुवा जब्दी,6,544,कृषि क्षेत्र
खुटुवा जब्दी,6,545,आवासीय क्षेत्र
खुटुवा जब्दी,6,546,आवासीय क्षेत्र
खुटुवा जब्दी,6,547,आवासीय क्षेत्र
खुटुवा जब्दी,6,548,आवासीय क्षेत्र
खुटुवा जब्दी,6,549,कृषि क्षेत्र
खुटुवा जब्दी,6,552,आवासीय क्षेत्र
खुटुवा जब्दी,6,555,आवासीय क्षेत्र
खुटुवा जब्दी,6,556,आवासीय क्षेत्र
खुटुवा जब्दी,6,557,आवासीय क्षेत्र
खुटुवा जब्दी,6,560,आवासीय क्षेत्र
खुटुवा जब्दी,6,561,आवासीय क्षेत्र
खुटुवा जब्दी,6,562,आवासीय क्षेत्र
खुटुवा जब्दी,6,563,आवासीय क्षेत्र
खुटुवा जब्दी,6,566,आवासीय क्षेत्र
खुटुवा जब्दी,6,567,आवासीय क्षेत्र
खुटुवा जब्दी,6,568,आवासीय क्षेत्र
खुटुवा जब्दी,6,570,कृषि क्षेत्र
खुटुवा जब्दी,6,571,कृषि क्षेत्र
खुटुवा जब्दी,6,572,आवासीय क्षेत्र
खुटुवा जब्दी,6,573,आवासीय क्षेत्र
खुटुवा जब्दी,6,577,आवासीय क्षेत्र
खुटुवा जब्दी,6,578,आवासीय क्षेत्र
खुटुवा जब्दी,6,585,आवासीय क्षेत्र
खुटुवा जब्दी,6,586,आवासीय क्षेत्र
खुटुवा जब्दी,6,587,आवासीय क्षेत्र
खुटुवा जब्दी,6,611,आवासीय क्षेत्र
खुटुवा जब्दी,6,617,आवासीय क्षेत्र
खुटुवा जब्दी,6,618,आवासीय क्षेत्र
खुटुवा जब्दी,6,619,आवासीय क्षेत्र
खुटुवा जब्दी,6,620,आवासीय क्षेत्र
खुटुवा जब्दी,6,635,आवासीय क्षेत्र
खुटुवा जब्दी,6,636,आवासीय क्षेत्र
खुटुवा जब्दी,6,637,कृषि क्षेत्र
खुटुवा जब्दी,6,648,आवासीय क्षेत्र
खुटुवा जब्दी,6,649,आवासीय क्षेत्र
खुटुवा जब्दी,6,650,आवासीय क्षेत्र
खुटुवा जब्दी,6,651,आवासीय क्षेत्र
खुटुवा जब्दी,6,660,आवासीय क्षेत्र
खुटुवा जब्दी,6,661,आवासीय क्षेत्र
खुटुवा जब्दी,6,666,आवासीय क्षेत्र
खुटुवा जब्दी,6,667,आवासीय क्षेत्र
खुटुवा जब्दी,6,678,औद्योगिक क्षेत्र
खुटुवा जब्दी,6,678,औद्योगिक क्षेत्र
खुटुवा जब्दी,6,679,औद्योगिक क्षेत्र
खुटुवा जब्दी,6,682,आवासीय क्षेत्र
खुटुवा जब्दी,6,687,आवासीय क्षेत्र
खुटुवा जब्दी,6,688,आवासीय क्षेत्र
खुटुवा जब्दी,6,689,आवासीय क्षेत्र
खुटुवा जब्दी,6,691,आवासीय क्षेत्र
खुटुवा जब्दी,6,693,आवासीय क्षेत्र
खुटुवा जब्दी,6,705,आवासीय क्षेत्र
खुटुवा जब्दी,6,706,आवासीय क्षेत्र
खुटुवा जब्दी,6,709,आवासीय क्षेत्र
खुटुवा जब्दी,6,711,कृषि क्षेत्र
खुटुवा जब्दी,6,712,कृषि क्षेत्र
खुटुवा जब्दी,6,715,आवासीय क्षेत्र
खुटुवा जब्दी,6,716,आवासीय क्षेत्र
खुटुवा जब्दी,6,717,आवासीय क्षेत्र
खुटुवा जब्दी,6,728,कृषि क्षेत्र
खुटुवा जब्दी,6,729,कृषि क्षेत्र
खुटुवा जब्दी,6,734,कृषि क्षेत्र
खुटुवा जब्दी,6,736,आवासीय क्षेत्र
खुटुवा जब्दी,6,745,कृषि क्षेत्र
खुटुवा जब्दी,6,746,आवासीय क्षेत्र
खुटुवा जब्दी,6,747,आवासीय क्षेत्र
खुटुवा जब्दी,6,755,कृषि क्षेत्र
खुटुवा जब्दी,6,756,कृषि क्षेत्र
खुटुवा जब्दी,6,757,कृषि क्षेत्र
खुटुवा जब्दी,6,760,आवासीय क्षेत्र
खुटुवा जब्दी,6,761,आवासीय क्षेत्र
खुटुवा जब्दी,6,793,कृषि क्षेत्र
खुटुवा जब्दी,6,794,आवासीय क्षेत्र
खुटुवा जब्दी,6,798,आवासीय क्षेत्र
खुटुवा जब्दी,6,799,आवासीय क्षेत्र
खुटुवा जब्दी,6,800,आवासीय क्षेत्र
खुटुवा जब्दी,6,801,आवासीय क्षेत्र
खुटुवा जब्दी,6,802,आवासीय क्षेत्र
खुटुवा जब्दी,6,804,आवासीय क्षेत्र
खुटुवा जब्दी,6,805,आवासीय क्षेत्र
खुटुवा जब्दी,6,808,कृषि क्षेत्र
खुटुवा जब्दी,6,809,कृषि क्षेत्र
खुटुवा जब्दी,6,824,आवासीय क्षेत्र
खुटुवा जब्दी,6,825,आवासीय क्षेत्र
खुटुवा जब्दी,6,829,आवासीय क्षेत्र
खुटुवा जब्दी,6,839,आवासीय क्षेत्र
खुटुवा जब्दी,6,846,आवासीय क्षेत्र
खुटुवा जब्दी,6,859,आवासीय क्षेत्र
खुटुवा जब्दी,6,860,औद्योगिक क्षेत्र
खुटुवा जब्दी,6,864,आवासीय क्षेत्र
खुटुवा जब्दी,6,866,आवासीय क्षेत्र
खुटुवा जब्दी,6,879,आवासीय क्षेत्र
खुटुवा जब्दी,6,880,आवासीय क्षेत्र
खुटुवा जब्दी,6,882,आवासीय क्षेत्र
खुटुवा जब्दी,6,882,आवासीय क्षेत्र
खुटुवा जब्दी,6,882,आवासीय क्षेत्र
खुटुवा जब्दी,6,885,आवासीय क्षेत्र
खुटुवा जब्दी,6,886,आवासीय क्षेत्र
खुटुवा जब्दी,6,887,कृषि क्षेत्र
खुटुवा जब्दी,6,888,कृषि क्षेत्र
खुटुवा जब्दी,6,910,आवासीय क्षेत्र
खुटुवा जब्दी,6,911,आवासीय क्षेत्र
खुटुवा जब्दी,6,914,आवासीय क्षेत्र
खुटुवा जब्दी,6,915,आवासीय क्षेत्र
खुटुवा जब्दी,6,916,व्यावसायिक क्षेत्र
खुटुवा जब्दी,6,922,आवासीय क्षेत्र
खुटुवा जब्दी,6,923,आवासीय क्षेत्र
खुटुवा जब्दी,6,926,आवासीय क्षेत्र
खुटुवा जब्दी,6,932,आवासीय क्षेत्र
खुटुवा जब्दी,6,933,आवासीय क्षेत्र
खुटुवा जब्दी,6,934,आवासीय क्षेत्र
खुटुवा जब्दी,6,935,आवासीय क्षेत्र
खुटुवा जब्दी,6,936,आवासीय क्षेत्र
खुटुवा जब्दी,6,937,आवासीय क्षेत्र
खुटुवा जब्दी,6,938,आवासीय क्षेत्र
खुटुवा जब्दी,6,940,आवासीय क्षेत्र
खुटुवा जब्दी,6,941,आवासीय क्षेत्र
खुटुवा जब्दी,6,942,आवासीय क्षेत्र
खुटुवा जब्दी,6,945,व्यावसायिक क्षेत्र
खुटुवा जब्दी,6,945,व्यावसायिक क्षेत्र
खुटुवा जब्दी,6,945,व्यावसायिक क्षेत्र
खुटुवा जब्दी,6,945,व्यावसायिक क्षेत्र
खुटुवा जब्दी,6,948,आवासीय क्षेत्र
खुटुवा जब्दी,6,952,आवासीय क्षेत्र
खुटुवा जब्दी,6,953,आवासीय क्षेत्र
खुटुवा जब्दी,6,958,आवासीय क्षेत्र
खुटुवा जब्दी,6,960,आवासीय क्षेत्र
खुटुवा जब्दी,6,965,आवासीय क्षेत्र
खुटुवा जब्दी,6,967,आवासीय क्षेत्र
खुटुवा जब्दी,6,968,आवासीय क्षेत्र
खुटुवा जब्दी,6,972,आवासीय क्षेत्र
खुटुवा जब्दी,6,973,आवासीय क्षेत्र
खुटुवा जब्दी,6,977,आवासीय क्षेत्र
खुटुवा जब्दी,6,978,आवासीय क्षेत्र
खुटुवा जब्दी,6,979,आवासीय क्षेत्र
खुटुवा जब्दी,6,980,आवासीय क्षेत्र
खुटुवा जब्दी,6,981,आवासीय क्षेत्र
खुटुवा जब्दी,6,986,आवासीय क्षेत्र
खुटुवा जब्दी,6,988,आवासीय क्षेत्र
खुटुवा जब्दी,6,989,आवासीय क्षेत्र
खुटुवा जब्दी,6,990,आवासीय क्षेत्र
खुटुवा जब्दी,6,991,आवासीय क्षेत्र
खुटुवा जब्दी,6,992,आवासीय क्षेत्र
खुटुवा जब्दी,6,993,आवासीय क्षेत्र
खुटुवा जब्दी,6,994,आवासीय क्षेत्र
खुटुवा जब्दी,6,995,आवासीय क्षेत्र
खुटुवा जब्दी,6,996,आवासीय क्षेत्र
खुटुवा जब्दी,6,997,आवासीय क्षेत्र
खुटुवा जब्दी,6,998,आवासीय क्षेत्र
खुटुवा जब्दी,6,999,आवासीय क्षेत्र
खुटुवा जब्दी,6,1000,आवासीय क्षेत्र
खुटुवा जब्दी,6,1002,आवासीय क्षेत्र
खुटुवा जब्दी,6,1017,आवासीय क्षेत्र
खुटुवा जब्दी,6,1018,आवासीय क्षेत्र
खुटुवा जब्दी,6,1021,आवासीय क्षेत्र
खुटुवा जब्दी,6,1023,व्यावसायिक क्षेत्र
खुटुवा जब्दी,6,1024,व्यावसायिक क्षेत्र
खुटुवा जब्दी,6,1026,व्यावसायिक क्षेत्र
खुटुवा जब्दी,6,1028,आवासीय क्षेत्र
खुटुवा जब्दी,6,1029,आवासीय क्षेत्र
खुटुवा जब्दी,6,1030,औद्योगिक क्षेत्र
खुटुवा जब्दी,6,1031,औद्योगिक क्षेत्र
खुटुवा जब्दी,6,1032,औद्योगिक क्षेत्र
खुटुवा जब्दी,6,1040,आवासीय क्षेत्र
खुटुवा जब्दी,6,1041,आवासीय क्षेत्र
खुटुवा जब्दी,6,1050,आवासीय क्षेत्र
खुटुवा जब्दी,6,1051,आवासीय क्षेत्र
खुटुवा जब्दी,6,1052,आवासीय क्षेत्र
खुटुवा जब्दी,6,1053,आवासीय क्षेत्र
खुटुवा जब्दी,6,1057,आवासीय क्षेत्र
खुटुवा जब्दी,6,1059,आवासीय क्षेत्र
खुटुवा जब्दी,6,1060,आवासीय क्षेत्र
खुटुवा जब्दी,6,1062,आवासीय क्षेत्र
खुटुवा जब्दी,6,1065,आवासीय क्षेत्र
खुटुवा जब्दी,6,1066,आवासीय क्षेत्र
खुटुवा जब्दी,6,1067,आवासीय क्षेत्र
खुटुवा जब्दी,6,1068,कृषि क्षेत्र
खुटुवा जब्दी,6,1069,कृषि क्षेत्र
खुटुवा जब्दी,6,1070,कृषि क्षेत्र
खुटुवा जब्दी,6,1071,आवासीय क्षेत्र
खुटुवा जब्दी,6,1075,आवासीय क्षेत्र
खुटुवा जब्दी,6,1076,आवासीय क्षेत्र
खुटुवा जब्दी,6,1077,आवासीय क्षेत्र
खुटुवा जब्दी,6,1079,आवासीय क्षेत्र
खुटुवा जब्दी,6,1081,आवासीय क्षेत्र
खुटुवा जब्दी,6,1082,आवासीय क्षेत्र
खुटुवा जब्दी,6,1083,आवासीय क्षेत्र
खुटुवा जब्दी,6,1098,आवासीय क्षेत्र
खुटुवा जब्दी,6,1099,आवासीय क्षेत्र
खुटुवा जब्दी,6,1100,आवासीय क्षेत्र
खुटुवा जब्दी,6,1101,आवासीय क्षेत्र
खुटुवा जब्दी,6,1102,आवासीय क्षेत्र
खुटुवा जब्दी,6,1103,आवासीय क्षेत्र
खुटुवा जब्दी,6,1104,आवासीय क्षेत्र
खुटुवा जब्दी,6,1105,आवासीय क्षेत्र
खुटुवा जब्दी,6,1106,आवासीय क्षेत्र
खुटुवा जब्दी,6,1107,आवासीय क्षेत्र
खुटुवा जब्दी,6,1108,आवासीय क्षेत्र
खुटुवा जब्दी,6,1109,आवासीय क्षेत्र
खुटुवा जब्दी,6,1110,आवासीय क्षेत्र
खुटुवा जब्दी,6,1111,आवासीय क्षेत्र
खुटुवा जब्दी,6,1112,आवासीय क्षेत्र
खुटुवा जब्दी,6,1113,आवासीय क्षेत्र
खुटुवा जब्दी,6,1114,आवासीय क्षेत्र
खुटुवा जब्दी,6,1115,आवासीय क्षेत्र
खुटुवा जब्दी,6,1116,आवासीय क्षेत्र
खुटुवा जब्दी,6,1117,आवासीय क्षेत्र
खुटुवा जब्दी,6,1118,आवासीय क्षेत्र
खुटुवा जब्दी,6,1125,आवासीय क्षेत्र
खुटुवा जब्दी,6,1126,आवासीय क्षेत्र
खुटुवा जब्दी,6,1132,आवासीय क्षेत्र
खुटुवा जब्दी,6,1133,आवासीय क्षेत्र
खुटुवा जब्दी,6,1134,आवासीय क्षेत्र
खुटुवा जब्दी,6,1135,आवासीय क्षेत्र
खुटुवा जब्दी,6,1136,आवासीय क्षेत्र
खुटुवा जब्दी,6,1138,आवासीय क्षेत्र
खुटुवा जब्दी,6,1139,आवासीय क्षेत्र
खुटुवा जब्दी,6,1140,आवासीय क्षेत्र
खुटुवा जब्दी,6,1141,आवासीय क्षेत्र
खुटुवा जब्दी,6,1142,आवासीय क्षेत्र
खुटुवा जब्दी,6,1142,आवासीय क्षेत्र
खुटुवा जब्दी,6,1143,आवासीय क्षेत्र
खुटुवा जब्दी,6,1144,आवासीय क्षेत्र
खुटुवा जब्दी,6,1148,आवासीय क्षेत्र
खुटुवा जब्दी,6,1149,आवासीय क्षेत्र
खुटुवा जब्दी,6,1150,आवासीय क्षेत्र
खुटुवा जब्दी,6,1151,आवासीय क्षेत्र
खुटुवा जब्दी,6,1152,आवासीय क्षेत्र
खुटुवा जब्दी,6,1153,आवासीय क्षेत्र
खुटुवा जब्दी,6,1154,आवासीय क्षेत्र
खुटुवा जब्दी,6,1155,आवासीय क्षेत्र
खुटुवा जब्दी,6,1156,आवासीय क्षेत्र
खुटुवा जब्दी,6,1157,आवासीय क्षेत्र
खुटुवा जब्दी,6,1158,आवासीय क्षेत्र
खुटुवा जब्दी,6,1159,आवासीय क्षेत्र
खुटुवा जब्दी,6,1160,आवासीय क्षेत्र
खुटुवा जब्दी,6,1161,आवासीय क्षेत्र
खुटुवा जब्दी,6,1162,आवासीय क्षेत्र
खुटुवा जब्दी,6,1163,आवासीय क्षेत्र
खुटुवा जब्दी,6,1164,आवासीय क्षेत्र
खुटुवा जब्दी,6,1166,आवासीय क्षेत्र
खुटुवा जब्दी,6,1167,आवासीय क्षेत्र
खुटुवा जब्दी,6,1170,आवासीय क्षेत्र
खुटुवा जब्दी,6,1171,आवासीय क्षेत्र
खुटुवा जब्दी,6,1172,आवासीय क्षेत्र
खुटुवा जब्दी,6,1173,आवासीय क्षेत्र
खुटुवा जब्दी,6,1175,आवासीय क्षेत्र
खुटुवा जब्दी,6,1176,आवासीय क्षेत्र
खुटुवा जब्दी,6,1177,आवासीय क्षेत्र
खुटुवा जब्दी,6,1178,आवासीय क्षेत्र
खुटुवा जब्दी,6,1180,आवासीय क्षेत्र
खुटुवा जब्दी,6,1181,आवासीय क्षेत्र
खुटुवा जब्दी,6,1182,आवासीय क्षेत्र
खुटुवा जब्दी,6,1184,व्यावसायिक क्षेत्र
खुटुवा जब्दी,6,1185,व्यावसायिक क्षेत्र
खुटुवा जब्दी,6,1185,व्यावसायिक क्षेत्र
खुटुवा जब्दी,6,1194,आवासीय क्षेत्र
खुटुवा जब्दी,6,1196,आवासीय क्षेत्र
खुटुवा जब्दी,6,1198,आवासीय क्षेत्र
खुटुवा जब्दी,6,1199,आवासीय क्षेत्र
खुटुवा जब्दी,6,1200,आवासीय क्षेत्र
खुटुवा जब्दी,6,1201,आवासीय क्षेत्र
खुटुवा जब्दी,6,1210,आवासीय क्षेत्र
खुटुवा जब्दी,6,1212,आवासीय क्षेत्र
खुटुवा जब्दी,6,1212,आवासीय क्षेत्र
खुटुवा जब्दी,6,1213,आवासीय क्षेत्र
खुटुवा जब्दी,6,1214,आवासीय क्षेत्र
खुटुवा जब्दी,6,1216,आवासीय क्षेत्र
खुटुवा जब्दी,6,1216,आवासीय क्षेत्र
खुटुवा जब्दी,6,1217,आवासीय क्षेत्र
खुटुवा जब्दी,6,1218,आवासीय क्षेत्र
खुटुवा जब्दी,6,1220,आवासीय क्षेत्र
खुटुवा जब्दी,6,1221,आवासीय क्षेत्र
खुटुवा जब्दी,6,1222,आवासीय क्षेत्र
खुटुवा जब्दी,6,1223,आवासीय क्षेत्र
खुटुवा जब्दी,6,1225,आवासीय क्षेत्र
खुटुवा जब्दी,6,1226,आवासीय क्षेत्र
खुटुवा जब्दी,6,1228,आवासीय क्षेत्र
खुटुवा जब्दी,6,1229,आवासीय क्षेत्र
खुटुवा जब्दी,6,1230,आवासीय क्षेत्र
खुटुवा जब्दी,6,1231,आवासीय क्षेत्र
खुटुवा जब्दी,6,1231,आवासीय क्षेत्र
खुटुवा जब्दी,6,1231,आवासीय क्षेत्र
खुटुवा जब्दी,6,1234,आवासीय क्षेत्र
खुटुवा जब्दी,6,1235,आवासीय क्षेत्र
खुटुवा जब्दी,6,1236,आवासीय क्षेत्र
खुटुवा जब्दी,6,1237,आवासीय क्षेत्र
खुटुवा जब्दी,6,1238,आवासीय क्षेत्र
खुटुवा जब्दी,6,1239,आवासीय क्षेत्र
खुटुवा जब्दी,6,1240,आवासीय क्षेत्र
खुटुवा जब्दी,6,1241,आवासीय क्षेत्र
खुटुवा जब्दी,6 गाउँ,2,आवासीय क्षेत्र
खुटुवा जब्दी,6 गाउँ,4,आवासीय क्षेत्र
खुटुवा जब्दी,6 गाउँ,7,आवासीय क्षेत्र
खुटुवा जब्दी,6 गाउँ,10,आवासीय क्षेत्र
खुटुवा जब्दी,6 गाउँ,11,आवासीय क्षेत्र
खुटुवा जब्दी,6 गाउँ,13,आवासीय क्षेत्र
खुटुवा जब्दी,6 गाउँ,14,आवासीय क्षेत्र
खुटुवा जब्दी,6 गाउँ,16,आवासीय क्षेत्र
खुटुवा जब्दी,6 गाउँ,17,आवासीय क्षेत्र
खुटुवा जब्दी,6 गाउँ,18,आवासीय क्षेत्र
खुटुवा जब्दी,6 गाउँ,19,आवासीय क्षेत्र
खुटुवा जब्दी,6 गाउँ,20,आवासीय क्षेत्र
खुटुवा जब्दी,6 गाउँ,21,आवासीय क्षेत्र
खुटुवा जब्दी,6 गाउँ,24,आवासीय क्षेत्र
खुटुवा जब्दी,6 गाउँ,25,आवासीय क्षेत्र
खुटुवा जब्दी,6 गाउँ,26,आवासीय क्षेत्र
खुटुवा जब्दी,6 गाउँ,27,आवासीय क्षेत्र
खुटुवा जब्दी,6 गाउँ,31,आवासीय क्षेत्र
खुटुवा जब्दी,6 गाउँ,32,आवासीय क्षेत्र
खुटुवा जब्दी,6 गाउँ,34,आवासीय क्षेत्र
खुटुवा जब्दी,6 गाउँ,35,आवासीय क्षेत्र
खुटुवा जब्दी,6 गाउँ,36,आवासीय क्षेत्र
खुटुवा जब्दी,6 गाउँ,37,आवासीय क्षेत्र
खुटुवा जब्दी,6 गाउँ,38,आवासीय क्षेत्र
खुटुवा जब्दी,6 गाउँ,39,आवासीय क्षेत्र
खुटुवा जब्दी,6 गाउँ,40,आवासीय क्षेत्र
खुटुवा जब्दी,6 गाउँ,41,आवासीय क्षेत्र
खुटुवा जब्दी,6 गाउँ,42,आवासीय क्षेत्र
खुटुवा जब्दी,6 गाउँ,43,आवासीय क्षेत्र
खुटुवा जब्दी,6 गाउँ,44,आवासीय क्षेत्र
खुटुवा जब्दी,6 गाउँ,45,आवासीय क्षेत्र
खुटुवा जब्दी,6 गाउँ,46,आवासीय क्षेत्र
खुटुवा जब्दी,6 गाउँ,47,आवासीय क्षेत्र
खुटुवा जब्दी,6 गाउँ,48,आवासीय क्षेत्र
खुटुवा जब्दी,6 गाउँ,49,आवासीय क्षेत्र
खुटुवा जब्दी,6 गाउँ,50,आवासीय क्षेत्र
खुटुवा जब्दी,6 गाउँ,51,आवासीय क्षेत्र
खुटुवा जब्दी,6 गाउँ,54,आवासीय क्षेत्र
खुटुवा जब्दी,6 गाउँ,55,आवासीय क्षेत्र
खुटुवा जब्दी,6 गाउँ,56,आवासीय क्षेत्र
खुटुवा जब्दी,6 गाउँ,57,आवासीय क्षेत्र
खुटुवा जब्दी,6 गाउँ,58,आवासीय क्षेत्र
खुटुवा जब्दी,6 गाउँ,59,आवासीय क्षेत्र
खुटुवा जब्दी,6 गाउँ,60,आवासीय क्षेत्र
खुटुवा जब्दी,6 गाउँ,61,आवासीय क्षेत्र
खुटुवा जब्दी,6 गाउँ,63,आवासीय क्षेत्र
खुटुवा जब्दी,6 गाउँ,64,आवासीय क्षेत्र
खुटुवा जब्दी,6 गाउँ,67,आवासीय क्षेत्र
खुटुवा जब्दी,6 गाउँ,68,आवासीय क्षेत्र
खुटुवा जब्दी,6 गाउँ,69,आवासीय क्षेत्र
खुटुवा जब्दी,6 गाउँ,70,आवासीय क्षेत्र
खुटुवा जब्दी,6 गाउँ,71,आवासीय क्षेत्र
खुटुवा जब्दी,6 गाउँ,73,सार्वजनिक उपयोगको क्षेत्र
खुटुवा जब्दी,6 गाउँ,74,आवासीय क्षेत्र
खुटुवा जब्दी,6 गाउँ,75,आवासीय क्षेत्र
खुटुवा जब्दी,6 गाउँ,77,आवासीय क्षेत्र
खुटुवा जब्दी,6 गाउँ,78,आवासीय क्षेत्र
खुटुवा जब्दी,6 गाउँ,79,आवासीय क्षेत्र
खुटुवा जब्दी,6 गाउँ,80,आवासीय क्षेत्र
खुटुवा जब्दी,6 गाउँ,81,आवासीय क्षेत्र
खुटुवा जब्दी,6 गाउँ,82,आवासीय क्षेत्र
खुटुवा जब्दी,6 गाउँ,85,आवासीय क्षेत्र
खुटुवा जब्दी,6 गाउँ,86,आवासीय क्षेत्र
खुटुवा जब्दी,6 गाउँ,87,आवासीय क्षेत्र
खुटुवा जब्दी,6 गाउँ,88,आवासीय क्षेत्र
खुटुवा जब्दी,6 गाउँ,89,आवासीय क्षेत्र
खुटुवा जब्दी,6 गाउँ,90,आवासीय क्षेत्र
खुटुवा जब्दी,6 गाउँ,91,आवासीय क्षेत्र
खुटुवा जब्दी,6 गाउँ,93,आवासीय क्षेत्र
खुटुवा जब्दी,6 गाउँ,101,आवासीय क्षेत्र
खुटुवा जब्दी,6 गाउँ,102,आवासीय क्षेत्र
खुटुवा जब्दी,6 गाउँ,103,आवासीय क्षेत्र
खुटुवा जब्दी,6 गाउँ,104,आवासीय क्षेत्र
खुटुवा जब्दी,6 गाउँ,107,आवासीय क्षेत्र
खुटुवा जब्दी,6 गाउँ,108,आवासीय क्षेत्र
खुटुवा जब्दी,6 गाउँ,109,आवासीय क्षेत्र
खुटुवा जब्दी,6 गाउँ,110,आवासीय क्षेत्र
खुटुवा जब्दी,6 गाउँ,111,आवासीय क्षेत्र
खुटुवा जब्दी,6 गाउँ,112,आवासीय क्षेत्र
खुटुवा जब्दी,6 गाउँ,113,आवासीय क्षेत्र
खुटुवा जब्दी,6 गाउँ,114,आवासीय क्षेत्र
खुटुवा जब्दी,6 गाउँ,115,आवासीय क्षेत्र
खुटुवा जब्दी,6 गाउँ,116,आवासीय क्षेत्र
खुटुवा जब्दी,6 गाउँ,117,आवासीय क्षेत्र
खुटुवा जब्दी,6 गाउँ,119,आवासीय क्षेत्र
खुटुवा जब्दी,6 गाउँ,120,आवासीय क्षेत्र
खुटुवा जब्दी,6 गाउँ,121,आवासीय क्षेत्र
खुटुवा जब्दी,6 गाउँ,142,आवासीय क्षेत्र
खुटुवा जब्दी,6 गाउँ,143,आवासीय क्षेत्र
खुटुवा जब्दी,6 गाउँ,144,आवासीय क्षेत्र
खुटुवा जब्दी,6 गाउँ,145,आवासीय क्षेत्र
खुटुवा जब्दी,6 गाउँ,146,आवासीय क्षेत्र
खुटुवा जब्दी,6 गाउँ,147,आवासीय क्षेत्र
खुटुवा जब्दी,6 गाउँ,148,आवासीय क्षेत्र
खुटुवा जब्दी,6 गाउँ,149,आवासीय क्षेत्र
खुटुवा जब्दी,6 गाउँ,150,आवासीय क्षेत्र
खुटुवा जब्दी,6 गाउँ,151,आवासीय क्षेत्र
खुटुवा जब्दी,6 गाउँ,152,आवासीय क्षेत्र
खुटुवा जब्दी,6 गाउँ,153,आवासीय क्षेत्र
खुटुवा जब्दी,6 गाउँ,154,आवासीय क्षेत्र
खुटुवा जब्दी,6 गाउँ,155,आवासीय क्षेत्र
खुटुवा जब्दी,6 गाउँ,305,आवासीय क्षेत्र
खुटुवा जब्दी,6 गाउँ,306,आवासीय क्षेत्र
खुटुवा जब्दी,7,2,कृषि क्षेत्र
खुटुवा जब्दी,7,4,कृषि क्षेत्र
खुटुवा जब्दी,7,5,आवासीय क्षेत्र
खुटुवा जब्दी,7,6,आवासीय क्षेत्र
खुटुवा जब्दी,7,7,आवासीय क्षेत्र
खुटुवा जब्दी,7,8,आवासीय क्षेत्र
खुटुवा जब्दी,7,9,आवासीय क्षेत्र
खुटुवा जब्दी,7,10,आवासीय क्षेत्र
खुटुवा जब्दी,7,12,आवासीय क्षेत्र
खुटुवा जब्दी,7,14,आवासीय क्षेत्र
खुटुवा जब्दी,7,15,आवासीय क्षेत्र
खुटुवा जब्दी,7,18,कृषि क्षेत्र
खुटुवा जब्दी,7,20,कृषि क्षेत्र
खुटुवा जब्दी,7,24,कृषि क्षेत्र
खुटुवा जब्दी,7,25,आवासीय क्षेत्र
खुटुवा जब्दी,7,26,आवासीय क्षेत्र
खुटुवा जब्दी,7,27,आवासीय क्षेत्र
खुटुवा जब्दी,7,28,आवासीय क्षेत्र
खुटुवा जब्दी,7,29,आवासीय क्षेत्र
खुटुवा जब्दी,7,30,आवासीय क्षेत्र
खुटुवा जब्दी,7,31,आवासीय क्षेत्र
खुटुवा जब्दी,7,32,आवासीय क्षेत्र
खुटुवा जब्दी,7,33,सार्वजनिक उपयोगको क्षेत्र
खुटुवा जब्दी,7,34,आवासीय क्षेत्र
खुटुवा जब्दी,7,36,आवासीय क्षेत्र
खुटुवा जब्दी,7,37,आवासीय क्षेत्र
खुटुवा जब्दी,7,38,आवासीय क्षेत्र
खुटुवा जब्दी,7,39,आवासीय क्षेत्र
खुटुवा जब्दी,7,40,आवासीय क्षेत्र
खुटुवा जब्दी,7,41,आवासीय क्षेत्र
खुटुवा जब्दी,7,43,आवासीय क्षेत्र
खुटुवा जब्दी,7,44,आवासीय क्षेत्र
खुटुवा जब्दी,7,46,आवासीय क्षेत्र
खुटुवा जब्दी,7,47,आवासीय क्षेत्र
खुटुवा जब्दी,7,49,आवासीय क्षेत्र
खुटुवा जब्दी,7,51,कृषि क्षेत्र
खुटुवा जब्दी,7,52,आवासीय क्षेत्र
खुटुवा जब्दी,7,55,आवासीय क्षेत्र
खुटुवा जब्दी,7,60,आवासीय क्षेत्र
खुटुवा जब्दी,7,61,आवासीय क्षेत्र
खुटुवा जब्दी,7,63,कृषि क्षेत्र
खुटुवा जब्दी,7,65,आवासीय क्षेत्र
खुटुवा जब्दी,7,66,आवासीय क्षेत्र
खुटुवा जब्दी,7,67,आवासीय क्षेत्र
खुटुवा जब्दी,7,68,आवासीय क्षेत्र
खुटुवा जब्दी,7,71,आवासीय क्षेत्र
खुटुवा जब्दी,7,72,आवासीय क्षेत्र
खुटुवा जब्दी,7,77,आवासीय क्षेत्र
खुटुवा जब्दी,7,78,आवासीय क्षेत्र
खुटुवा जब्दी,7,79,आवासीय क्षेत्र
खुटुवा जब्दी,7,80,आवासीय क्षेत्र
खुटुवा जब्दी,7,81,आवासीय क्षेत्र
खुटुवा जब्दी,7,82,आवासीय क्षेत्र
खुटुवा जब्दी,7,83,आवासीय क्षेत्र
खुटुवा जब्दी,7,84,आवासीय क्षेत्र
खुटुवा जब्दी,7,85,आवासीय क्षेत्र
खुटुवा जब्दी,7,86,आवासीय क्षेत्र
खुटुवा जब्दी,7,87,आवासीय क्षेत्र
खुटुवा जब्दी,7,88,आवासीय क्षेत्र
खुटुवा जब्दी,7,90,आवासीय क्षेत्र
खुटुवा जब्दी,7,91,आवासीय क्षेत्र
खुटुवा जब्दी,7,92,सार्वजनिक उपयोगको क्षेत्र
खुटुवा जब्दी,7,96,आवासीय क्षेत्र
खुटुवा जब्दी,7,97,आवासीय क्षेत्र
खुटुवा जब्दी,7,98,आवासीय क्षेत्र
खुटुवा जब्दी,7,99,आवासीय क्षेत्र
खुटुवा जब्दी,7,101,आवासीय क्षेत्र
खुटुवा जब्दी,7,102,आवासीय क्षेत्र
खुटुवा जब्दी,7,103,आवासीय क्षेत्र
खुटुवा जब्दी,7,104,आवासीय क्षेत्र
खुटुवा जब्दी,7,105,आवासीय क्षेत्र
खुटुवा जब्दी,7,110,आवासीय क्षेत्र
खुटुवा जब्दी,7,111,आवासीय क्षेत्र
खुटुवा जब्दी,7,112,आवासीय क्षेत्र
खुटुवा जब्दी,7,113,आवासीय क्षेत्र
खुटुवा जब्दी,7,115,आवासीय क्षेत्र
खुटुवा जब्दी,7,116,आवासीय क्षेत्र
खुटुवा जब्दी,7,117,आवासीय क्षेत्र
खुटुवा जब्दी,7,120,आवासीय क्षेत्र
खुटुवा जब्दी,7,121,सार्वजनिक उपयोगको क्षेत्र
खुटुवा जब्दी,7,122,सार्वजनिक उपयोगको क्षेत्र
खुटुवा जब्दी,7,124,आवासीय क्षेत्र
खुटुवा जब्दी,7,130,आवासीय क्षेत्र
खुटुवा जब्दी,7,131,आवासीय क्षेत्र
खुटुवा जब्दी,7,139,कृषि क्षेत्र
खुटुवा जब्दी,7,141,आवासीय क्षेत्र
खुटुवा जब्दी,7,142,आवासीय क्षेत्र
खुटुवा जब्दी,7,143,आवासीय क्षेत्र
खुटुवा जब्दी,7,144,आवासीय क्षेत्र
खुटुवा जब्दी,7,145,आवासीय क्षेत्र
खुटुवा जब्दी,7,147,आवासीय क्षेत्र
खुटुवा जब्दी,7,151,आवासीय क्षेत्र
खुटुवा जब्दी,7,152,आवासीय क्षेत्र
खुटुवा जब्दी,7,153,आवासीय क्षेत्र
खुटुवा जब्दी,7,154,आवासीय क्षेत्र
खुटुवा जब्दी,7,155,आवासीय क्षेत्र
खुटुवा जब्दी,7,156,आवासीय क्षेत्र
खुटुवा जब्दी,7,157,आवासीय क्षेत्र
खुटुवा जब्दी,7,160,आवासीय क्षेत्र
खुटुवा जब्दी,7,170,आवासीय क्षेत्र
खुटुवा जब्दी,7,171,आवासीय क्षेत्र
खुटुवा जब्दी,7,186,कृषि क्षेत्र
खुटुवा जब्दी,7,192,आवासीय क्षेत्र
खुटुवा जब्दी,7,193,आवासीय क्षेत्र
खुटुवा जब्दी,7,194,आवासीय क्षेत्र
खुटुवा जब्दी,7,195,आवासीय क्षेत्र
खुटुवा जब्दी,7,196,आवासीय क्षेत्र
खुटुवा जब्दी,7,197,आवासीय क्षेत्र
खुटुवा जब्दी,7,198,कृषि क्षेत्र
खुटुवा जब्दी,7,199,कृषि क्षेत्र
खुटुवा जब्दी,7,200,कृषि क्षेत्र
खुटुवा जब्दी,7,201,आवासीय क्षेत्र
खुटुवा जब्दी,7,202,कृषि क्षेत्र
खुटुवा जब्दी,7,204,आवासीय क्षेत्र
खुटुवा जब्दी,7,208,आवासीय क्षेत्र
खुटुवा जब्दी,7,209,आवासीय क्षेत्र
खुटुवा जब्दी,7,211,आवासीय क्षेत्र
खुटुवा जब्दी,7,212,कृषि क्षेत्र
खुटुवा जब्दी,7,217,कृषि क्षेत्र
खुटुवा जब्दी,7,218,कृषि क्षेत्र
खुटुवा जब्दी,7,228,कृषि क्षेत्र
खुटुवा जब्दी,7,229,आवासीय क्षेत्र
खुटुवा जब्दी,7,230,कृषि क्षेत्र
खुटुवा जब्दी,7,231,आवासीय क्षेत्र
खुटुवा जब्दी,7,239,आवासीय क्षेत्र
खुटुवा जब्दी,7,240,आवासीय क्षेत्र
खुटुवा जब्दी,7,241,आवासीय क्षेत्र
खुटुवा जब्दी,7,242,आवासीय क्षेत्र
खुटुवा जब्दी,7,245,आवासीय क्षेत्र
खुटुवा जब्दी,7,246,आवासीय क्षेत्र
खुटुवा जब्दी,7,247,कृषि क्षेत्र
खुटुवा जब्दी,7,248,कृषि क्षेत्र
खुटुवा जब्दी,7,249,आवासीय क्षेत्र
खुटुवा जब्दी,7,250,आवासीय क्षेत्र
खुटुवा जब्दी,7,251,आवासीय क्षेत्र
खुटुवा जब्दी,7,252,आवासीय क्षेत्र
खुटुवा जब्दी,7,255,आवासीय क्षेत्र
खुटुवा जब्दी,7,256,आवासीय क्षेत्र
खुटुवा जब्दी,7,257,आवासीय क्षेत्र
खुटुवा जब्दी,7,258,आवासीय क्षेत्र
खुटुवा जब्दी,7,261,कृषि क्षेत्र
खुटुवा जब्दी,7,262,कृषि क्षेत्र
खुटुवा जब्दी,7,265,आवासीय क्षेत्र
खुटुवा जब्दी,7,266,आवासीय क्षेत्र
खुटुवा जब्दी,7,267,आवासीय क्षेत्र
खुटुवा जब्दी,7,268,आवासीय क्षेत्र
खुटुवा जब्दी,7,269,आवासीय क्षेत्र
खुटुवा जब्दी,7,274,आवासीय क्षेत्र
खुटुवा जब्दी,7,275,आवासीय क्षेत्र
खुटुवा जब्दी,7,276,आवासीय क्षेत्र
खुटुवा जब्दी,7,277,आवासीय क्षेत्र
खुटुवा जब्दी,7,278,कृषि क्षेत्र
खुटुवा जब्दी,7,279,कृषि क्षेत्र
खुटुवा जब्दी,7,308,कृषि क्षेत्र
खुटुवा जब्दी,7,309,आवासीय क्षेत्र
खुटुवा जब्दी,7,310,कृषि क्षेत्र
खुटुवा जब्दी,7,311,आवासीय क्षेत्र
खुटुवा जब्दी,7,312,आवासीय क्षेत्र
खुटुवा जब्दी,7,313,आवासीय क्षेत्र
खुटुवा जब्दी,7,324,आवासीय क्षेत्र
खुटुवा जब्दी,7,342,आवासीय क्षेत्र
खुटुवा जब्दी,7,344,आवासीय क्षेत्र
खुटुवा जब्दी,7,345,आवासीय क्षेत्र
खुटुवा जब्दी,7,356,आवासीय क्षेत्र
खुटुवा जब्दी,7,357,आवासीय क्षेत्र
खुटुवा जब्दी,7,358,आवासीय क्षेत्र
खुटुवा जब्दी,7,359,आवासीय क्षेत्र
खुटुवा जब्दी,7,361,आवासीय क्षेत्र
खुटुवा जब्दी,7,362,आवासीय क्षेत्र
खुटुवा जब्दी,7,363,आवासीय क्षेत्र
खुटुवा जब्दी,7,364,आवासीय क्षेत्र
खुटुवा जब्दी,7,365,आवासीय क्षेत्र
खुटुवा जब्दी,7,366,आवासीय क्षेत्र
खुटुवा जब्दी,7,367,आवासीय क्षेत्र
खुटुवा जब्दी,7,368,आवासीय क्षेत्र
खुटुवा जब्दी,7,369,आवासीय क्षेत्र
खुटुवा जब्दी,7,370,आवासीय क्षेत्र
खुटुवा जब्दी,7,371,आवासीय क्षेत्र
खुटुवा जब्दी,7,373,आवासीय क्षेत्र
खुटुवा जब्दी,7,374,आवासीय क्षेत्र
खुटुवा जब्दी,7,376,आवासीय क्षेत्र
खुटुवा जब्दी,7,377,आवासीय क्षेत्र
खुटुवा जब्दी,7,378,आवासीय क्षेत्र
खुटुवा जब्दी,7,379,आवासीय क्षेत्र
खुटुवा जब्दी,7,380,आवासीय क्षेत्र
खुटुवा जब्दी,7,381,आवासीय क्षेत्र
खुटुवा जब्दी,7,382,आवासीय क्षेत्र
खुटुवा जब्दी,7,383,आवासीय क्षेत्र
खुटुवा जब्दी,7,384,आवासीय क्षेत्र
खुटुवा जब्दी,7,385,आवासीय क्षेत्र
खुटुवा जब्दी,7,386,आवासीय क्षेत्र
खुटुवा जब्दी,7,387,आवासीय क्षेत्र
खुटुवा जब्दी,7,388,आवासीय क्षेत्र
खुटुवा जब्दी,7,389,आवासीय क्षेत्र
खुटुवा जब्दी,7,390,कृषि क्षेत्र
खुटुवा जब्दी,7,391,कृषि क्षेत्र
खुटुवा जब्दी,7,392,आवासीय क्षेत्र
खुटुवा जब्दी,7,393,आवासीय क्षेत्र
खुटुवा जब्दी,7,394,आवासीय क्षेत्र
खुटुवा जब्दी,7,395,आवासीय क्षेत्र
खुटुवा जब्दी,7,396,आवासीय क्षेत्र
खुटुवा जब्दी,7,397,कृषि क्षेत्र
खुटुवा जब्दी,7,403,कृषि क्षेत्र
खुटुवा जब्दी,7,404,कृषि क्षेत्र
खुटुवा जब्दी,7,405,कृषि क्षेत्र
खुटुवा जब्दी,7,406,कृषि क्षेत्र
खुटुवा जब्दी,7,407,कृषि क्षेत्र
खुटुवा जब्दी,7,408,कृषि क्षेत्र
खुटुवा जब्दी,7,409,आवासीय क्षेत्र
खुटुवा जब्दी,7,410,आवासीय क्षेत्र
खुटुवा जब्दी,7,411,आवासीय क्षेत्र
खुटुवा जब्दी,7,412,आवासीय क्षेत्र
खुटुवा जब्दी,7,413,कृषि क्षेत्र
खुटुवा जब्दी,7,414,कृषि क्षेत्र
खुटुवा जब्दी,7,421,कृषि क्षेत्र
खुटुवा जब्दी,7,422,कृषि क्षेत्र
खुटुवा जब्दी,7,423,कृषि क्षेत्र
खुटुवा जब्दी,7,424,कृषि क्षेत्र
खुटुवा जब्दी,7,425,आवासीय क्षेत्र
खुटुवा जब्दी,7,426,आवासीय क्षेत्र
खुटुवा जब्दी,7,427,आवासीय क्षेत्र
खुटुवा जब्दी,7,428,आवासीय क्षेत्र
खुटुवा जब्दी,7,429,कृषि क्षेत्र
खुटुवा जब्दी,7,430,कृषि क्षेत्र
खुटुवा जब्दी,7 गाउँ,1,आवासीय क्षेत्र
खुटुवा जब्दी,7 गाउँ,2,आवासीय क्षेत्र
खुटुवा जब्दी,7 गाउँ,4,आवासीय क्षेत्र
खुटुवा जब्दी,7 गाउँ,5,आवासीय क्षेत्र
खुटुवा जब्दी,7 गाउँ,6,आवासीय क्षेत्र
खुटुवा जब्दी,7 गाउँ,7,आवासीय क्षेत्र
खुटुवा जब्दी,7 गाउँ,8,आवासीय क्षेत्र
खुटुवा जब्दी,7 गाउँ,9,आवासीय क्षेत्र
खुटुवा जब्दी,7 गाउँ,10,आवासीय क्षेत्र
खुटुवा जब्दी,7 गाउँ,12,आवासीय क्षेत्र
खुटुवा जब्दी,7 गाउँ,13,आवासीय क्षेत्र
खुटुवा जब्दी,7 गाउँ,14,आवासीय क्षेत्र
खुटुवा जब्दी,7 गाउँ,15,आवासीय क्षेत्र
खुटुवा जब्दी,7 गाउँ,16,आवासीय क्षेत्र
खुटुवा जब्दी,7 गाउँ,18,आवासीय क्षेत्र
खुटुवा जब्दी,7 गाउँ,19,आवासीय क्षेत्र
खुटुवा जब्दी,7 गाउँ,20,आवासीय क्षेत्र
खुटुवा जब्दी,7 गाउँ,22,आवासीय क्षेत्र
खुटुवा जब्दी,7 गाउँ,23,आवासीय क्षेत्र
खुटुवा जब्दी,7 गाउँ,24,आवासीय क्षेत्र
खुटुवा जब्दी,7 गाउँ,25,आवासीय क्षेत्र
खुटुवा जब्दी,7 गाउँ,27,आवासीय क्षेत्र
खुटुवा जब्दी,7 गाउँ,28,आवासीय क्षेत्र
खुटुवा जब्दी,7 गाउँ,29,आवासीय क्षेत्र
खुटुवा जब्दी,7 गाउँ,30,आवासीय क्षेत्र
खुटुवा जब्दी,7 गाउँ,31,आवासीय क्षेत्र
खुटुवा जब्दी,7 गाउँ,32,आवासीय क्षेत्र
खुटुवा जब्दी,7 गाउँ,33,आवासीय क्षेत्र
खुटुवा जब्दी,7 गाउँ,34,आवासीय क्षेत्र
खुटुवा जब्दी,7 गाउँ,35,आवासीय क्षेत्र
खुटुवा जब्दी,7 गाउँ,36,आवासीय क्षेत्र
खुटुवा जब्दी,7 गाउँ,37,आवासीय क्षेत्र
खुटुवा जब्दी,7 गाउँ,38,आवासीय क्षेत्र
खुटुवा जब्दी,7 गाउँ,39,आवासीय क्षेत्र
खुटुवा जब्दी,7 गाउँ,41,आवासीय क्षेत्र
खुटुवा जब्दी,7 गाउँ,42,आवासीय क्षेत्र
खुटुवा जब्दी,7 गाउँ,43,आवासीय क्षेत्र
खुटुवा जब्दी,7 गाउँ,44,आवासीय क्षेत्र
खुटुवा जब्दी,7 गाउँ,45,आवासीय क्षेत्र
खुटुवा जब्दी,7 गाउँ,46,आवासीय क्षेत्र
खुटुवा जब्दी,7 गाउँ,47,आवासीय क्षेत्र
खुटुवा जब्दी,7 गाउँ,48,आवासीय क्षेत्र
खुटुवा जब्दी,7 गाउँ,49,आवासीय क्षेत्र
खुटुवा जब्दी,7 गाउँ,51,आवासीय क्षेत्र
खुटुवा जब्दी,7 गाउँ,52,आवासीय क्षेत्र
खुटुवा जब्दी,7 गाउँ,53,आवासीय क्षेत्र
खुटुवा जब्दी,7 गाउँ,54,आवासीय क्षेत्र
खुटुवा जब्दी,7 गाउँ,55,आवासीय क्षेत्र
खुटुवा जब्दी,7 गाउँ,56,आवासीय क्षेत्र
खुटुवा जब्दी,7 गाउँ,57,आवासीय क्षेत्र
खुटुवा जब्दी,7 गाउँ,58,आवासीय क्षेत्र
खुटुवा जब्दी,7 गाउँ,59,आवासीय क्षेत्र
खुटुवा जब्दी,7 गाउँ,61,आवासीय क्षेत्र
खुटुवा जब्दी,7 गाउँ,62,आवासीय क्षेत्र
खुटुवा जब्दी,7 गाउँ,63,आवासीय क्षेत्र
खुटुवा जब्दी,7 गाउँ,64,आवासीय क्षेत्र
खुटुवा जब्दी,7 गाउँ,65,आवासीय क्षेत्र
खुटुवा जब्दी,7 गाउँ,66,आवासीय क्षेत्र
खुटुवा जब्दी,7 गाउँ,67,आवासीय क्षेत्र
खुटुवा जब्दी,7 गाउँ,68,आवासीय क्षेत्र
खुटुवा जब्दी,7 गाउँ,69,आवासीय क्षेत्र
खुटुवा जब्दी,7 गाउँ,70,आवासीय क्षेत्र
खुटुवा जब्दी,7 गाउँ,72,आवासीय क्षेत्र
खुटुवा जब्दी,7 गाउँ,73,आवासीय क्षेत्र
खुटुवा जब्दी,7 गाउँ,74,आवासीय क्षेत्र
खुटुवा जब्दी,7 गाउँ,75,आवासीय क्षेत्र
खुटुवा जब्दी,7 गाउँ,76,आवासीय क्षेत्र
खुटुवा जब्दी,7 गाउँ,77,आवासीय क्षेत्र
खुटुवा जब्दी,7 गाउँ,78,आवासीय क्षेत्र
खुटुवा जब्दी,7 गाउँ,79,आवासीय क्षेत्र
खुटुवा जब्दी,7 गाउँ,82,आवासीय क्षेत्र
खुटुवा जब्दी,7 गाउँ,83,आवासीय क्षेत्र
खुटुवा जब्दी,7 गाउँ,84,सार्वजनिक उपयोगको क्षेत्र
खुटुवा जब्दी,7 गाउँ,85,आवासीय क्षेत्र
खुटुवा जब्दी,7 गाउँ,86,आवासीय क्षेत्र
खुटुवा जब्दी,7 गाउँ,91,आवासीय क्षेत्र
खुटुवा जब्दी,7 गाउँ,92,आवासीय क्षेत्र
खुटुवा जब्दी,7 गाउँ,99,आवासीय क्षेत्र
खुटुवा जब्दी,7 गाउँ,100,आवासीय क्षेत्र
खुटुवा जब्दी,7 गाउँ,101,आवासीय क्षेत्र
खुटुवा जब्दी,7 गाउँ,102,आवासीय क्षेत्र
खुटुवा जब्दी,7 गाउँ,103,आवासीय क्षेत्र
खुटुवा जब्दी,7 गाउँ,105,आवासीय क्षेत्र
खुटुवा जब्दी,7 गाउँ,106,आवासीय क्षेत्र
खुटुवा जब्दी,7 गाउँ,108,आवासीय क्षेत्र
खुटुवा जब्दी,7 गाउँ,109,आवासीय क्षेत्र
खुटुवा जब्दी,7 गाउँ,112,आवासीय क्षेत्र
खुटुवा जब्दी,7 गाउँ,113,आवासीय क्षेत्र
खुटुवा जब्दी,7 गाउँ,114,आवासीय क्षेत्र
खुटुवा जब्दी,7 गाउँ,115,आवासीय क्षेत्र
खुटुवा जब्दी,7 गाउँ,118,आवासीय क्षेत्र
खुटुवा जब्दी,7 गाउँ,119,आवासीय क्षेत्र
खुटुवा जब्दी,7 गाउँ,122,आवासीय क्षेत्र
खुटुवा जब्दी,7 गाउँ,123,आवासीय क्षेत्र
खुटुवा जब्दी,7 गाउँ,124,आवासीय क्षेत्र
खुटुवा जब्दी,7 गाउँ,125,आवासीय क्षेत्र
खुटुवा जब्दी,7 गाउँ,126,आवासीय क्षेत्र
खुटुवा जब्दी,7 गाउँ,127,आवासीय क्षेत्र
खुटुवा जब्दी,8,1,व्यावसायिक क्षेत्र
खुटुवा जब्दी,8,3,व्यावसायिक क्षेत्र
खुटुवा जब्दी,8,4,व्यावसायिक क्षेत्र
खुटुवा जब्दी,8,6,व्यावसायिक क्षेत्र
खुटुवा जब्दी,8,7,व्यावसायिक क्षेत्र
खुटुवा जब्दी,8,8,व्यावसायिक क्षेत्र
खुटुवा जब्दी,8,9,व्यावसायिक क्षेत्र
खुटुवा जब्दी,8,10,व्यावसायिक क्षेत्र
खुटुवा जब्दी,8,11,व्यावसायिक क्षेत्र
खुटुवा जब्दी,8,13,व्यावसायिक क्षेत्र
खुटुवा जब्दी,8,14,व्यावसायिक क्षेत्र
खुटुवा जब्दी,8,15,व्यावसायिक क्षेत्र
खुटुवा जब्दी,8,16,व्यावसायिक क्षेत्र
खुटुवा जब्दी,8,18,व्यावसायिक क्षेत्र
खुटुवा जब्दी,8,19,व्यावसायिक क्षेत्र
खुटुवा जब्दी,8,22,व्यावसायिक क्षेत्र
खुटुवा जब्दी,8,27,आवासीय क्षेत्र
खुटुवा जब्दी,8,29,व्यावसायिक क्षेत्र
खुटुवा जब्दी,8,35,औद्योगिक क्षेत्र
खुटुवा जब्दी,8,36,औद्योगिक क्षेत्र
खुटुवा जब्दी,8,37,औद्योगिक क्षेत्र
खुटुवा जब्दी,8,40,औद्योगिक क्षेत्र
खुटुवा जब्दी,8,42,व्यावसायिक क्षेत्र
खुटुवा जब्दी,8,43,औद्योगिक क्षेत्र
खुटुवा जब्दी,8,44,औद्योगिक क्षेत्र
खुटुवा जब्दी,8,45,व्यावसायिक क्षेत्र
खुटुवा जब्दी,8,47,कृषि क्षेत्र
खुटुवा जब्दी,8,48,औद्योगिक क्षेत्र
खुटुवा जब्दी,8,49,औद्योगिक क्षेत्र
खुटुवा जब्दी,8,50,औद्योगिक क्षेत्र
खुटुवा जब्दी,8,53,औद्योगिक क्षेत्र
खुटुवा जब्दी,8,56,औद्योगिक क्षेत्र
खुटुवा जब्दी,8,57,व्यावसायिक क्षेत्र
खुटुवा जब्दी,8,59,औद्योगिक क्षेत्र
खुटुवा जब्दी,8,61,औद्योगिक क्षेत्र
खुटुवा जब्दी,8,62,कृषि क्षेत्र
खुटुवा जब्दी,8,63,औद्योगिक क्षेत्र
खुटुवा जब्दी,8,65,व्यावसायिक क्षेत्र
खुटुवा जब्दी,8,66,व्यावसायिक क्षेत्र
खुटुवा जब्दी,8,67,व्यावसायिक क्षेत्र
खुटुवा जब्दी,8,70,व्यावसायिक क्षेत्र
खुटुवा जब्दी,8,71,व्यावसायिक क्षेत्र
खुटुवा जब्दी,8,72,व्यावसायिक क्षेत्र
खुटुवा जब्दी,8,73,कृषि क्षेत्र
खुटुवा जब्दी,8,74,कृषि क्षेत्र
खुटुवा जब्दी,8,75,कृषि क्षेत्र
खुटुवा जब्दी,8,76,कृषि क्षेत्र
खुटुवा जब्दी,8,77,कृषि क्षेत्र
खुटुवा जब्दी,8,78,कृषि क्षेत्र
खुटुवा जब्दी,8,80,कृषि क्षेत्र
खुटुवा जब्दी,8,81,कृषि क्षेत्र
खुटुवा जब्दी,8,84,कृषि क्षेत्र
खुटुवा जब्दी,8,86,कृषि क्षेत्र
खुटुवा जब्दी,8,87,आवासीय क्षेत्र
खुटुवा जब्दी,8,88,आवासीय क्षेत्र
खुटुवा जब्दी,8,89,आवासीय क्षेत्र
खुटुवा जब्दी,8,91,आवासीय क्षेत्र
खुटुवा जब्दी,8,92,आवासीय क्षेत्र
खुटुवा जब्दी,8,96,कृषि क्षेत्र
खुटुवा जब्दी,8,97,कृषि क्षेत्र
खुटुवा जब्दी,8,99,आवासीय क्षेत्र
खुटुवा जब्दी,8,100,आवासीय क्षेत्र
खुटुवा जब्दी,8,101,आवासीय क्षेत्र
खुटुवा जब्दी,8,106,आवासीय क्षेत्र
खुटुवा जब्दी,8,107,आवासीय क्षेत्र
खुटुवा जब्दी,8,109,आवासीय क्षेत्र
खुटुवा जब्दी,8,111,सार्वजनिक उपयोगको क्षेत्र
खुटुवा जब्दी,8,112,आवासीय क्षेत्र
खुटुवा जब्दी,8,113,आवासीय क्षेत्र
खुटुवा जब्दी,8,117,आवासीय क्षेत्र
खुटुवा जब्दी,8,119,आवासीय क्षेत्र
खुटुवा जब्दी,8,122,आवासीय क्षेत्र
खुटुवा जब्दी,8,123,कृषि क्षेत्र
खुटुवा जब्दी,8,125,आवासीय क्षेत्र
खुटुवा जब्दी,8,128,कृषि क्षेत्र
खुटुवा जब्दी,8,131,आवासीय क्षेत्र
खुटुवा जब्दी,8,132,आवासीय क्षेत्र
खुटुवा जब्दी,8,133,आवासीय क्षेत्र
खुटुवा जब्दी,8,134,कृषि क्षेत्र
खुटुवा जब्दी,8,135,कृषि क्षेत्र
खुटुवा जब्दी,8,136,आवासीय क्षेत्र
खुटुवा जब्दी,8,137,आवासीय क्षेत्र
खुटुवा जब्दी,8,138,आवासीय क्षेत्र
खुटुवा जब्दी,8,139,आवासीय क्षेत्र
खुटुवा जब्दी,8,140,कृषि क्षेत्र
खुटुवा जब्दी,8,141,कृषि क्षेत्र
खुटुवा जब्दी,8,143,आवासीय क्षेत्र
खुटुवा जब्दी,8,144,आवासीय क्षेत्र
खुटुवा जब्दी,8,146,आवासीय क्षेत्र
खुटुवा जब्दी,8,153,औद्योगिक क्षेत्र
खुटुवा जब्दी,8,154,औद्योगिक क्षेत्र
खुटुवा जब्दी,8,160,कृषि क्षेत्र
खुटुवा जब्दी,8,161,कृषि क्षेत्र
खुटुवा जब्दी,8,162,कृषि क्षेत्र
खुटुवा जब्दी,8,163,कृषि क्षेत्र
खुटुवा जब्दी,8,165,कृषि क्षेत्र
खुटुवा जब्दी,8,166,कृषि क्षेत्र
खुटुवा जब्दी,8,174,आवासीय क्षेत्र
खुटुवा जब्दी,8,177,आवासीय क्षेत्र
खुटुवा जब्दी,8,179,आवासीय क्षेत्र
खुटुवा जब्दी,8,180,आवासीय क्षेत्र
खुटुवा जब्दी,8,181,आवासीय क्षेत्र
खुटुवा जब्दी,8,182,आवासीय क्षेत्र
खुटुवा जब्दी,8,184,सार्वजनिक उपयोगको क्षेत्र
खुटुवा जब्दी,8,185,"नदी, खोला, ताल, सिमसार क्षेत्र"
खुटुवा जब्दी,8,186,आवासीय क्षेत्र
खुटुवा जब्दी,8,189,औद्योगिक क्षेत्र
खुटुवा जब्दी,8,190,औद्योगिक क्षेत्र
खुटुवा जब्दी,8,191,आवासीय क्षेत्र
खुटुवा जब्दी,8,193,आवासीय क्षेत्र
खुटुवा जब्दी,8,194,आवासीय क्षेत्र
खुटुवा जब्दी,8,195,व्यावसायिक क्षेत्र
खुटुवा जब्दी,8,196,व्यावसायिक क्षेत्र
खुटुवा जब्दी,8,197,व्यावसायिक क्षेत्र
खुटुवा जब्दी,8,199,कृषि क्षेत्र
खुटुवा जब्दी,8,200,कृषि क्षेत्र
खुटुवा जब्दी,8,201,आवासीय क्षेत्र
खुटुवा जब्दी,8,202,आवासीय क्षेत्र
खुटुवा जब्दी,8,203,औद्योगिक क्षेत्र
खुटुवा जब्दी,8,204,औद्योगिक क्षेत्र
खुटुवा जब्दी,8,206,औद्योगिक क्षेत्र
खुटुवा जब्दी,8,207,औद्योगिक क्षेत्र
खुटुवा जब्दी,8,208,कृषि क्षेत्र
खुटुवा जब्दी,8,209,कृषि क्षेत्र
खुटुवा जब्दी,8,212,आवासीय क्षेत्र
खुटुवा जब्दी,8,213,आवासीय क्षेत्र
खुटुवा जब्दी,8,214,आवासीय क्षेत्र
खुटुवा जब्दी,8,217,औद्योगिक क्षेत्र
खुटुवा जब्दी,8,218,औद्योगिक क्षेत्र
खुटुवा जब्दी,8,220,कृषि क्षेत्र
खुटुवा जब्दी,8,223,आवासीय क्षेत्र
खुटुवा जब्दी,8,224,कृषि क्षेत्र
खुटुवा जब्दी,8,226,कृषि क्षेत्र
खुटुवा जब्दी,8,232,कृषि क्षेत्र
खुटुवा जब्दी,8,233,कृषि क्षेत्र
खुटुवा जब्दी,8,234,आवासीय क्षेत्र
खुटुवा जब्दी,8,235,आवासीय क्षेत्र
खुटुवा जब्दी,8,236,आवासीय क्षेत्र
खुटुवा जब्दी,8,237,आवासीय क्षेत्र
खुटुवा जब्दी,8,238,आवासीय क्षेत्र
खुटुवा जब्दी,8,339,औद्योगिक क्षेत्र
खुटुवा जब्दी,8,341,औद्योगिक क्षेत्र
खुटुवा जब्दी,8,342,कृषि क्षेत्र
खुटुवा जब्दी,8,343,कृषि क्षेत्र
खुटुवा जब्दी,8,346,औद्योगिक क्षेत्र
खुटुवा जब्दी,8,347,औद्योगिक क्षेत्र
खुटुवा जब्दी,8,348,औद्योगिक क्षेत्र
खुटुवा जब्दी,8,349,आवासीय क्षेत्र
खुटुवा जब्दी,8,350,व्यावसायिक क्षेत्र
खुटुवा जब्दी,8,351,कृषि क्षेत्र
खुटुवा जब्दी,8,353,कृषि क्षेत्र
खुटुवा जब्दी,8,354,कृषि क्षेत्र
खुटुवा जब्दी,8,355,आवासीय क्षेत्र
खुटुवा जब्दी,8,356,आवासीय क्षेत्र
खुटुवा जब्दी,8,357,कृषि क्षेत्र
खुटुवा जब्दी,8,359,कृषि क्षेत्र
खुटुवा जब्दी,8,360,कृषि क्षेत्र
खुटुवा जब्दी,8,363,आवासीय क्षेत्र
खुटुवा जब्दी,8,365,आवासीय क्षेत्र
खुटुवा जब्दी,8,367,आवासीय क्षेत्र
खुटुवा जब्दी,8,369,व्यावसायिक क्षेत्र
खुटुवा जब्दी,8,370,व्यावसायिक क्षेत्र
खुटुवा जब्दी,8,371,कृषि क्षेत्र
खुटुवा जब्दी,8,372,कृषि क्षेत्र
खुटुवा जब्दी,8,373,कृषि क्षेत्र
खुटुवा जब्दी,8,374,कृषि क्षेत्र
खुटुवा जब्दी,8,375,आवासीय क्षेत्र
खुटुवा जब्दी,8,376,आवासीय क्षेत्र
खुटुवा जब्दी,8,378,औद्योगिक क्षेत्र
खुटुवा जब्दी,8,381,औद्योगिक क्षेत्र
खुटुवा जब्दी,8,384,व्यावसायिक क्षेत्र
खुटुवा जब्दी,8,385,आवासीय क्षेत्र
खुटुवा जब्दी,8,386,आवासीय क्षेत्र
खुटुवा जब्दी,8,387,कृषि क्षेत्र
खुटुवा जब्दी,8,393,कृषि क्षेत्र
खुटुवा जब्दी,8,394,कृषि क्षेत्र
खुटुवा जब्दी,8,395,कृषि क्षेत्र
खुटुवा जब्दी,8,396,कृषि क्षेत्र
खुटुवा जब्दी,8,403,कृषि क्षेत्र
खुटुवा जब्दी,8,405,कृषि क्षेत्र
खुटुवा जब्दी,8,407,कृषि क्षेत्र
खुटुवा जब्दी,8,408,कृषि क्षेत्र
खुटुवा जब्दी,8,409,कृषि क्षेत्र
खुटुवा जब्दी,8,410,कृषि क्षेत्र
खुटुवा जब्दी,8,412,कृषि क्षेत्र
खुटुवा जब्दी,8,413,कृषि क्षेत्र
खुटुवा जब्दी,8,414,कृषि क्षेत्र
खुटुवा जब्दी,8,415,कृषि क्षेत्र
खुटुवा जब्दी,8,416,औद्योगिक क्षेत्र
खुटुवा जब्दी,8,417,औद्योगिक क्षेत्र
खुटुवा जब्दी,8,418,औद्योगिक क्षेत्र
खुटुवा जब्दी,8,422,औद्योगिक क्षेत्र
खुटुवा जब्दी,8,423,आवासीय क्षेत्र
खुटुवा जब्दी,8,425,कृषि क्षेत्र
खुटुवा जब्दी,8,427,आवासीय क्षेत्र
खुटुवा जब्दी,8,428,कृषि क्षेत्र
खुटुवा जब्दी,8,430,कृषि क्षेत्र
खुटुवा जब्दी,8,432,आवासीय क्षेत्र
खुटुवा जब्दी,8,433,आवासीय क्षेत्र
खुटुवा जब्दी,8,434,व्यावसायिक क्षेत्र
खुटुवा जब्दी,8,435,व्यावसायिक क्षेत्र
खुटुवा जब्दी,8,438,औद्योगिक क्षेत्र
खुटुवा जब्दी,8,439,औद्योगिक क्षेत्र
खुटुवा जब्दी,8,440,आवासीय क्षेत्र
खुटुवा जब्दी,8,441,आवासीय क्षेत्र
खुटुवा जब्दी,8,442,आवासीय क्षेत्र
खुटुवा जब्दी,8,443,आवासीय क्षेत्र
खुटुवा जब्दी,8,444,आवासीय क्षेत्र
खुटुवा जब्दी,8,445,आवासीय क्षेत्र
खुटुवा जब्दी,8,446,व्यावसायिक क्षेत्र
खुटुवा जब्दी,8,447,व्यावसायिक क्षेत्र
खुटुवा जब्दी,8,448,आवासीय क्षेत्र
खुटुवा जब्दी,8,450,कृषि क्षेत्र
खुटुवा जब्दी,8,451,कृषि क्षेत्र
खुटुवा जब्दी,8,453,आवासीय क्षेत्र
खुटुवा जब्दी,8,454,व्यावसायिक क्षेत्र
खुटुवा जब्दी,8,455,व्यावसायिक क्षेत्र
खुटुवा जब्दी,8,458,औद्योगिक क्षेत्र
खुटुवा जब्दी,8,459,व्यावसायिक क्षेत्र
खुटुवा जब्दी,8,464,आवासीय क्षेत्र
खुटुवा जब्दी,8,465,आवासीय क्षेत्र
खुटुवा जब्दी,8,466,कृषि क्षेत्र
खुटुवा जब्दी,8,468,व्यावसायिक क्षेत्र
खुटुवा जब्दी,8,472,आवासीय क्षेत्र
खुटुवा जब्दी,8,473,आवासीय क्षेत्र
खुटुवा जब्दी,8,478,औद्योगिक क्षेत्र
खुटुवा जब्दी,8,479,औद्योगिक क्षेत्र
खुटुवा जब्दी,8,481,औद्योगिक क्षेत्र
खुटुवा जब्दी,8,482,आवासीय क्षेत्र
खुटुवा जब्दी,8,484,कृषि क्षेत्र
खुटुवा जब्दी,8,485,कृषि क्षेत्र
खुटुवा जब्दी,8,486,व्यावसायिक क्षेत्र
खुटुवा जब्दी,8,488,आवासीय क्षेत्र
खुटुवा जब्दी,8,489,आवासीय क्षेत्र
खुटुवा जब्दी,8,492,व्यावसायिक क्षेत्र
खुटुवा जब्दी,8,496,कृषि क्षेत्र
खुटुवा जब्दी,8,498,व्यावसायिक क्षेत्र
खुटुवा जब्दी,8,500,कृषि क्षेत्र
खुटुवा जब्दी,8,502,कृषि क्षेत्र
खुटुवा जब्दी,8,503,कृषि क्षेत्र
खुटुवा जब्दी,8,504,कृषि क्षेत्र
खुटुवा जब्दी,8,504,कृषि क्षेत्र
खुटुवा जब्दी,8,505,कृषि क्षेत्र
खुटुवा जब्दी,8,507,औद्योगिक क्षेत्र
खुटुवा जब्दी,8,508,औद्योगिक क्षेत्र
खुटुवा जब्दी,8,509,आवासीय क्षेत्र
खुटुवा जब्दी,8,511,कृषि क्षेत्र
खुटुवा जब्दी,8,512,कृषि क्षेत्र
खुटुवा जब्दी,8,520,व्यावसायिक क्षेत्र
खुटुवा जब्दी,8,522,आवासीय क्षेत्र
खुटुवा जब्दी,8,523,आवासीय क्षेत्र
खुटुवा जब्दी,8,524,व्यावसायिक क्षेत्र
खुटुवा जब्दी,8,528,आवासीय क्षेत्र
खुटुवा जब्दी,8,530,व्यावसायिक क्षेत्र
खुटुवा जब्दी,8,531,व्यावसायिक क्षेत्र
खुटुवा जब्दी,8,553,औद्योगिक क्षेत्र
खुटुवा जब्दी,8,554,औद्योगिक क्षेत्र
खुटुवा जब्दी,8,558,व्यावसायिक क्षेत्र
खुटुवा जब्दी,8,559,औद्योगिक क्षेत्र
खुटुवा जब्दी,8,562,औद्योगिक क्षेत्र
खुटुवा जब्दी,8,563,कृषि क्षेत्र
खुटुवा जब्दी,8,564,कृषि क्षेत्र
खुटुवा जब्दी,8,565,कृषि क्षेत्र
खुटुवा जब्दी,8,566,कृषि क्षेत्र
खुटुवा जब्दी,8,567,कृषि क्षेत्र
खुटुवा जब्दी,8,580,औद्योगिक क्षेत्र
खुटुवा जब्दी,8,581,औद्योगिक क्षेत्र
खुटुवा जब्दी,8,586,कृषि क्षेत्र
खुटुवा जब्दी,8,587,कृषि क्षेत्र
खुटुवा जब्दी,8,588,व्यावसायिक क्षेत्र
खुटुवा जब्दी,8,589,व्यावसायिक क्षेत्र
खुटुवा जब्दी,8,590,आवासीय क्षेत्र
खुटुवा जब्दी,8,591,आवासीय क्षेत्र
खुटुवा जब्दी,8,592,आवासीय क्षेत्र
खुटुवा जब्दी,8,601,व्यावसायिक क्षेत्र
खुटुवा जब्दी,8,602,व्यावसायिक क्षेत्र
खुटुवा जब्दी,8,603,व्यावसायिक क्षेत्र
खुटुवा जब्दी,8,604,कृषि क्षेत्र
खुटुवा जब्दी,8,605,आवासीय क्षेत्र
खुटुवा जब्दी,8,606,कृषि क्षेत्र
खुटुवा जब्दी,8,607,कृषि क्षेत्र
खुटुवा जब्दी,8,608,कृषि क्षेत्र
खुटुवा जब्दी,8,613,व्यावसायिक क्षेत्र
खुटुवा जब्दी,8,614,व्यावसायिक क्षेत्र
खुटुवा जब्दी,8,626,औद्योगिक क्षेत्र
खुटुवा जब्दी,8,627,औद्योगिक क्षेत्र
खुटुवा जब्दी,8,628,औद्योगिक क्षेत्र
खुटुवा जब्दी,8,630,आवासीय क्षेत्र
खुटुवा जब्दी,8,631,आवासीय क्षेत्र
खुटुवा जब्दी,8,640,व्यावसायिक क्षेत्र
खुटुवा जब्दी,8,641,व्यावसायिक क्षेत्र
खुटुवा जब्दी,8,642,व्यावसायिक क्षेत्र
खुटुवा जब्दी,8,643,व्यावसायिक क्षेत्र
खुटुवा जब्दी,8,651,व्यावसायिक क्षेत्र
खुटुवा जब्दी,8,652,व्यावसायिक क्षेत्र
खुटुवा जब्दी,8,655,आवासीय क्षेत्र
खुटुवा जब्दी,8,656,आवासीय क्षेत्र
खुटुवा जब्दी,8,665,आवासीय क्षेत्र
खुटुवा जब्दी,8,666,आवासीय क्षेत्र
खुटुवा जब्दी,8,667,आवासीय क्षेत्र
खुटुवा जब्दी,8,668,आवासीय क्षेत्र
खुटुवा जब्दी,8,669,कृषि क्षेत्र
खुटुवा जब्दी,8,670,कृषि क्षेत्र
खुटुवा जब्दी,8,671,आवासीय क्षेत्र
खुटुवा जब्दी,8,672,आवासीय क्षेत्र
खुटुवा जब्दी,8,673,आवासीय क्षेत्र
खुटुवा जब्दी,8,675,आवासीय क्षेत्र
खुटुवा जब्दी,8,685,कृषि क्षेत्र
खुटुवा जब्दी,8,686,कृषि क्षेत्र
खुटुवा जब्दी,8,687,औद्योगिक क्षेत्र
खुटुवा जब्दी,8,688,औद्योगिक क्षेत्र
खुटुवा जब्दी,8,689,औद्योगिक क्षेत्र
खुटुवा जब्दी,8,690,औद्योगिक क्षेत्र
खुटुवा जब्दी,8,691,आवासीय क्षेत्र
खुटुवा जब्दी,8,692,आवासीय क्षेत्र
खुटुवा जब्दी,8,692,आवासीय क्षेत्र
खुटुवा जब्दी,8,692,आवासीय क्षेत्र
खुटुवा जब्दी,8,693,आवासीय क्षेत्र
खुटुवा जब्दी,8,694,आवासीय क्षेत्र
खुटुवा जब्दी,8,695,कृषि क्षेत्र
खुटुवा जब्दी,8,696,कृषि क्षेत्र
खुटुवा जब्दी,8,697,औद्योगिक क्षेत्र
खुटुवा जब्दी,8,698,औद्योगिक क्षेत्र
खुटुवा जब्दी,8,699,कृषि क्षेत्र
खुटुवा जब्दी,8,700,कृषि क्षेत्र
खुटुवा जब्दी,8,701,औद्योगिक क्षेत्र
खुटुवा जब्दी,8,702,औद्योगिक क्षेत्र
खुटुवा जब्दी,8,703,कृषि क्षेत्र
खुटुवा जब्दी,8,704,कृषि क्षेत्र
खुटुवा जब्दी,8,705,व्यावसायिक क्षेत्र
खुटुवा जब्दी,8,706,व्यावसायिक क्षेत्र
खुटुवा जब्दी,8,707,व्यावसायिक क्षेत्र
खुटुवा जब्दी,8,708,औद्योगिक क्षेत्र
खुटुवा जब्दी,8,709,औद्योगिक क्षेत्र
खुटुवा जब्दी,8,710,आवासीय क्षेत्र
खुटुवा जब्दी,8,711,आवासीय क्षेत्र
खुटुवा जब्दी,8,719,आवासीय क्षेत्र
खुटुवा जब्दी,8,720,आवासीय क्षेत्र
खुटुवा जब्दी,8,721,आवासीय क्षेत्र
खुटुवा जब्दी,8,727,आवासीय क्षेत्र
खुटुवा जब्दी,8,728,आवासीय क्षेत्र
खुटुवा जब्दी,8,729,औद्योगिक क्षेत्र
खुटुवा जब्दी,8,730,औद्योगिक क्षेत्र
खुटुवा जब्दी,8,731,औद्योगिक क्षेत्र
खुटुवा जब्दी,8,732,औद्योगिक क्षेत्र
खुटुवा जब्दी,8,733,औद्योगिक क्षेत्र
खुटुवा जब्दी,8,734,औद्योगिक क्षेत्र
खुटुवा जब्दी,8,735,औद्योगिक क्षेत्र
खुटुवा जब्दी,8,736,औद्योगिक क्षेत्र
खुटुवा जब्दी,8,739,आवासीय क्षेत्र
खुटुवा जब्दी,8,740,आवासीय क्षेत्र
खुटुवा जब्दी,8 गाउँ,4,आवासीय क्षेत्र
खुटुवा जब्दी,8 गाउँ,5,आवासीय क्षेत्र
खुटुवा जब्दी,8 गाउँ,6,आवासीय क्षेत्र
खुटुवा जब्दी,8 गाउँ,7,आवासीय क्षेत्र
खुटुवा जब्दी,8 गाउँ,8,आवासीय क्षेत्र
खुटुवा जब्दी,8 गाउँ,10,आवासीय क्षेत्र
खुटुवा जब्दी,8 गाउँ,11,आवासीय क्षेत्र
खुटुवा जब्दी,8 गाउँ,12,आवासीय क्षेत्र
खुटुवा जब्दी,8 गाउँ,13,आवासीय क्षेत्र
खुटुवा जब्दी,8 गाउँ,14,आवासीय क्षेत्र
खुटुवा जब्दी,8 गाउँ,15,आवासीय क्षेत्र
खुटुवा जब्दी,8 गाउँ,16,आवासीय क्षेत्र
खुटुवा जब्दी,8 गाउँ,17,आवासीय क्षेत्र
खुटुवा जब्दी,8 गाउँ,18,आवासीय क्षेत्र
खुटुवा जब्दी,8 गाउँ,19,आवासीय क्षेत्र
खुटुवा जब्दी,8 गाउँ,20,आवासीय क्षेत्र
खुटुवा जब्दी,8 गाउँ,21,आवासीय क्षेत्र
खुटुवा जब्दी,8 गाउँ,24,आवासीय क्षेत्र
खुटुवा जब्दी,8 गाउँ,25,आवासीय क्षेत्र
खुटुवा जब्दी,8 गाउँ,26,आवासीय क्षेत्र
खुटुवा जब्दी,8 गाउँ,27,आवासीय क्षेत्र
खुटुवा जब्दी,8 गाउँ,28,आवासीय क्षेत्र
खुटुवा जब्दी,8 गाउँ,29,आवासीय क्षेत्र
खुटुवा जब्दी,8 गाउँ,30,आवासीय क्षेत्र
खुटुवा जब्दी,8 गाउँ,32,आवासीय क्षेत्र
खुटुवा जब्दी,8 गाउँ,33,आवासीय क्षेत्र
खुटुवा जब्दी,8 गाउँ,34,आवासीय क्षेत्र
खुटुवा जब्दी,8 गाउँ,36,आवासीय क्षेत्र
खुटुवा जब्दी,8 गाउँ,37,आवासीय क्षेत्र
खुटुवा जब्दी,8 गाउँ,38,आवासीय क्षेत्र
खुटुवा जब्दी,8 गाउँ,39,आवासीय क्षेत्र
खुटुवा जब्दी,8 गाउँ,40,आवासीय क्षेत्र
खुटुवा जब्दी,8 गाउँ,42,आवासीय क्षेत्र
खुटुवा जब्दी,8 गाउँ,43,आवासीय क्षेत्र
खुटुवा जब्दी,8 गाउँ,44,आवासीय क्षेत्र
खुटुवा जब्दी,8 गाउँ,45,आवासीय क्षेत्र
खुटुवा जब्दी,8 गाउँ,47,आवासीय क्षेत्र
खुटुवा जब्दी,8 गाउँ,48,आवासीय क्षेत्र
खुटुवा जब्दी,8 गाउँ,49,आवासीय क्षेत्र
खुटुवा जब्दी,8 गाउँ,50,आवासीय क्षेत्र
खुटुवा जब्दी,8 गाउँ,51,आवासीय क्षेत्र
खुटुवा जब्दी,8 गाउँ,52,आवासीय क्षेत्र
खुटुवा जब्दी,8 गाउँ,53,आवासीय क्षेत्र
खुटुवा जब्दी,8 गाउँ,54,आवासीय क्षेत्र
खुटुवा जब्दी,8 गाउँ,55,आवासीय क्षेत्र
खुटुवा जब्दी,8 गाउँ,56,आवासीय क्षेत्र
खुटुवा जब्दी,8 गाउँ,57,आवासीय क्षेत्र
खुटुवा जब्दी,8 गाउँ,58,आवासीय क्षेत्र
खुटुवा जब्दी,8 गाउँ,59,आवासीय क्षेत्र
खुटुवा जब्दी,8 गाउँ,60,आवासीय क्षेत्र
खुटुवा जब्दी,8 गाउँ,61,आवासीय क्षेत्र
खुटुवा जब्दी,8 गाउँ,62,आवासीय क्षेत्र
खुटुवा जब्दी,8 गाउँ,63,आवासीय क्षेत्र
खुटुवा जब्दी,8 गाउँ,66,आवासीय क्षेत्र
खुटुवा जब्दी,8 गाउँ,67,आवासीय क्षेत्र
खुटुवा जब्दी,8 गाउँ,68,आवासीय क्षेत्र
खुटुवा जब्दी,8 गाउँ,69,आवासीय क्षेत्र
खुटुवा जब्दी,8 गाउँ,70,आवासीय क्षेत्र
खुटुवा जब्दी,8 गाउँ,71,आवासीय क्षेत्र
खुटुवा जब्दी,8 गाउँ,72,आवासीय क्षेत्र
खुटुवा जब्दी,8 गाउँ,73,आवासीय क्षेत्र
खुटुवा जब्दी,8 गाउँ,74,आवासीय क्षेत्र
खुटुवा जब्दी,8 गाउँ,75,आवासीय क्षेत्र
खुटुवा जब्दी,8 गाउँ,76,सार्वजनिक उपयोगको क्षेत्र
खुटुवा जब्दी,8 गाउँ,77,सार्वजनिक उपयोगको क्षेत्र
खुटुवा जब्दी,8 गाउँ,78,आवासीय क्षेत्र
खुटुवा जब्दी,8 गाउँ,79,आवासीय क्षेत्र
खुटुवा जब्दी,8 गाउँ,80,आवासीय क्षेत्र
खुटुवा जब्दी,8 गाउँ,81,आवासीय क्षेत्र
खुटुवा जब्दी,8 गाउँ,82,आवासीय क्षेत्र
खुटुवा जब्दी,8 गाउँ,84,आवासीय क्षेत्र
खुटुवा जब्दी,8 गाउँ,85,आवासीय क्षेत्र
खुटुवा जब्दी,8 गाउँ,86,आवासीय क्षेत्र
खुटुवा जब्दी,8 गाउँ,87,आवासीय क्षेत्र
खुटुवा जब्दी,8 गाउँ,88,आवासीय क्षेत्र
खुटुवा जब्दी,8 गाउँ,89,आवासीय क्षेत्र
खुटुवा जब्दी,8 गाउँ,90,आवासीय क्षेत्र
खुटुवा जब्दी,8 गाउँ,91,आवासीय क्षेत्र
खुटुवा जब्दी,8 गाउँ,92,आवासीय क्षेत्र
खुटुवा जब्दी,8 गाउँ,93,आवासीय क्षेत्र
खुटुवा जब्दी,8 गाउँ,94,आवासीय क्षेत्र
खुटुवा जब्दी,8 गाउँ,95,आवासीय क्षेत्र
खुटुवा जब्दी,8 गाउँ,96,आवासीय क्षेत्र
खुटुवा जब्दी,8 गाउँ,97,आवासीय क्षेत्र
खुटुवा जब्दी,8 गाउँ,100,आवासीय क्षेत्र
खुटुवा जब्दी,8 गाउँ,101,आवासीय क्षेत्र
खुटुवा जब्दी,8 गाउँ,102,आवासीय क्षेत्र
खुटुवा जब्दी,8 गाउँ,103,आवासीय क्षेत्र
खुटुवा जब्दी,8 गाउँ,104,आवासीय क्षेत्र
खुटुवा जब्दी,8 गाउँ,105,आवासीय क्षेत्र
खुटुवा जब्दी,8 गाउँ,106,आवासीय क्षेत्र
खुटुवा जब्दी,8 गाउँ,107,आवासीय क्षेत्र
खुटुवा जब्दी,8 गाउँ,109,आवासीय क्षेत्र
खुटुवा जब्दी,8 गाउँ,110,आवासीय क्षेत्र
खुटुवा जब्दी,8 गाउँ,112,आवासीय क्षेत्र
खुटुवा जब्दी,8 गाउँ,117,आवासीय क्षेत्र
खुटुवा जब्दी,8 गाउँ,118,आवासीय क्षेत्र
खुटुवा जब्दी,8 गाउँ,119,आवासीय क्षेत्र
खुटुवा जब्दी,8 गाउँ,122,आवासीय क्षेत्र
खुटुवा जब्दी,8 गाउँ,123,आवासीय क्षेत्र
खुटुवा जब्दी,9,0,आवासीय क्षेत्र
खुटुवा जब्दी,9,0,सार्वजनिक उपयोगको क्षेत्र
खुटुवा जब्दी,9,0,आवासीय क्षेत्र
खुटुवा जब्दी,9,1,आवासीय क्षेत्र
खुटुवा जब्दी,9,2,आवासीय क्षेत्र
खुटुवा जब्दी,9,3,आवासीय क्षेत्र
खुटुवा जब्दी,9,4,आवासीय क्षेत्र
खुटुवा जब्दी,9,7,आवासीय क्षेत्र
खुटुवा जब्दी,9,11,आवासीय क्षेत्र
खुटुवा जब्दी,9,12,आवासीय क्षेत्र
खुटुवा जब्दी,9,13,आवासीय क्षेत्र
खुटुवा जब्दी,9,15,आवासीय क्षेत्र
खुटुवा जब्दी,9,16,आवासीय क्षेत्र
खुटुवा जब्दी,9,17,आवासीय क्षेत्र
खुटुवा जब्दी,9,18,आवासीय क्षेत्र
खुटुवा जब्दी,9,19,आवासीय क्षेत्र
खुटुवा जब्दी,9,20,आवासीय क्षेत्र
खुटुवा जब्दी,9,21,आवासीय क्षेत्र
खुटुवा जब्दी,9,22,आवासीय क्षेत्र
खुटुवा जब्दी,9,23,सार्वजनिक उपयोगको क्षेत्र
खुटुवा जब्दी,9,24,आवासीय क्षेत्र
खुटुवा जब्दी,9,25,आवासीय क्षेत्र
खुटुवा जब्दी,9,27,आवासीय क्षेत्र
खुटुवा जब्दी,9,28,आवासीय क्षेत्र
खुटुवा जब्दी,9,30,आवासीय क्षेत्र
खुटुवा जब्दी,9,31,आवासीय क्षेत्र
खुटुवा जब्दी,9,34,कृषि क्षेत्र
खुटुवा जब्दी,9,36,कृषि क्षेत्र
खुटुवा जब्दी,9,37,कृषि क्षेत्र
खुटुवा जब्दी,9,38,कृषि क्षेत्र
खुटुवा जब्दी,9,40,कृषि क्षेत्र
खुटुवा जब्दी,9,41,कृषि क्षेत्र
खुटुवा जब्दी,9,42,कृषि क्षेत्र
खुटुवा जब्दी,9,43,कृषि क्षेत्र
खुटुवा जब्दी,9,44,कृषि क्षेत्र
खुटुवा जब्दी,9,45,कृषि क्षेत्र
खुटुवा जब्दी,9,46,कृषि क्षेत्र
खुटुवा जब्दी,9,48,कृषि क्षेत्र
खुटुवा जब्दी,9,51,कृषि क्षेत्र
खुटुवा जब्दी,9,54,आवासीय क्षेत्र
खुटुवा जब्दी,9,56,आवासीय क्षेत्र
खुटुवा जब्दी,9,59,आवासीय क्षेत्र
खुटुवा जब्दी,9,61,आवासीय क्षेत्र
खुटुवा जब्दी,9,62,आवासीय क्षेत्र
खुटुवा जब्दी,9,64,आवासीय क्षेत्र
खुटुवा जब्दी,9,65,आवासीय क्षेत्र
खुटुवा जब्दी,9,71,आवासीय क्षेत्र
खुटुवा जब्दी,9,73,आवासीय क्षेत्र
खुटुवा जब्दी,9,76,आवासीय क्षेत्र
खुटुवा जब्दी,9,77,आवासीय क्षेत्र
खुटुवा जब्दी,9,78,आवासीय क्षेत्र
खुटुवा जब्दी,9,79,आवासीय क्षेत्र
खुटुवा जब्दी,9,80,आवासीय क्षेत्र
खुटुवा जब्दी,9,81,आवासीय क्षेत्र
खुटुवा जब्दी,9,82,आवासीय क्षेत्र
खुटुवा जब्दी,9,83,आवासीय क्षेत्र
खुटुवा जब्दी,9,84,आवासीय क्षेत्र
खुटुवा जब्दी,9,85,आवासीय क्षेत्र
खुटुवा जब्दी,9,87,आवासीय क्षेत्र
खुटुवा जब्दी,9,88,आवासीय क्षेत्र
खुटुवा जब्दी,9,89,आवासीय क्षेत्र
खुटुवा जब्दी,9,90,आवासीय क्षेत्र
खुटुवा जब्दी,9,91,आवासीय क्षेत्र
खुटुवा जब्दी,9,92,आवासीय क्षेत्र
खुटुवा जब्दी,9,94,आवासीय क्षेत्र
खुटुवा जब्दी,9,96,आवासीय क्षेत्र
खुटुवा जब्दी,9,97,आवासीय क्षेत्र
खुटुवा जब्दी,9,98,आवासीय क्षेत्र
खुटुवा जब्दी,9,100,आवासीय क्षेत्र
खुटुवा जब्दी,9,101,आवासीय क्षेत्र
खुटुवा जब्दी,9,102,आवासीय क्षेत्र
खुटुवा जब्दी,9,103,आवासीय क्षेत्र
खुटुवा जब्दी,9,104,आवासीय क्षेत्र
खुटुवा जब्दी,9,105,आवासीय क्षेत्र
खुटुवा जब्दी,9,106,आवासीय क्षेत्र
खुटुवा जब्दी,9,107,आवासीय क्षेत्र
खुटुवा जब्दी,9,108,आवासीय क्षेत्र
खुटुवा जब्दी,9,109,आवासीय क्षेत्र
खुटुवा जब्दी,9,110,आवासीय क्षेत्र
खुटुवा जब्दी,9,111,आवासीय क्षेत्र
खुटुवा जब्दी,9,113,आवासीय क्षेत्र
खुटुवा जब्दी,9,114,आवासीय क्षेत्र
खुटुवा जब्दी,9,115,आवासीय क्षेत्र
खुटुवा जब्दी,9,116,आवासीय क्षेत्र
खुटुवा जब्दी,9,117,आवासीय क्षेत्र
खुटुवा जब्दी,9,118,आवासीय क्षेत्र
खुटुवा जब्दी,9,123,आवासीय क्षेत्र
खुटुवा जब्दी,9,124,आवासीय क्षेत्र
खुटुवा जब्दी,9,128,आवासीय क्षेत्र
खुटुवा जब्दी,9,129,आवासीय क्षेत्र
खुटुवा जब्दी,9,130,आवासीय क्षेत्र
खुटुवा जब्दी,9,131,आवासीय क्षेत्र
खुटुवा जब्दी,9,133,आवासीय क्षेत्र
खुटुवा जब्दी,9,136,आवासीय क्षेत्र
खुटुवा जब्दी,9,139,आवासीय क्षेत्र
खुटुवा जब्दी,9,140,आवासीय क्षेत्र
खुटुवा जब्दी,9,141,आवासीय क्षेत्र
खुटुवा जब्दी,9,143,आवासीय क्षेत्र
खुटुवा जब्दी,9,144,आवासीय क्षेत्र
खुटुवा जब्दी,9,146,आवासीय क्षेत्र
खुटुवा जब्दी,9,148,आवासीय क्षेत्र
खुटुवा जब्दी,9,149,आवासीय क्षेत्र
खुटुवा जब्दी,9,150,आवासीय क्षेत्र
खुटुवा जब्दी,9,151,आवासीय क्षेत्र
खुटुवा जब्दी,9,154,आवासीय क्षेत्र
खुटुवा जब्दी,9,156,आवासीय क्षेत्र
खुटुवा जब्दी,9,157,आवासीय क्षेत्र
खुटुवा जब्दी,9,158,आवासीय क्षेत्र
खुटुवा जब्दी,9,159,आवासीय क्षेत्र
खुटुवा जब्दी,9,160,आवासीय क्षेत्र
खुटुवा जब्दी,9,161,आवासीय क्षेत्र
खुटुवा जब्दी,9,164,आवासीय क्षेत्र
खुटुवा जब्दी,9,165,आवासीय क्षेत्र
खुटुवा जब्दी,9,167,आवासीय क्षेत्र
खुटुवा जब्दी,9,168,आवासीय क्षेत्र
खुटुवा जब्दी,9,169,आवासीय क्षेत्र
खुटुवा जब्दी,9,170,आवासीय क्षेत्र
खुटुवा जब्दी,9,171,आवासीय क्षेत्र
खुटुवा जब्दी,9,173,आवासीय क्षेत्र
खुटुवा जब्दी,9,174,आवासीय क्षेत्र
खुटुवा जब्दी,9,175,आवासीय क्षेत्र
खुटुवा जब्दी,9,176,आवासीय क्षेत्र
खुटुवा जब्दी,9,177,आवासीय क्षेत्र
खुटुवा जब्दी,9,178,आवासीय क्षेत्र
खुटुवा जब्दी,9,179,आवासीय क्षेत्र
खुटुवा जब्दी,9,180,आवासीय क्षेत्र
खुटुवा जब्दी,9,181,आवासीय क्षेत्र
खुटुवा जब्दी,9,184,आवासीय क्षेत्र
खुटुवा जब्दी,9,185,आवासीय क्षेत्र
खुटुवा जब्दी,9,186,आवासीय क्षेत्र
खुटुवा जब्दी,9,187,आवासीय क्षेत्र
खुटुवा जब्दी,9,190,आवासीय क्षेत्र
खुटुवा जब्दी,9,191,आवासीय क्षेत्र
खुटुवा जब्दी,9,192,आवासीय क्षेत्र
खुटुवा जब्दी,9,194,आवासीय क्षेत्र
खुटुवा जब्दी,9,195,आवासीय क्षेत्र
खुटुवा जब्दी,9,197,आवासीय क्षेत्र
खुटुवा जब्दी,9,199,आवासीय क्षेत्र
खुटुवा जब्दी,9,200,आवासीय क्षेत्र
खुटुवा जब्दी,9,202,आवासीय क्षेत्र
खुटुवा जब्दी,9,203,आवासीय क्षेत्र
खुटुवा जब्दी,9,204,आवासीय क्षेत्र
खुटुवा जब्दी,9,205,आवासीय क्षेत्र
खुटुवा जब्दी,9,206,आवासीय क्षेत्र
खुटुवा जब्दी,9,207,आवासीय क्षेत्र
खुटुवा जब्दी,9,208,सार्वजनिक उपयोगको क्षेत्र
खुटुवा जब्दी,9,209,आवासीय क्षेत्र
खुटुवा जब्दी,9,210,आवासीय क्षेत्र
खुटुवा जब्दी,9,211,आवासीय क्षेत्र
खुटुवा जब्दी,9,212,आवासीय क्षेत्र
खुटुवा जब्दी,9,213,आवासीय क्षेत्र
खुटुवा जब्दी,9,214,आवासीय क्षेत्र
खुटुवा जब्दी,9,215,आवासीय क्षेत्र
खुटुवा जब्दी,9,216,आवासीय क्षेत्र
खुटुवा जब्दी,9,217,आवासीय क्षेत्र
खुटुवा जब्दी,9,218,आवासीय क्षेत्र
खुटुवा जब्दी,9,219,आवासीय क्षेत्र
खुटुवा जब्दी,9,221,आवासीय क्षेत्र
खुटुवा जब्दी,9,222,आवासीय क्षेत्र
खुटुवा जब्दी,9,223,आवासीय क्षेत्र
खुटुवा जब्दी,9,225,आवासीय क्षेत्र
खुटुवा जब्दी,9,226,आवासीय क्षेत्र
खुटुवा जब्दी,9,229,आवासीय क्षेत्र
खुटुवा जब्दी,9,230,कृषि क्षेत्र
खुटुवा जब्दी,9,231,आवासीय क्षेत्र
खुटुवा जब्दी,9,237,आवासीय क्षेत्र
खुटुवा जब्दी,9,242,आवासीय क्षेत्र
खुटुवा जब्दी,9,243,आवासीय क्षेत्र
खुटुवा जब्दी,9,244,आवासीय क्षेत्र
खुटुवा जब्दी,9,247,आवासीय क्षेत्र
खुटुवा जब्दी,9,248,आवासीय क्षेत्र
खुटुवा जब्दी,9,249,आवासीय क्षेत्र
खुटुवा जब्दी,9,250,आवासीय क्षेत्र
खुटुवा जब्दी,9,251,आवासीय क्षेत्र
खुटुवा जब्दी,9,252,आवासीय क्षेत्र
खुटुवा जब्दी,9,253,आवासीय क्षेत्र
खुटुवा जब्दी,9,254,आवासीय क्षेत्र
खुटुवा जब्दी,9,255,आवासीय क्षेत्र
खुटुवा जब्दी,9,257,आवासीय क्षेत्र
खुटुवा जब्दी,9,258,आवासीय क्षेत्र
खुटुवा जब्दी,9,259,आवासीय क्षेत्र
खुटुवा जब्दी,9,260,आवासीय क्षेत्र
खुटुवा जब्दी,9,261,आवासीय क्षेत्र
खुटुवा जब्दी,9,266,आवासीय क्षेत्र
खुटुवा जब्दी,9,267,आवासीय क्षेत्र
खुटुवा जब्दी,9,268,कृषि क्षेत्र
खुटुवा जब्दी,9,271,आवासीय क्षेत्र
खुटुवा जब्दी,9,273,आवासीय क्षेत्र
खुटुवा जब्दी,9,274,कृषि क्षेत्र
खुटुवा जब्दी,9,275,आवासीय क्षेत्र
खुटुवा जब्दी,9,276,आवासीय क्षेत्र
खुटुवा जब्दी,9,277,आवासीय क्षेत्र
खुटुवा जब्दी,9,278,आवासीय क्षेत्र
खुटुवा जब्दी,9,279,आवासीय क्षेत्र
खुटुवा जब्दी,9,280,आवासीय क्षेत्र
खुटुवा जब्दी,9,281,आवासीय क्षेत्र
खुटुवा जब्दी,9,282,आवासीय क्षेत्र
खुटुवा जब्दी,9,287,आवासीय क्षेत्र
खुटुवा जब्दी,9,288,आवासीय क्षेत्र
खुटुवा जब्दी,9,295,आवासीय क्षेत्र
खुटुवा जब्दी,9,296,आवासीय क्षेत्र
खुटुवा जब्दी,9,297,आवासीय क्षेत्र
खुटुवा जब्दी,9,301,आवासीय क्षेत्र
खुटुवा जब्दी,9,303,आवासीय क्षेत्र
खुटुवा जब्दी,9,304,आवासीय क्षेत्र
खुटुवा जब्दी,9,305,आवासीय क्षेत्र
खुटुवा जब्दी,9,306,आवासीय क्षेत्र
खुटुवा जब्दी,9,310,आवासीय क्षेत्र
खुटुवा जब्दी,9,314,आवासीय क्षेत्र
खुटुवा जब्दी,9,315,आवासीय क्षेत्र
खुटुवा जब्दी,9,316,आवासीय क्षेत्र
खुटुवा जब्दी,9,317,आवासीय क्षेत्र
खुटुवा जब्दी,9,318,आवासीय क्षेत्र
खुटुवा जब्दी,9,320,आवासीय क्षेत्र
खुटुवा जब्दी,9,322,आवासीय क्षेत्र
खुटुवा जब्दी,9,323,आवासीय क्षेत्र
खुटुवा जब्दी,9,325,कृषि क्षेत्र
खुटुवा जब्दी,9,326,आवासीय क्षेत्र
खुटुवा जब्दी,9,327,आवासीय क्षेत्र
खुटुवा जब्दी,9,334,आवासीय क्षेत्र
खुटुवा जब्दी,9,335,आवासीय क्षेत्र
खुटुवा जब्दी,9,338,कृषि क्षेत्र
खुटुवा जब्दी,9,340,कृषि क्षेत्र
खुटुवा जब्दी,9,341,कृषि क्षेत्र
खुटुवा जब्दी,9,349,आवासीय क्षेत्र
खुटुवा जब्दी,9,358,कृषि क्षेत्र
खुटुवा जब्दी,9,359,आवासीय क्षेत्र
खुटुवा जब्दी,9,365,आवासीय क्षेत्र
खुटुवा जब्दी,9,366,आवासीय क्षेत्र
खुटुवा जब्दी,9,374,आवासीय क्षेत्र
खुटुवा जब्दी,9,375,आवासीय क्षेत्र
खुटुवा जब्दी,9,376,आवासीय क्षेत्र
खुटुवा जब्दी,9,377,आवासीय क्षेत्र
खुटुवा जब्दी,9,379,आवासीय क्षेत्र
खुटुवा जब्दी,9,385,आवासीय क्षेत्र
खुटुवा जब्दी,9,386,आवासीय क्षेत्र
खुटुवा जब्दी,9,386,आवासीय क्षेत्र
खुटुवा जब्दी,9,387,आवासीय क्षेत्र
खुटुवा जब्दी,9,388,आवासीय क्षेत्र
खुटुवा जब्दी,9,393,कृषि क्षेत्र
खुटुवा जब्दी,9,396,आवासीय क्षेत्र
खुटुवा जब्दी,9,397,आवासीय क्षेत्र
खुटुवा जब्दी,9,398,आवासीय क्षेत्र
खुटुवा जब्दी,9,399,आवासीय क्षेत्र
खुटुवा जब्दी,9,400,आवासीय क्षेत्र
खुटुवा जब्दी,9,417,आवासीय क्षेत्र
खुटुवा जब्दी,9,418,आवासीय क्षेत्र
खुटुवा जब्दी,9,419,आवासीय क्षेत्र
खुटुवा जब्दी,9,426,आवासीय क्षेत्र
खुटुवा जब्दी,9,427,आवासीय क्षेत्र
खुटुवा जब्दी,9,428,आवासीय क्षेत्र
खुटुवा जब्दी,9,429,आवासीय क्षेत्र
खुटुवा जब्दी,9,434,आवासीय क्षेत्र
खुटुवा जब्दी,9,435,आवासीय क्षेत्र
खुटुवा जब्दी,9,436,आवासीय क्षेत्र
खुटुवा जब्दी,9,445,आवासीय क्षेत्र
खुटुवा जब्दी,9,446,आवासीय क्षेत्र
खुटुवा जब्दी,9,451,आवासीय क्षेत्र
खुटुवा जब्दी,9,452,आवासीय क्षेत्र
खुटुवा जब्दी,9,453,आवासीय क्षेत्र
खुटुवा जब्दी,9,454,आवासीय क्षेत्र
खुटुवा जब्दी,9,455,आवासीय क्षेत्र
खुटुवा जब्दी,9,456,आवासीय क्षेत्र
खुटुवा जब्दी,9,459,आवासीय क्षेत्र
खुटुवा जब्दी,9,460,आवासीय क्षेत्र
खुटुवा जब्दी,9,470,कृषि क्षेत्र
खुटुवा जब्दी,9,471,कृषि क्षेत्र
खुटुवा जब्दी,9,472,आवासीय क्षेत्र
खुटुवा जब्दी,9,473,आवासीय क्षेत्र
खुटुवा जब्दी,9,474,आवासीय क्षेत्र
खुटुवा जब्दी,9,479,आवासीय क्षेत्र
खुटुवा जब्दी,9,480,आवासीय क्षेत्र
खुटुवा जब्दी,9,481,आवासीय क्षेत्र
खुटुवा जब्दी,9,494,आवासीय क्षेत्र
खुटुवा जब्दी,9,495,आवासीय क्षेत्र
खुटुवा जब्दी,9,497,आवासीय क्षेत्र
खुटुवा जब्दी,9,498,आवासीय क्षेत्र
खुटुवा जब्दी,9,499,आवासीय क्षेत्र
खुटुवा जब्दी,9,508,आवासीय क्षेत्र
खुटुवा जब्दी,9,509,आवासीय क्षेत्र
खुटुवा जब्दी,9,510,आवासीय क्षेत्र
खुटुवा जब्दी,9,527,आवासीय क्षेत्र
खुटुवा जब्दी,9,528,आवासीय क्षेत्र
खुटुवा जब्दी,9,534,आवासीय क्षेत्र
खुटुवा जब्दी,9,541,आवासीय क्षेत्र
खुटुवा जब्दी,9,542,आवासीय क्षेत्र
खुटुवा जब्दी,9,545,कृषि क्षेत्र
खुटुवा जब्दी,9,558,आवासीय क्षेत्र
खुटुवा जब्दी,9,559,आवासीय क्षेत्र
खुटुवा जब्दी,9,560,आवासीय क्षेत्र
खुटुवा जब्दी,9,561,आवासीय क्षेत्र
खुटुवा जब्दी,9,562,आवासीय क्षेत्र
खुटुवा जब्दी,9,563,आवासीय क्षेत्र
खुटुवा जब्दी,9,564,आवासीय क्षेत्र
खुटुवा जब्दी,9,578,आवासीय क्षेत्र
खुटुवा जब्दी,9,585,आवासीय क्षेत्र
खुटुवा जब्दी,9,586,आवासीय क्षेत्र
खुटुवा जब्दी,9,609,आवासीय क्षेत्र
खुटुवा जब्दी,9,614,कृषि क्षेत्र
खुटुवा जब्दी,9,615,कृषि क्षेत्र
खुटुवा जब्दी,9,616,आवासीय क्षेत्र
खुटुवा जब्दी,9,617,आवासीय क्षेत्र
खुटुवा जब्दी,9,626,कृषि क्षेत्र
खुटुवा जब्दी,9,627,कृषि क्षेत्र
खुटुवा जब्दी,9,645,आवासीय क्षेत्र
खुटुवा जब्दी,9,646,आवासीय क्षेत्र
खुटुवा जब्दी,9,653,आवासीय क्षेत्र
खुटुवा जब्दी,9,654,आवासीय क्षेत्र
खुटुवा जब्दी,9,657,आवासीय क्षेत्र
खुटुवा जब्दी,9,661,आवासीय क्षेत्र
खुटुवा जब्दी,9,664,आवासीय क्षेत्र
खुटुवा जब्दी,9,665,आवासीय क्षेत्र
खुटुवा जब्दी,9,666,आवासीय क्षेत्र
खुटुवा जब्दी,9,670,आवासीय क्षेत्र
खुटुवा जब्दी,9,671,आवासीय क्षेत्र
खुटुवा जब्दी,9,672,आवासीय क्षेत्र
खुटुवा जब्दी,9,673,आवासीय क्षेत्र
खुटुवा जब्दी,9,674,आवासीय क्षेत्र
खुटुवा जब्दी,9,680,आवासीय क्षेत्र
खुटुवा जब्दी,9,681,आवासीय क्षेत्र
खुटुवा जब्दी,9,682,आवासीय क्षेत्र
खुटुवा जब्दी,9,683,कृषि क्षेत्र
खुटुवा जब्दी,9,684,कृषि क्षेत्र
खुटुवा जब्दी,9,685,आवासीय क्षेत्र
खुटुवा जब्दी,9,686,आवासीय क्षेत्र
खुटुवा जब्दी,9,688,आवासीय क्षेत्र
खुटुवा जब्दी,9,689,आवासीय क्षेत्र
खुटुवा जब्दी,9,690,आवासीय क्षेत्र
खुटुवा जब्दी,9,691,आवासीय क्षेत्र
खुटुवा जब्दी,9,692,आवासीय क्षेत्र
खुटुवा जब्दी,9,698,आवासीय क्षेत्र
खुटुवा जब्दी,9,699,आवासीय क्षेत्र
खुटुवा जब्दी,9,700,आवासीय क्षेत्र
खुटुवा जब्दी,9,701,आवासीय क्षेत्र
खुटुवा जब्दी,9,705,आवासीय क्षेत्र
खुटुवा जब्दी,9,706,आवासीय क्षेत्र
खुटुवा जब्दी,9,707,आवासीय क्षेत्र
खुटुवा जब्दी,9,708,आवासीय क्षेत्र
खुटुवा जब्दी,9,709,आवासीय क्षेत्र
खुटुवा जब्दी,9,716,आवासीय क्षेत्र
खुटुवा जब्दी,9,717,आवासीय क्षेत्र
खुटुवा जब्दी,9,720,आवासीय क्षेत्र
खुटुवा जब्दी,9,721,आवासीय क्षेत्र
खुटुवा जब्दी,9,722,आवासीय क्षेत्र
खुटुवा जब्दी,9,723,आवासीय क्षेत्र
खुटुवा जब्दी,9,724,आवासीय क्षेत्र
खुटुवा जब्दी,9,725,आवासीय क्षेत्र
खुटुवा जब्दी,9,726,आवासीय क्षेत्र
खुटुवा जब्दी,9,727,आवासीय क्षेत्र
खुटुवा जब्दी,9,730,आवासीय क्षेत्र
खुटुवा जब्दी,9,731,आवासीय क्षेत्र
खुटुवा जब्दी,9,737,आवासीय क्षेत्र
खुटुवा जब्दी,9,738,आवासीय क्षेत्र
खुटुवा जब्दी,9,739,आवासीय क्षेत्र
खुटुवा जब्दी,9,740,आवासीय क्षेत्र
खुटुवा जब्दी,9,741,आवासीय क्षेत्र
खुटुवा जब्दी,9,743,आवासीय क्षेत्र
खुटुवा जब्दी,9,744,आवासीय क्षेत्र
खुटुवा जब्दी,9,747,आवासीय क्षेत्र
खुटुवा जब्दी,9,748,आवासीय क्षेत्र
खुटुवा जब्दी,9,749,आवासीय क्षेत्र
खुटुवा जब्दी,9,750,आवासीय क्षेत्र
खुटुवा जब्दी,9,751,आवासीय क्षेत्र
खुटुवा जब्दी,9,753,आवासीय क्षेत्र
खुटुवा जब्दी,9,754,आवासीय क्षेत्र
खुटुवा जब्दी,9,755,आवासीय क्षेत्र
खुटुवा जब्दी,9,756,आवासीय क्षेत्र
खुटुवा जब्दी,9,757,आवासीय क्षेत्र
खुटुवा जब्दी,9,758,आवासीय क्षेत्र
खुटुवा जब्दी,9,761,आवासीय क्षेत्र
खुटुवा जब्दी,9,762,आवासीय क्षेत्र
खुटुवा जब्दी,9,763,आवासीय क्षेत्र
खुटुवा जब्दी,9,764,आवासीय क्षेत्र
खुटुवा जब्दी,9 गाउँ,1,आवासीय क्षेत्र
खुटुवा जब्दी,9 गाउँ,3,आवासीय क्षेत्र
खुटुवा जब्दी,9 गाउँ,4,आवासीय क्षेत्र
खुटुवा जब्दी,9 गाउँ,5,आवासीय क्षेत्र
खुटुवा जब्दी,9 गाउँ,6,आवासीय क्षेत्र
खुटुवा जब्दी,9 गाउँ,7,आवासीय क्षेत्र
खुटुवा जब्दी,9 गाउँ,9,आवासीय क्षेत्र
खुटुवा जब्दी,9 गाउँ,10,आवासीय क्षेत्र
खुटुवा जब्दी,9 गाउँ,11,आवासीय क्षेत्र
खुटुवा जब्दी,9 गाउँ,12,आवासीय क्षेत्र
खुटुवा जब्दी,9 गाउँ,13,आवासीय क्षेत्र
खुटुवा जब्दी,9 गाउँ,14,आवासीय क्षेत्र
खुटुवा जब्दी,9 गाउँ,17,आवासीय क्षेत्र
खुटुवा जब्दी,9 गाउँ,18,आवासीय क्षेत्र
खुटुवा जब्दी,9 गाउँ,19,व्यावसायिक क्षेत्र
खुटुवा जब्दी,9 गाउँ,22,आवासीय क्षेत्र
खुटुवा जब्दी,9 गाउँ,23,व्यावसायिक क्षेत्र
खुटुवा जब्दी,9 गाउँ,24,व्यावसायिक क्षेत्र
खुटुवा जब्दी,9 गाउँ,25,आवासीय क्षेत्र
खुटुवा जब्दी,9 गाउँ,27,आवासीय क्षेत्र
खुटुवा जब्दी,9 गाउँ,28,आवासीय क्षेत्र
खुटुवा जब्दी,9 गाउँ,29,आवासीय क्षेत्र
खुटुवा जब्दी,9 गाउँ,30,आवासीय क्षेत्र
खुटुवा जब्दी,9 गाउँ,31,आवासीय क्षेत्र
खुटुवा जब्दी,9 गाउँ,32,आवासीय क्षेत्र
खुटुवा जब्दी,9 गाउँ,33,आवासीय क्षेत्र
खुटुवा जब्दी,9 गाउँ,34,आवासीय क्षेत्र
खुटुवा जब्दी,9 गाउँ,35,आवासीय क्षेत्र
खुटुवा जब्दी,9 गाउँ,36,आवासीय क्षेत्र
खुटुवा जब्दी,9 गाउँ,39,आवासीय क्षेत्र
खुटुवा जब्दी,9 गाउँ,40,व्यावसायिक क्षेत्र
खुटुवा जब्दी,9 गाउँ,41,आवासीय क्षेत्र
खुटुवा जब्दी,9 गाउँ,42,आवासीय क्षेत्र
खुटुवा जब्दी,9 गाउँ,43,आवासीय क्षेत्र
खुटुवा जब्दी,9 गाउँ,44,आवासीय क्षेत्र
खुटुवा जब्दी,9 गाउँ,45,आवासीय क्षेत्र
खुटुवा जब्दी,9 गाउँ,47,आवासीय क्षेत्र
खुटुवा जब्दी,9 गाउँ,48,आवासीय क्षेत्र
खुटुवा जब्दी,9 गाउँ,49,आवासीय क्षेत्र
खुटुवा जब्दी,9 गाउँ,50,आवासीय क्षेत्र
खुटुवा जब्दी,9 गाउँ,51,आवासीय क्षेत्र
खुटुवा जब्दी,9 गाउँ,52,आवासीय क्षेत्र
खुटुवा जब्दी,9 गाउँ,53,आवासीय क्षेत्र
खुटुवा जब्दी,9 गाउँ,54,आवासीय क्षेत्र
नकटुवा,8,91,आवासीय क्षेत्र
नकटुवा,8,101,आवासीय क्षेत्र
नकटुवा,8,102,आवासीय क्षेत्र
नकटुवा,8,103,आवासीय क्षेत्र
नकटुवा,8,104,आवासीय क्षेत्र
नकटुवा,8,105,आवासीय क्षेत्र
नकटुवा,8,106,आवासीय क्षेत्र
नकटुवा,8,107,आवासीय क्षेत्र
नकटुवा,8,108,आवासीय क्षेत्र
नकटुवा,8,109,आवासीय क्षेत्र
नकटुवा,8,110,आवासीय क्षेत्र
नकटुवा,8,111,आवासीय क्षेत्र
नकटुवा,8,114,आवासीय क्षेत्र
नकटुवा,8,194,आवासीय क्षेत्र
नकटुवा,8,195,कृषि क्षेत्र
नकटुवा,8,196,कृषि क्षेत्र
नकटुवा,8,198,कृषि क्षेत्र
नकटुवा,8,253,कृषि क्षेत्र
नकटुवा,8,255,आवासीय क्षेत्र
नकटुवा,8,265,आवासीय क्षेत्र
नकटुवा,8,266,आवासीय क्षेत्र
नकटुवा,8,318,आवासीय क्षेत्र
नकटुवा,8,370,आवासीय क्षेत्र
नकटुवा,8,371,आवासीय क्षेत्र
नकटुवा,8,454,आवासीय क्षेत्र
नकटुवा,8,455,आवासीय क्षेत्र
नकटुवा,8,471,आवासीय क्षेत्र
नकटुवा,8,472,आवासीय क्षेत्र
नकटुवा,8,637,आवासीय क्षेत्र
नकटुवा,8,748,आवासीय क्षेत्र
नकटुवा,8,750,आवासीय क्षेत्र
नकटुवा,8,763,आवासीय क्षेत्र
नकटुवा,8,764,आवासीय क्षेत्र
नकटुवा,8,766,आवासीय क्षेत्र
नकटुवा,8,997,आवासीय क्षेत्र
नकटुवा,8,998,आवासीय क्षेत्र
नकटुवा,8,999,आवासीय क्षेत्र
नकटुवा,8 ख,2,आवासीय क्षेत्र
नकटुवा,8 ख,3,आवासीय क्षेत्र
नकटुवा,8 ख,4,आवासीय क्षेत्र
नकटुवा,8 ख,11,आवासीय क्षेत्र
नकटुवा,8 ख,13,आवासीय क्षेत्र
नकटुवा,8 ख,14,आवासीय क्षेत्र
नकटुवा,8 ख,15,आवासीय क्षेत्र
नकटुवा,8 ख,16,आवासीय क्षेत्र
नकटुवा,8 ख,17,आवासीय क्षेत्र
नकटुवा,8 ख,18,आवासीय क्षेत्र
नकटुवा,8 ख,23,आवासीय क्षेत्र
नकटुवा,8 ख,24,आवासीय क्षेत्र
नकटुवा,8 ख,26,आवासीय क्षेत्र
नकटुवा,8 ख,27,आवासीय क्षेत्र
नकटुवा,8 ख,30,आवासीय क्षेत्र
नकटुवा,8 ख,31,आवासीय क्षेत्र
नकटुवा,8 ख,32,आवासीय क्षेत्र
नकटुवा,8 ख,33,आवासीय क्षेत्र
नकटुवा,8 ख,37,आवासीय क्षेत्र
नकटुवा,8 ख,39,आवासीय क्षेत्र
नकटुवा,8 ख,40,आवासीय क्षेत्र
नकटुवा,8 ख,42,आवासीय क्षेत्र
नकटुवा,8 ख,47,आवासीय क्षेत्र
नकटुवा,8 ख,50,आवासीय क्षेत्र
नकटुवा,8 ख,52,सार्वजनिक उपयोगको क्षेत्र
नकटुवा,8 ख,54,आवासीय क्षेत्र
नकटुवा,8 ख,55,आवासीय क्षेत्र
नकटुवा,8 ख,61,आवासीय क्षेत्र
नकटुवा,8 ख,61,आवासीय क्षेत्र
नकटुवा,8 ख,61,आवासीय क्षेत्र
नकटुवा,8 ख,61,आवासीय क्षेत्र
नकटुवा,8 ख,61,आवासीय क्षेत्र
नकटुवा,8 ख,61,आवासीय क्षेत्र
नकटुवा,8 ख,61,आवासीय क्षेत्र
नकटुवा,8 ख,61,आवासीय क्षेत्र
नकटुवा,8 ख,61,आवासीय क्षेत्र
नकटुवा,8 ख,61,आवासीय क्षेत्र
नकटुवा,8 ख,62,आवासीय क्षेत्र
नकटुवा,8 ख,64,आवासीय क्षेत्र
नकटुवा,8 ख,69,आवासीय क्षेत्र
नकटुवा,8 ख,76,आवासीय क्षेत्र
नकटुवा,8 ख,77,आवासीय क्षेत्र
नकटुवा,8 ख,78,आवासीय क्षेत्र
नकटुवा,8 ख,81,आवासीय क्षेत्र
नकटुवा,8 ख,82,आवासीय क्षेत्र
नकटुवा,8 ख,83,आवासीय क्षेत्र
नकटुवा,8 ख,84,आवासीय क्षेत्र
नकटुवा,8 ख,85,आवासीय क्षेत्र
नकटुवा,8 ख,105,आवासीय क्षेत्र
नकटुवा,8 ख,114,आवासीय क्षेत्र
नकटुवा,8 ख,115,आवासीय क्षेत्र
नकटुवा,8 ख,137,आवासीय क्षेत्र
नकटुवा,8 ख,138,आवासीय क्षेत्र
नकटुवा,8 ख,157,आवासीय क्षेत्र
नकटुवा,8 ख,158,आवासीय क्षेत्र
नकटुवा,8 ख,159,आवासीय क्षेत्र
नकटुवा,8 ख,160,आवासीय क्षेत्र
नकटुवा,8 ख,165,आवासीय क्षेत्र
नकटुवा,8 ख,186,आवासीय क्षेत्र
नकटुवा,8 ख,187,आवासीय क्षेत्र
नकटुवा,8 ख,299,आवासीय क्षेत्र
नकटुवा,8 ख,303,आवासीय क्षेत्र
नकटुवा,8 ख,304,आवासीय क्षेत्र
नकटुवा,8 ख,315,आवासीय क्षेत्र
नकटुवा,8 ख,316,आवासीय क्षेत्र
नकटुवा,8 ख,317,आवासीय क्षेत्र
नकटुवा,8 ख,318,आवासीय क्षेत्र
नकटुवा,8 ख,319,आवासीय क्षेत्र
नकटुवा,8 ख,320,आवासीय क्षेत्र
नकटुवा,8 ख,353,आवासीय क्षेत्र
नकटुवा,8 ख,354,आवासीय क्षेत्र
नकटुवा,8 ख,355,आवासीय क्षेत्र
नकटुवा,8 ख,356,आवासीय क्षेत्र
नकटुवा,8 ख,359,आवासीय क्षेत्र
नकटुवा,8 ख,360,आवासीय क्षेत्र
नकटुवा,8 ख,379,आवासीय क्षेत्र
नकटुवा,8 ख,380,आवासीय क्षेत्र
नकटुवा,8 ख,381,आवासीय क्षेत्र
नकटुवा,8 ख,382,आवासीय क्षेत्र
नकटुवा,8 ख,385,आवासीय क्षेत्र
नकटुवा,8 ख,389,आवासीय क्षेत्र
नकटुवा,8 ख,390,आवासीय क्षेत्र
नकटुवा,8 ख,391,आवासीय क्षेत्र
नकटुवा,8 ख,400,आवासीय क्षेत्र
नकटुवा,8 ख,401,आवासीय क्षेत्र
नकटुवा,8 ख,402,आवासीय क्षेत्र
नकटुवा,8 ख,415,आवासीय क्षेत्र
नकटुवा,8 ख,416,आवासीय क्षेत्र
नकटुवा,8 ख,417,आवासीय क्षेत्र
नकटुवा,8 ख,419,आवासीय क्षेत्र
नकटुवा,8 ख,421,आवासीय क्षेत्र
नकटुवा,8 ख,438,आवासीय क्षेत्र
नकटुवा,8 ख,439,आवासीय क्षेत्र
नकटुवा,8 ख,444,आवासीय क्षेत्र
नकटुवा,8 ख,445,आवासीय क्षेत्र
नकटुवा,8 ख,446,आवासीय क्षेत्र
नकटुवा,8 ख,449,आवासीय क्षेत्र
नकटुवा,8 ख,450,आवासीय क्षेत्र
नकटुवा,8 ख,454,आवासीय क्षेत्र
नकटुवा,8 ख,476,आवासीय क्षेत्र
नकटुवा,8 ख,477,आवासीय क्षेत्र
नकटुवा,8 ख,478,आवासीय क्षेत्र
नकटुवा,8 ख,479,आवासीय क्षेत्र
नकटुवा,8 ख,480,आवासीय क्षेत्र
नकटुवा,8 ख,481,आवासीय क्षेत्र
नकटुवा,8 ख,482,आवासीय क्षेत्र
नकटुवा,8 ख,483,आवासीय क्षेत्र
नकटुवा,8 ख,484,आवासीय क्षेत्र
नकटुवा,8 ख,487,आवासीय क्षेत्र
नकटुवा,8 ख,488,आवासीय क्षेत्र
नकटुवा,8 ख,489,आवासीय क्षेत्र
नकटुवा,8 ख,500,आवासीय क्षेत्र
नकटुवा,8 ख,501,आवासीय क्षेत्र
नकटुवा,8 ख,507,आवासीय क्षेत्र
नकटुवा,8 ख,509,आवासीय क्षेत्र
नकटुवा,8 ख,512,आवासीय क्षेत्र
नकटुवा,8 ख,524,आवासीय क्षेत्र
नकटुवा,8 ख,525,आवासीय क्षेत्र
नकटुवा,8 ख,532,आवासीय क्षेत्र
नकटुवा,8 ख,538,आवासीय क्षेत्र
नकटुवा,8 ख,539,आवासीय क्षेत्र
नकटुवा,8 ख,540,आवासीय क्षेत्र
नकटुवा,8 ख,541,आवासीय क्षेत्र
नकटुवा,8 ख,542,आवासीय क्षेत्र
नकटुवा,8 ख,543,आवासीय क्षेत्र
नकटुवा,8 ख,544,आवासीय क्षेत्र
नकटुवा,8 ख,546,आवासीय क्षेत्र
नकटुवा,8 ख,547,आवासीय क्षेत्र
नकटुवा,8 ख,548,आवासीय क्षेत्र
नकटुवा,8 ख,561,आवासीय क्षेत्र
नकटुवा,8 ख,562,आवासीय क्षेत्र
नकटुवा,8 ख,565,आवासीय क्षेत्र
नकटुवा,8 ख,566,आवासीय क्षेत्र
नकटुवा,8 ख,566,आवासीय क्षेत्र
नकटुवा,8 ख,566,आवासीय क्षेत्र
नकटुवा,8 ख,566,आवासीय क्षेत्र
नकटुवा,8 ख,566,आवासीय क्षेत्र
नकटुवा,8 ख,567,आवासीय क्षेत्र
नकटुवा,8 ख,569,आवासीय क्षेत्र
नकटुवा,8 ख,570,आवासीय क्षेत्र
नकटुवा,8 ख,571,आवासीय क्षेत्र
नकटुवा,8 ख,572,आवासीय क्षेत्र
नकटुवा,8 ख,573,आवासीय क्षेत्र
नकटुवा,8 ख,574,आवासीय क्षेत्र
नकटुवा,8 ख,9991,आवासीय क्षेत्र
नकटुवा,8 ख,9995,आवासीय क्षेत्र
नकटुवा,8 ख,9997,आवासीय क्षेत्र
नकटुवा,8 ख,9998,आवासीय क्षेत्र
नकटुवा,8 ख,9999,सार्वजनिक उपयोगको क्षेत्र
नकटुवा,8 ग,5,कृषि क्षेत्र
नकटुवा,8 ग,6,कृषि क्षेत्र
नकटुवा,8 ग,7,कृषि क्षेत्र
नकटुवा,8 ग,8,कृषि क्षेत्र
नकटुवा,8 ग,10,कृषि क्षेत्र
नकटुवा,8 ग,11,आवासीय क्षेत्र
नकटुवा,8 ग,12,कृषि क्षेत्र
नकटुवा,8 ग,14,आवासीय क्षेत्र
नकटुवा,8 ग,15,आवासीय क्षेत्र
नकटुवा,8 ग,16,आवासीय क्षेत्र
नकटुवा,8 ग,17,आवासीय क्षेत्र
नकटुवा,8 ग,18,आवासीय क्षेत्र
नकटुवा,8 ग,19,आवासीय क्षेत्र
नकटुवा,8 ग,21,आवासीय क्षेत्र
नकटुवा,8 ग,22,आवासीय क्षेत्र
नकटुवा,8 ग,23,कृषि क्षेत्र
नकटुवा,8 ग,26,आवासीय क्षेत्र
नकटुवा,8 ग,27,आवासीय क्षेत्र
नकटुवा,8 ग,28,आवासीय क्षेत्र
नकटुवा,8 ग,29,आवासीय क्षेत्र
नकटुवा,8 ग,33,कृषि क्षेत्र
नकटुवा,8 ग,34,कृषि क्षेत्र
नकटुवा,8 ग,36,कृषि क्षेत्र
नकटुवा,8 ग,38,कृषि क्षेत्र
नकटुवा,8 ग,41,आवासीय क्षेत्र
नकटुवा,8 ग,42,सार्वजनिक उपयोगको क्षेत्र
नकटुवा,8 ग,43,आवासीय क्षेत्र
नकटुवा,8 ग,44,कृषि क्षेत्र
नकटुवा,8 ग,45,कृषि क्षेत्र
नकटुवा,8 ग,46,कृषि क्षेत्र
नकटुवा,8 ग,47,आवासीय क्षेत्र
नकटुवा,8 ग,48,आवासीय क्षेत्र
नकटुवा,8 ग,49,कृषि क्षेत्र
नकटुवा,8 ग,50,कृषि क्षेत्र
नकटुवा,8 ग,51,कृषि क्षेत्र
नकटुवा,8 ग,55,कृषि क्षेत्र
नकटुवा,8 ग,57,आवासीय क्षेत्र
नकटुवा,8 ग,58,आवासीय क्षेत्र
नकटुवा,8 ग,59,आवासीय क्षेत्र
नकटुवा,8 ग,60,आवासीय क्षेत्र
नकटुवा,8 ग,68,आवासीय क्षेत्र
नकटुवा,8 ग,70,आवासीय क्षेत्र
नकटुवा,8 ग,71,आवासीय क्षेत्र
नकटुवा,8 ग,73,आवासीय क्षेत्र
नकटुवा,8 ग,74,कृषि क्षेत्र
नकटुवा,8 ग,75,आवासीय क्षेत्र
नकटुवा,8 ग,76,आवासीय क्षेत्र
नकटुवा,8 ग,78,कृषि क्षेत्र
नकटुवा,8 ग,79,कृषि क्षेत्र
नकटुवा,8 ग,80,कृषि क्षेत्र
नकटुवा,8 ग,81,कृषि क्षेत्र
नकटुवा,8 ग,82,आवासीय क्षेत्र
नकटुवा,8 ग,83,आवासीय क्षेत्र
नकटुवा,8 ग,84,आवासीय क्षेत्र
नकटुवा,8 ग,85,आवासीय क्षेत्र
नकटुवा,8 ग,86,कृषि क्षेत्र
नकटुवा,8 ग,94,आवासीय क्षेत्र
नकटुवा,8 ग,95,आवासीय क्षेत्र
नकटुवा,8 ग,104,आवासीय क्षेत्र
नकटुवा,8 ग,105,आवासीय क्षेत्र
नकटुवा,8 ग,106,कृषि क्षेत्र
नकटुवा,8 ग,107,कृषि क्षेत्र
नकटुवा,8 ग,110,आवासीय क्षेत्र
नकटुवा,8 ग,111,आवासीय क्षेत्र
नकटुवा,8 ग,112,आवासीय क्षेत्र
नकटुवा,8 ग,113,आवासीय क्षेत्र
नकटुवा,8 ग,9999,आवासीय क्षेत्र
नौतन,1,0,आवासीय क्षेत्र
नौतन,1,0,आवासीय क्षेत्र
नौतन,1,0,आवासीय क्षेत्र
नौतन,1,0,आवासीय क्षेत्र
नौतन,1,0,आवासीय क्षेत्र
नौतन,1,0,आवासीय क्षेत्र
नौतन,1,0,आवासीय क्षेत्र
नौतन,1,0,कृषि क्षेत्र
नौतन,1,0,आवासीय क्षेत्र
नौतन,1,0,आवासीय क्षेत्र
नौतन,1,0,आवासीय क्षेत्र
नौतन,1,0,आवासीय क्षेत्र
नौतन,1,0,सार्वजनिक उपयोगको क्षेत्र
नौतन,1,0,सार्वजनिक उपयोगको क्षेत्र
नौतन,1,0,"नदी, खोला, ताल, सिमसार क्षेत्र"
नौतन,1,11,व्यावसायिक क्षेत्र
नौतन,1,20,कृषि क्षेत्र
नौतन,1,21,आवासीय क्षेत्र
नौतन,1,27,व्यावसायिक क्षेत्र
नौतन,1,29,आवासीय क्षेत्र
नौतन,1,30,आवासीय क्षेत्र
नौतन,1,31,आवासीय क्षेत्र
नौतन,1,33,आवासीय क्षेत्र
नौतन,1,35,व्यावसायिक क्षेत्र
नौतन,1,39,कृषि क्षेत्र
नौतन,1,39,सार्वजनिक उपयोगको क्षेत्र
नौतन,1,40,आवासीय क्षेत्र
नौतन,1,42,आवासीय क्षेत्र
नौतन,1,46,कृषि क्षेत्र
नौतन,1,48,व्यावसायिक क्षेत्र
नौतन,1,49,व्यावसायिक क्षेत्र
नौतन,1,52,आवासीय क्षेत्र
नौतन,1,55,आवासीय क्षेत्र
नौतन,1,56,आवासीय क्षेत्र
नौतन,1,57,आवासीय क्षेत्र
नौतन,1,58,आवासीय क्षेत्र
नौतन,1,63,आवासीय क्षेत्र
नौतन,1,64,व्यावसायिक क्षेत्र
नौतन,1,65,आवासीय क्षेत्र
नौतन,1,66,आवासीय क्षेत्र
नौतन,1,68,आवासीय क्षेत्र
नौतन,1,70,व्यावसायिक क्षेत्र
नौतन,1,72,व्यावसायिक क्षेत्र
नौतन,1,77,आवासीय क्षेत्र
नौतन,1,78,आवासीय क्षेत्र
नौतन,1,80,आवासीय क्षेत्र
नौतन,1,81,आवासीय क्षेत्र
नौतन,1,82,आवासीय क्षेत्र
नौतन,1,84,आवासीय क्षेत्र
नौतन,1,89,आवासीय क्षेत्र
नौतन,1,93,सार्वजनिक उपयोगको क्षेत्र
नौतन,1,95,आवासीय क्षेत्र
नौतन,1,95,आवासीय क्षेत्र
नौतन,1,100,आवासीय क्षेत्र
नौतन,1,101,कृषि क्षेत्र
नौतन,1,101,आवासीय क्षेत्र
नौतन,1,102,आवासीय क्षेत्र
नौतन,1,103,आवासीय क्षेत्र
नौतन,1,104,कृषि क्षेत्र
नौतन,1,106,आवासीय क्षेत्र
नौतन,1,109,आवासीय क्षेत्र
नौतन,1,110,आवासीय क्षेत्र
नौतन,1,113,कृषि क्षेत्र
नौतन,1,121,आवासीय क्षेत्र
नौतन,1,123,कृषि क्षेत्र
नौतन,1,124,आवासीय क्षेत्र
नौतन,1,126,कृषि क्षेत्र
नौतन,1,127,कृषि क्षेत्र
नौतन,1,129,कृषि क्षेत्र
नौतन,1,132,कृषि क्षेत्र
नौतन,1,136,आवासीय क्षेत्र
नौतन,1,137,कृषि क्षेत्र
नौतन,1,137,आवासीय क्षेत्र
नौतन,1,140,कृषि क्षेत्र
नौतन,1,146,आवासीय क्षेत्र
नौतन,1,147,आवासीय क्षेत्र
नौतन,1,148,आवासीय क्षेत्र
नौतन,1,150,आवासीय क्षेत्र
नौतन,1,151,आवासीय क्षेत्र
नौतन,1,152,आवासीय क्षेत्र
नौतन,1,155,आवासीय क्षेत्र
नौतन,1,156,आवासीय क्षेत्र
नौतन,1,157,आवासीय क्षेत्र
नौतन,1,159,आवासीय क्षेत्र
नौतन,1,162,आवासीय क्षेत्र
नौतन,1,163,आवासीय क्षेत्र
नौतन,1,165,आवासीय क्षेत्र
नौतन,1,166,आवासीय क्षेत्र
नौतन,1,168,आवासीय क्षेत्र
नौतन,1,170,कृषि क्षेत्र
नौतन,1,171,आवासीय क्षेत्र
नौतन,1,172,आवासीय क्षेत्र
नौतन,1,174,आवासीय क्षेत्र
नौतन,1,175,आवासीय क्षेत्र
नौतन,1,176,आवासीय क्षेत्र
नौतन,1,178,आवासीय क्षेत्र
नौतन,1,179,आवासीय क्षेत्र
नौतन,1,180,आवासीय क्षेत्र
नौतन,1,185,कृषि क्षेत्र
नौतन,1,189,कृषि क्षेत्र
नौतन,1,191,आवासीय क्षेत्र
नौतन,1,193,कृषि क्षेत्र
नौतन,1,197,आवासीय क्षेत्र
नौतन,1,198,आवासीय क्षेत्र
नौतन,1,201,आवासीय क्षेत्र
नौतन,1,203,कृषि क्षेत्र
नौतन,1,216,व्यावसायिक क्षेत्र
नौतन,1,217,व्यावसायिक क्षेत्र
नौतन,1,220,आवासीय क्षेत्र
नौतन,1,221,आवासीय क्षेत्र
नौतन,1,222,आवासीय क्षेत्र
नौतन,1,229,कृषि क्षेत्र
नौतन,1,229,आवासीय क्षेत्र
नौतन,1,230,कृषि क्षेत्र
नौतन,1,232,आवासीय क्षेत्र
नौतन,1,234,कृषि क्षेत्र
नौतन,1,238,कृषि क्षेत्र
नौतन,1,241,आवासीय क्षेत्र
नौतन,1,245,आवासीय क्षेत्र
नौतन,1,246,आवासीय क्षेत्र
नौतन,1,249,कृषि क्षेत्र
नौतन,1,251,व्यावसायिक क्षेत्र
नौतन,1,253,आवासीय क्षेत्र
नौतन,1,261,कृषि क्षेत्र
नौतन,1,264,आवासीय क्षेत्र
नौतन,1,265,कृषि क्षेत्र
नौतन,1,266,कृषि क्षेत्र
नौतन,1,268,आवासीय क्षेत्र
नौतन,1,269,आवासीय क्षेत्र
नौतन,1,270,आवासीय क्षेत्र
नौतन,1,271,आवासीय क्षेत्र
नौतन,1,272,आवासीय क्षेत्र
नौतन,1,288,आवासीय क्षेत्र
नौतन,1,289,व्यावसायिक क्षेत्र
नौतन,1,291,व्यावसायिक क्षेत्र
नौतन,1,292,व्यावसायिक क्षेत्र
नौतन,1,297,व्यावसायिक क्षेत्र
नौतन,1,302,व्यावसायिक क्षेत्र
नौतन,1,303,व्यावसायिक क्षेत्र
नौतन,1,304,कृषि क्षेत्र
नौतन,1,305,कृषि क्षेत्र
नौतन,1,306,कृषि क्षेत्र
नौतन,1,307,कृषि क्षेत्र
नौतन,1,308,आवासीय क्षेत्र
नौतन,1,309,आवासीय क्षेत्र
नौतन,1,310,आवासीय क्षेत्र
नौतन,1,311,आवासीय क्षेत्र
नौतन,1,318,आवासीय क्षेत्र
नौतन,1,319,आवासीय क्षेत्र
नौतन,1,320,कृषि क्षेत्र
नौतन,1,321,कृषि क्षेत्र
नौतन,1,330,आवासीय क्षेत्र
नौतन,1,332,कृषि क्षेत्र
नौतन,1,334,कृषि क्षेत्र
नौतन,1,336,आवासीय क्षेत्र
नौतन,1,341,व्यावसायिक क्षेत्र
नौतन,1,343,कृषि क्षेत्र
नौतन,1,346,कृषि क्षेत्र
नौतन,1,347,कृषि क्षेत्र
नौतन,1,348,कृषि क्षेत्र
नौतन,1,349,कृषि क्षेत्र
नौतन,1,350,आवासीय क्षेत्र
नौतन,1,351,आवासीय क्षेत्र
नौतन,1,356,व्यावसायिक क्षेत्र
नौतन,1,359,आवासीय क्षेत्र
नौतन,1,360,आवासीय क्षेत्र
नौतन,1,361,आवासीय क्षेत्र
नौतन,1,362,आवासीय क्षेत्र
नौतन,1,367,कृषि क्षेत्र
नौतन,1,368,आवासीय क्षेत्र
नौतन,1,369,आवासीय क्षेत्र
नौतन,1,370,आवासीय क्षेत्र
नौतन,1,371,कृषि क्षेत्र
नौतन,1,373,आवासीय क्षेत्र
नौतन,1,377,व्यावसायिक क्षेत्र
नौतन,1,378,व्यावसायिक क्षेत्र
नौतन,1,387,कृषि क्षेत्र
नौतन,1,388,कृषि क्षेत्र
नौतन,1,389,आवासीय क्षेत्र
नौतन,1,390,व्यावसायिक क्षेत्र
नौतन,1,391,व्यावसायिक क्षेत्र
नौतन,1,392,कृषि क्षेत्र
नौतन,1,396,औद्योगिक क्षेत्र
नौतन,1,400,आवासीय क्षेत्र
नौतन,1,401,आवासीय क्षेत्र
नौतन,1,402,कृषि क्षेत्र
नौतन,1,404,कृषि क्षेत्र
नौतन,1,405,कृषि क्षेत्र
नौतन,1,408,कृषि क्षेत्र
नौतन,1,409,कृषि क्षेत्र
नौतन,1,412,कृषि क्षेत्र
नौतन,1,413,कृषि क्षेत्र
नौतन,1,415,आवासीय क्षेत्र
नौतन,1,420,कृषि क्षेत्र
नौतन,1,421,कृषि क्षेत्र
नौतन,1,422,कृषि क्षेत्र
नौतन,1,423,कृषि क्षेत्र
नौतन,1,425,कृषि क्षेत्र
नौतन,1,426,कृषि क्षेत्र
नौतन,1,427,कृषि क्षेत्र
नौतन,1,432,कृषि क्षेत्र
नौतन,1,435,आवासीय क्षेत्र
नौतन,1,439,कृषि क्षेत्र
नौतन,1,440,कृषि क्षेत्र
नौतन,1,441,व्यावसायिक क्षेत्र
नौतन,1,442,व्यावसायिक क्षेत्र
नौतन,1,445,व्यावसायिक क्षेत्र
नौतन,1,446,व्यावसायिक क्षेत्र
नौतन,1,447,आवासीय क्षेत्र
नौतन,1,448,कृषि क्षेत्र
नौतन,1,449,कृषि क्षेत्र
नौतन,1,450,कृषि क्षेत्र
नौतन,1,451,आवासीय क्षेत्र
नौतन,1,452,आवासीय क्षेत्र
नौतन,1,453,आवासीय क्षेत्र
नौतन,1,464,आवासीय क्षेत्र
नौतन,1,470,कृषि क्षेत्र
नौतन,1,471,कृषि क्षेत्र
नौतन,1,473,आवासीय क्षेत्र
नौतन,1,478,कृषि क्षेत्र
नौतन,1,501,कृषि क्षेत्र
नौतन,1,502,कृषि क्षेत्र
नौतन,1,507,आवासीय क्षेत्र
नौतन,1,509,कृषि क्षेत्र
नौतन,1,510,कृषि क्षेत्र
नौतन,1,518,कृषि क्षेत्र
नौतन,1,519,कृषि क्षेत्र
नौतन,1,520,कृषि क्षेत्र
नौतन,1,521,आवासीय क्षेत्र
नौतन,1,523,कृषि क्षेत्र
नौतन,1,524,कृषि क्षेत्र
नौतन,1,525,आवासीय क्षेत्र
नौतन,1,526,आवासीय क्षेत्र
नौतन,1,528,कृषि क्षेत्र
नौतन,1,529,आवासीय क्षेत्र
नौतन,1,530,आवासीय क्षेत्र
नौतन,1,531,आवासीय क्षेत्र
नौतन,1,532,आवासीय क्षेत्र
नौतन,1,533,कृषि क्षेत्र
नौतन,1,534,कृषि क्षेत्र
नौतन,1,535,आवासीय क्षेत्र
नौतन,1,539,कृषि क्षेत्र
नौतन,1,550,आवासीय क्षेत्र
नौतन,1,585,आवासीय क्षेत्र
नौतन,1,586,आवासीय क्षेत्र
नौतन,1,587,आवासीय क्षेत्र
नौतन,1,588,व्यावसायिक क्षेत्र
नौतन,1,600,व्यावसायिक क्षेत्र
नौतन,1,601,आवासीय क्षेत्र
नौतन,1,604,कृषि क्षेत्र
नौतन,1,605,कृषि क्षेत्र
नौतन,1,606,कृषि क्षेत्र
नौतन,1,608,कृषि क्षेत्र
नौतन,1,611,आवासीय क्षेत्र
नौतन,1,612,आवासीय क्षेत्र
नौतन,1,623,कृषि क्षेत्र
नौतन,1,624,कृषि क्षेत्र
नौतन,1,627,कृषि क्षेत्र
नौतन,1,628,कृषि क्षेत्र
नौतन,1,629,कृषि क्षेत्र
नौतन,1,630,कृषि क्षेत्र
नौतन,1,631,कृषि क्षेत्र
नौतन,1,641,कृषि क्षेत्र
नौतन,1,642,कृषि क्षेत्र
नौतन,1,650,कृषि क्षेत्र
नौतन,1,651,कृषि क्षेत्र
नौतन,1,659,कृषि क्षेत्र
नौतन,1,661,आवासीय क्षेत्र
नौतन,1,662,आवासीय क्षेत्र
नौतन,1,668,कृषि क्षेत्र
नौतन,1,672,कृषि क्षेत्र
नौतन,1,673,कृषि क्षेत्र
नौतन,1,674,आवासीय क्षेत्र
नौतन,1,675,आवासीय क्षेत्र
नौतन,1,688,कृषि क्षेत्र
नौतन,1,690,आवासीय क्षेत्र
नौतन,1,692,कृषि क्षेत्र
नौतन,1,696,आवासीय क्षेत्र
नौतन,1,697,आवासीय क्षेत्र
नौतन,1,698,कृषि क्षेत्र
नौतन,1,699,कृषि क्षेत्र
नौतन,1,700,आवासीय क्षेत्र
नौतन,1,701,आवासीय क्षेत्र
नौतन,1,702,कृषि क्षेत्र
नौतन,1,703,कृषि क्षेत्र
नौतन,1,706,आवासीय क्षेत्र
नौतन,1,710,कृषि क्षेत्र
नौतन,1,711,कृषि क्षेत्र
नौतन,1,712,व्यावसायिक क्षेत्र
नौतन,1,713,आवासीय क्षेत्र
नौतन,1,714,आवासीय क्षेत्र
नौतन,1,715,आवासीय क्षेत्र
नौतन,1,716,आवासीय क्षेत्र
नौतन,1,721,कृषि क्षेत्र
नौतन,1,722,कृषि क्षेत्र
नौतन,1,723,आवासीय क्षेत्र
नौतन,1,724,आवासीय क्षेत्र
नौतन,1,725,व्यावसायिक क्षेत्र
नौतन,1,726,व्यावसायिक क्षेत्र
नौतन,1,727,व्यावसायिक क्षेत्र
नौतन,1,728,व्यावसायिक क्षेत्र
नौतन,1,729,कृषि क्षेत्र
नौतन,1,730,कृषि क्षेत्र
नौतन,1,731,कृषि क्षेत्र
नौतन,1,732,कृषि क्षेत्र
नौतन,1,733,कृषि क्षेत्र
नौतन,1,735,कृषि क्षेत्र
नौतन,1,737,कृषि क्षेत्र
नौतन,1,738,कृषि क्षेत्र
नौतन,1,739,आवासीय क्षेत्र
नौतन,1,740,व्यावसायिक क्षेत्र
नौतन,1,741,व्यावसायिक क्षेत्र
नौतन,1,742,आवासीय क्षेत्र
नौतन,1,743,आवासीय क्षेत्र
नौतन,1,748,आवासीय क्षेत्र
नौतन,1,749,आवासीय क्षेत्र
नौतन,1,750,आवासीय क्षेत्र
नौतन,1,751,आवासीय क्षेत्र
नौतन,1,752,कृषि क्षेत्र
नौतन,1,753,कृषि क्षेत्र
नौतन,1,754,कृषि क्षेत्र
नौतन,1,755,कृषि क्षेत्र
नौतन,1,756,कृषि क्षेत्र
नौतन,1,757,कृषि क्षेत्र
नौतन,1,758,कृषि क्षेत्र
नौतन,1,759,आवासीय क्षेत्र
नौतन,1,760,कृषि क्षेत्र
नौतन,1,761,कृषि क्षेत्र
नौतन,1,762,आवासीय क्षेत्र
नौतन,1,763,आवासीय क्षेत्र
नौतन,1,764,व्यावसायिक क्षेत्र
नौतन,1,765,आवासीय क्षेत्र
नौतन,1,766,आवासीय क्षेत्र
नौतन,1,767,आवासीय क्षेत्र
नौतन,1,768,व्यावसायिक क्षेत्र
नौतन,1,769,आवासीय क्षेत्र
नौतन,1,770,आवासीय क्षेत्र
नौतन,1,771,आवासीय क्षेत्र
नौतन,1,772,आवासीय क्षेत्र
नौतन,1,773,आवासीय क्षेत्र
नौतन,1,774,आवासीय क्षेत्र
नौतन,1,775,कृषि क्षेत्र
नौतन,1,776,कृषि क्षेत्र
नौतन,1,777,कृषि क्षेत्र
नौतन,1,781,कृषि क्षेत्र
नौतन,1,782,कृषि क्षेत्र
नौतन,1,787,कृषि क्षेत्र
नौतन,1,788,कृषि क्षेत्र
नौतन,1,789,आवासीय क्षेत्र
नौतन,1,790,आवासीय क्षेत्र
नौतन,1,791,आवासीय क्षेत्र
नौतन,1,792,आवासीय क्षेत्र
नौतन,1,793,व्यावसायिक क्षेत्र
नौतन,1,794,आवासीय क्षेत्र
नौतन,1,796,व्यावसायिक क्षेत्र
नौतन,1,797,आवासीय क्षेत्र
नौतन,1,800,आवासीय क्षेत्र
नौतन,1,801,आवासीय क्षेत्र
नौतन,1,802,आवासीय क्षेत्र
नौतन,1,803,आवासीय क्षेत्र
नौतन,1,803,आवासीय क्षेत्र
नौतन,1,803,आवासीय क्षेत्र
नौतन,1,804,आवासीय क्षेत्र
नौतन,1,805,आवासीय क्षेत्र
नौतन,1,805,आवासीय क्षेत्र
नौतन,1,805,आवासीय क्षेत्र
नौतन,1,806,आवासीय क्षेत्र
नौतन,1,807,आवासीय क्षेत्र
नौतन,1,807,आवासीय क्षेत्र
नौतन,1,807,आवासीय क्षेत्र
नौतन,1,811,व्यावसायिक क्षेत्र
नौतन,1,812,आवासीय क्षेत्र
नौतन,1,813,व्यावसायिक क्षेत्र
नौतन,1,814,व्यावसायिक क्षेत्र
नौतन,1,815,व्यावसायिक क्षेत्र
नौतन,1,816,कृषि क्षेत्र
नौतन,1,817,कृषि क्षेत्र
नौतन,1,818,कृषि क्षेत्र
नौतन,1 गाउँ,0,आवासीय क्षेत्र
नौतन,1 गाउँ,0,आवासीय क्षेत्र
नौतन,1 गाउँ,0,आवासीय क्षेत्र
नौतन,1 गाउँ,0,आवासीय क्षेत्र
नौतन,1 गाउँ,0,आवासीय क्षेत्र
नौतन,1 गाउँ,0,आवासीय क्षेत्र
नौतन,1 गाउँ,0,सार्वजनिक उपयोगको क्षेत्र
नौतन,1 गाउँ,1,आवासीय क्षेत्र
नौतन,1 गाउँ,2,आवासीय क्षेत्र
नौतन,1 गाउँ,3,आवासीय क्षेत्र
नौतन,1 गाउँ,4,आवासीय क्षेत्र
नौतन,1 गाउँ,5,आवासीय क्षेत्र
नौतन,1 गाउँ,6,आवासीय क्षेत्र
नौतन,1 गाउँ,7,आवासीय क्षेत्र
नौतन,1 गाउँ,8,आवासीय क्षेत्र
नौतन,1 गाउँ,9,आवासीय क्षेत्र
नौतन,1 गाउँ,11,आवासीय क्षेत्र
नौतन,1 गाउँ,12,आवासीय क्षेत्र
नौतन,1 गाउँ,13,आवासीय क्षेत्र
नौतन,1 गाउँ,14,आवासीय क्षेत्र
नौतन,1 गाउँ,16,आवासीय क्षेत्र
नौतन,1 गाउँ,17,आवासीय क्षेत्र
नौतन,1 गाउँ,18,आवासीय क्षेत्र
नौतन,1 गाउँ,19,आवासीय क्षेत्र
नौतन,1 गाउँ,20,आवासीय क्षेत्र
नौतन,1 गाउँ,21,आवासीय क्षेत्र
नौतन,1 गाउँ,23,आवासीय क्षेत्र
नौतन,1 गाउँ,24,आवासीय क्षेत्र
नौतन,1 गाउँ,25,आवासीय क्षेत्र
नौतन,1 गाउँ,29,आवासीय क्षेत्र
नौतन,1 गाउँ,30,आवासीय क्षेत्र
नौतन,1 गाउँ,31,आवासीय क्षेत्र
नौतन,1 गाउँ,32,आवासीय क्षेत्र
नौतन,1 गाउँ,33,आवासीय क्षेत्र
नौतन,1 गाउँ,34,आवासीय क्षेत्र
नौतन,1 गाउँ,35,आवासीय क्षेत्र
नौतन,1 गाउँ,36,आवासीय क्षेत्र
नौतन,1 गाउँ,37,आवासीय क्षेत्र
नौतन,1 गाउँ,38,आवासीय क्षेत्र
नौतन,1 गाउँ,40,आवासीय क्षेत्र
नौतन,1 गाउँ,41,आवासीय क्षेत्र
नौतन,1 गाउँ,44,आवासीय क्षेत्र
नौतन,1 गाउँ,46,आवासीय क्षेत्र
नौतन,1 गाउँ,47,आवासीय क्षेत्र
नौतन,1 गाउँ,48,आवासीय क्षेत्र
नौतन,1 गाउँ,49,आवासीय क्षेत्र
नौतन,1 गाउँ,50,आवासीय क्षेत्र
नौतन,1 गाउँ,51,आवासीय क्षेत्र
नौतन,1 गाउँ,52,आवासीय क्षेत्र
नौतन,1 गाउँ,53,आवासीय क्षेत्र
नौतन,1 गाउँ,55,आवासीय क्षेत्र
नौतन,1 गाउँ,56,आवासीय क्षेत्र
नौतन,1 गाउँ,62,आवासीय क्षेत्र
नौतन,1 गाउँ,64,आवासीय क्षेत्र
नौतन,1 गाउँ,69,आवासीय क्षेत्र
नौतन,1 गाउँ,71,आवासीय क्षेत्र
नौतन,1 गाउँ,73,आवासीय क्षेत्र
नौतन,1 गाउँ,74,आवासीय क्षेत्र
नौतन,1 गाउँ,75,आवासीय क्षेत्र
नौतन,1 गाउँ,76,आवासीय क्षेत्र
नौतन,1 गाउँ,77,आवासीय क्षेत्र
नौतन,1 गाउँ,78,आवासीय क्षेत्र
नौतन,1 गाउँ,79,आवासीय क्षेत्र
नौतन,1 गाउँ,80,आवासीय क्षेत्र
नौतन,1 गाउँ,81,आवासीय क्षेत्र
नौतन,1 गाउँ,82,आवासीय क्षेत्र
नौतन,1 गाउँ,83,आवासीय क्षेत्र
नौतन,1 गाउँ,84,आवासीय क्षेत्र
नौतन,1 गाउँ,85,आवासीय क्षेत्र
नौतन,1 गाउँ,87,आवासीय क्षेत्र
नौतन,1 गाउँ,88,आवासीय क्षेत्र
नौतन,1 गाउँ,89,आवासीय क्षेत्र
नौतन,1 गाउँ,90,आवासीय क्षेत्र
नौतन,1 गाउँ,91,आवासीय क्षेत्र
नौतन,1 गाउँ,92,आवासीय क्षेत्र
नौतन,1 गाउँ,93,आवासीय क्षेत्र
नौतन,1 गाउँ,94,आवासीय क्षेत्र
नौतन,1 गाउँ,95,आवासीय क्षेत्र
नौतन,1 गाउँ,96,आवासीय क्षेत्र
नौतन,1 गाउँ,99,आवासीय क्षेत्र
नौतन,1 गाउँ,100,आवासीय क्षेत्र
नौतन,1 गाउँ,101,आवासीय क्षेत्र
नौतन,1 गाउँ,103,आवासीय क्षेत्र
नौतन,1 गाउँ,104,आवासीय क्षेत्र
नौतन,1 गाउँ,105,आवासीय क्षेत्र
नौतन,1 गाउँ,112,आवासीय क्षेत्र
नौतन,1 गाउँ,113,आवासीय क्षेत्र
नौतन,1 गाउँ,114,आवासीय क्षेत्र
नौतन,1 गाउँ,115,आवासीय क्षेत्र
नौतन,1 गाउँ,116,आवासीय क्षेत्र
नौतन,1 गाउँ,117,आवासीय क्षेत्र
नौतन,1 गाउँ,118,आवासीय क्षेत्र
नौतन,1 गाउँ,119,आवासीय क्षेत्र
नौतन,1 गाउँ,120,आवासीय क्षेत्र
नौतन,1 गाउँ,121,आवासीय क्षेत्र
नौतन,1 गाउँ,122,आवासीय क्षेत्र
नौतन,1 गाउँ,123,आवासीय क्षेत्र
नौतन,1 गाउँ,124,आवासीय क्षेत्र
नौतन,1 गाउँ,125,आवासीय क्षेत्र
नौतन,1 गाउँ,126,आवासीय क्षेत्र
नौतन,2,0,सार्वजनिक उपयोगको क्षेत्र
नौतन,2,0,"नदी, खोला, ताल, सिमसार क्षेत्र"
नौतन,2,0,व्यावसायिक क्षेत्र
नौतन,2,0,आवासीय क्षेत्र
नौतन,2,2,कृषि क्षेत्र
नौतन,2,8,कृषि क्षेत्र
नौतन,2,9,कृषि क्षेत्र
नौतन,2,10,कृषि क्षेत्र
नौतन,2,14,कृषि क्षेत्र
नौतन,2,16,कृषि क्षेत्र
नौतन,2,19,कृषि क्षेत्र
नौतन,2,20,कृषि क्षेत्र
नौतन,2,21,कृषि क्षेत्र
नौतन,2,22,व्यावसायिक क्षेत्र
नौतन,2,24,व्यावसायिक क्षेत्र
नौतन,2,25,व्यावसायिक क्षेत्र
नौतन,2,27,कृषि क्षेत्र
नौतन,2,28,कृषि क्षेत्र
नौतन,2,29,कृषि क्षेत्र
नौतन,2,31,कृषि क्षेत्र
नौतन,2,34,कृषि क्षेत्र
नौतन,2,36,कृषि क्षेत्र
नौतन,2,37,कृषि क्षेत्र
नौतन,2,38,कृषि क्षेत्र
नौतन,2,39,कृषि क्षेत्र
नौतन,2,40,कृषि क्षेत्र
नौतन,2,43,कृषि क्षेत्र
नौतन,2,46,कृषि क्षेत्र
नौतन,2,47,कृषि क्षेत्र
नौतन,2,48,कृषि क्षेत्र
नौतन,2,49,कृषि क्षेत्र
नौतन,2,50,कृषि क्षेत्र
नौतन,2,52,कृषि क्षेत्र
नौतन,2,53,कृषि क्षेत्र
नौतन,2,54,कृषि क्षेत्र
नौतन,2,55,कृषि क्षेत्र
नौतन,2,56,कृषि क्षेत्र
नौतन,2,57,कृषि क्षेत्र
नौतन,2,66,कृषि क्षेत्र
नौतन,2,69,कृषि क्षेत्र
नौतन,2,71,आवासीय क्षेत्र
नौतन,2,73,आवासीय क्षेत्र
नौतन,2,74,आवासीय क्षेत्र
नौतन,2,75,आवासीय क्षेत्र
नौतन,2,77,आवासीय क्षेत्र
नौतन,2,78,आवासीय क्षेत्र
नौतन,2,79,आवासीय क्षेत्र
नौतन,2,80,आवासीय क्षेत्र
नौतन,2,81,आवासीय क्षेत्र
नौतन,2,82,आवासीय क्षेत्र
नौतन,2,84,आवासीय क्षेत्र
नौतन,2,87,आवासीय क्षेत्र
नौतन,2,88,आवासीय क्षेत्र
नौतन,2,89,आवासीय क्षेत्र
नौतन,2,90,आवासीय क्षेत्र
नौतन,2,92,आवासीय क्षेत्र
नौतन,2,93,आवासीय क्षेत्र
नौतन,2,94,आवासीय क्षेत्र
नौतन,2,95,आवासीय क्षेत्र
नौतन,2,96,आवासीय क्षेत्र
नौतन,2,97,आवासीय क्षेत्र
नौतन,2,101,आवासीय क्षेत्र
नौतन,2,103,आवासीय क्षेत्र
नौतन,2,105,आवासीय क्षेत्र
नौतन,2,106,आवासीय क्षेत्र
नौतन,2,107,आवासीय क्षेत्र
नौतन,2,109,आवासीय क्षेत्र
नौतन,2,110,आवासीय क्षेत्र
नौतन,2,111,आवासीय क्षेत्र
नौतन,2,112,आवासीय क्षेत्र
नौतन,2,113,आवासीय क्षेत्र
नौतन,2,114,आवासीय क्षेत्र
नौतन,2,115,आवासीय क्षेत्र
नौतन,2,116,आवासीय क्षेत्र
नौतन,2,117,आवासीय क्षेत्र
नौतन,2,118,आवासीय क्षेत्र
नौतन,2,124,कृषि क्षेत्र
नौतन,2,125,कृषि क्षेत्र
नौतन,2,129,कृषि क्षेत्र
नौतन,2,130,कृषि क्षेत्र
नौतन,2,132,कृषि क्षेत्र
नौतन,2,135,कृषि क्षेत्र
नौतन,2,142,कृषि क्षेत्र
नौतन,2,143,आवासीय क्षेत्र
नौतन,2,144,कृषि क्षेत्र
नौतन,2,148,आवासीय क्षेत्र
नौतन,2,149,आवासीय क्षेत्र
नौतन,2,151,आवासीय क्षेत्र
नौतन,2,154,आवासीय क्षेत्र
नौतन,2,154,कृषि क्षेत्र
नौतन,2,156,आवासीय क्षेत्र
नौतन,2,159,कृषि क्षेत्र
नौतन,2,163,कृषि क्षेत्र
नौतन,2,164,आवासीय क्षेत्र
नौतन,2,165,आवासीय क्षेत्र
नौतन,2,167,कृषि क्षेत्र
नौतन,2,168,कृषि क्षेत्र
नौतन,2,172,कृषि क्षेत्र
नौतन,2,174,आवासीय क्षेत्र
नौतन,2,178,व्यावसायिक क्षेत्र
नौतन,2,181,आवासीय क्षेत्र
नौतन,2,183,कृषि क्षेत्र
नौतन,2,185,कृषि क्षेत्र
नौतन,2,186,कृषि क्षेत्र
नौतन,2,192,कृषि क्षेत्र
नौतन,2,192,आवासीय क्षेत्र
नौतन,2,196,व्यावसायिक क्षेत्र
नौतन,2,199,आवासीय क्षेत्र
नौतन,2,200,आवासीय क्षेत्र
नौतन,2,202,आवासीय क्षेत्र
नौतन,2,203,आवासीय क्षेत्र
नौतन,2,204,व्यावसायिक क्षेत्र
नौतन,2,205,कृषि क्षेत्र
नौतन,2,211,कृषि क्षेत्र
नौतन,2,212,कृषि क्षेत्र
नौतन,2,213,कृषि क्षेत्र
नौतन,2,215,व्यावसायिक क्षेत्र
नौतन,2,223,कृषि क्षेत्र
नौतन,2,231,कृषि क्षेत्र
नौतन,2,232,कृषि क्षेत्र
नौतन,2,233,कृषि क्षेत्र
नौतन,2,234,कृषि क्षेत्र
नौतन,2,241,कृषि क्षेत्र
नौतन,2,245,कृषि क्षेत्र
नौतन,2,251,कृषि क्षेत्र
नौतन,2,252,कृषि क्षेत्र
नौतन,2,253,कृषि क्षेत्र
नौतन,2,254,कृषि क्षेत्र
नौतन,2,258,व्यावसायिक क्षेत्र
नौतन,2,259,व्यावसायिक क्षेत्र
नौतन,2,260,आवासीय क्षेत्र
नौतन,2,264,आवासीय क्षेत्र
नौतन,2,265,आवासीय क्षेत्र
नौतन,2,266,आवासीय क्षेत्र
नौतन,2,267,कृषि क्षेत्र
नौतन,2,268,आवासीय क्षेत्र
नौतन,2,286,व्यावसायिक क्षेत्र
नौतन,2,287,व्यावसायिक क्षेत्र
नौतन,2,289,आवासीय क्षेत्र
नौतन,2,290,आवासीय क्षेत्र
नौतन,2,290,कृषि क्षेत्र
नौतन,2,291,कृषि क्षेत्र
नौतन,2,292,व्यावसायिक क्षेत्र
नौतन,2,293,व्यावसायिक क्षेत्र
नौतन,2,296,कृषि क्षेत्र
नौतन,2,297,कृषि क्षेत्र
नौतन,2,298,कृषि क्षेत्र
नौतन,2,298,कृषि क्षेत्र
नौतन,2,300,आवासीय क्षेत्र
नौतन,2,301,आवासीय क्षेत्र
नौतन,2,302,आवासीय क्षेत्र
नौतन,2,303,आवासीय क्षेत्र
नौतन,2,304,आवासीय क्षेत्र
नौतन,2,305,आवासीय क्षेत्र
नौतन,2,310,कृषि क्षेत्र
नौतन,2,311,कृषि क्षेत्र
नौतन,2,312,कृषि क्षेत्र
नौतन,2,313,आवासीय क्षेत्र
नौतन,2,321,कृषि क्षेत्र
नौतन,2,325,आवासीय क्षेत्र
नौतन,2,326,आवासीय क्षेत्र
नौतन,2,328,कृषि क्षेत्र
नौतन,2,329,कृषि क्षेत्र
नौतन,2,330,कृषि क्षेत्र
नौतन,2,345,आवासीय क्षेत्र
नौतन,2,352,कृषि क्षेत्र
नौतन,2,353,कृषि क्षेत्र
नौतन,2,353,कृषि क्षेत्र
नौतन,2,354,कृषि क्षेत्र
नौतन,2,359,कृषि क्षेत्र
नौतन,2,360,व्यावसायिक क्षेत्र
नौतन,2,365,कृषि क्षेत्र
नौतन,2,367,कृषि क्षेत्र
नौतन,2,376,कृषि क्षेत्र
नौतन,2,377,कृषि क्षेत्र
नौतन,2,378,व्यावसायिक क्षेत्र
नौतन,2,383,कृषि क्षेत्र
नौतन,2,384,आवासीय क्षेत्र
नौतन,2,385,आवासीय क्षेत्र
नौतन,2,386,व्यावसायिक क्षेत्र
नौतन,2,387,व्यावसायिक क्षेत्र
नौतन,2,400,कृषि क्षेत्र
नौतन,2,416,आवासीय क्षेत्र
नौतन,2,417,आवासीय क्षेत्र
नौतन,2,420,कृषि क्षेत्र
नौतन,2,421,कृषि क्षेत्र
नौतन,2,422,व्यावसायिक क्षेत्र
नौतन,2,425,कृषि क्षेत्र
नौतन,2,426,कृषि क्षेत्र
नौतन,2,436,आवासीय क्षेत्र
नौतन,2,437,आवासीय क्षेत्र
नौतन,2,439,आवासीय क्षेत्र
नौतन,2,440,आवासीय क्षेत्र
नौतन,2,447,कृषि क्षेत्र
नौतन,2,449,कृषि क्षेत्र
नौतन,2,450,कृषि क्षेत्र
नौतन,2,451,कृषि क्षेत्र
नौतन,2,459,कृषि क्षेत्र
नौतन,2,460,कृषि क्षेत्र
नौतन,2,465,आवासीय क्षेत्र
नौतन,2,466,आवासीय क्षेत्र
नौतन,2,467,आवासीय क्षेत्र
नौतन,2,482,कृषि क्षेत्र
नौतन,2,483,कृषि क्षेत्र
नौतन,2,485,आवासीय क्षेत्र
नौतन,2,489,व्यावसायिक क्षेत्र
नौतन,2,490,व्यावसायिक क्षेत्र
नौतन,2,495,कृषि क्षेत्र
नौतन,2,497,कृषि क्षेत्र
नौतन,2,501,कृषि क्षेत्र
नौतन,2,502,कृषि क्षेत्र
नौतन,2,508,आवासीय क्षेत्र
नौतन,2,509,आवासीय क्षेत्र
नौतन,2,511,आवासीय क्षेत्र
नौतन,2,518,आवासीय क्षेत्र
नौतन,2,519,आवासीय क्षेत्र
नौतन,2,522,कृषि क्षेत्र
नौतन,2,523,कृषि क्षेत्र
नौतन,2,528,कृषि क्षेत्र
नौतन,2,529,कृषि क्षेत्र
नौतन,2,535,कृषि क्षेत्र
नौतन,2,536,कृषि क्षेत्र
नौतन,2,537,कृषि क्षेत्र
नौतन,2,538,कृषि क्षेत्र
नौतन,2,539,कृषि क्षेत्र
नौतन,2,540,कृषि क्षेत्र
नौतन,2,546,कृषि क्षेत्र
नौतन,2,547,व्यावसायिक क्षेत्र
नौतन,2,552,आवासीय क्षेत्र
नौतन,2,553,आवासीय क्षेत्र
नौतन,2,554,आवासीय क्षेत्र
नौतन,2,555,आवासीय क्षेत्र
नौतन,2,561,कृषि क्षेत्र
नौतन,2,562,कृषि क्षेत्र
नौतन,2,569,कृषि क्षेत्र
नौतन,2,570,कृषि क्षेत्र
नौतन,2,575,व्यावसायिक क्षेत्र
नौतन,2,579,कृषि क्षेत्र
नौतन,2,580,कृषि क्षेत्र
नौतन,2,581,व्यावसायिक क्षेत्र
नौतन,2,582,व्यावसायिक क्षेत्र
नौतन,2,583,व्यावसायिक क्षेत्र
नौतन,2,584,कृषि क्षेत्र
नौतन,2,585,कृषि क्षेत्र
नौतन,2,586,कृषि क्षेत्र
नौतन,2,587,कृषि क्षेत्र
नौतन,2,588,कृषि क्षेत्र
नौतन,2,589,कृषि क्षेत्र
नौतन,2,590,कृषि क्षेत्र
नौतन,2,591,व्यावसायिक क्षेत्र
नौतन,2,592,व्यावसायिक क्षेत्र
नौतन,2,593,कृषि क्षेत्र
नौतन,2,594,कृषि क्षेत्र
नौतन,2,595,व्यावसायिक क्षेत्र
नौतन,2,596,कृषि क्षेत्र
नौतन,2,609,आवासीय क्षेत्र
नौतन,2,617,आवासीय क्षेत्र
नौतन,2,618,आवासीय क्षेत्र
नौतन,2,645,कृषि क्षेत्र
नौतन,2,646,कृषि क्षेत्र
नौतन,2,647,कृषि क्षेत्र
नौतन,2,659,आवासीय क्षेत्र
नौतन,2,660,आवासीय क्षेत्र
नौतन,2,662,कृषि क्षेत्र
नौतन,2,663,कृषि क्षेत्र
नौतन,2,664,कृषि क्षेत्र
नौतन,2,670,आवासीय क्षेत्र
नौतन,2,671,कृषि क्षेत्र
नौतन,2,672,आवासीय क्षेत्र
नौतन,2,673,कृषि क्षेत्र
नौतन,2,688,व्यावसायिक क्षेत्र
नौतन,2,692,आवासीय क्षेत्र
नौतन,2,693,आवासीय क्षेत्र
नौतन,2,694,आवासीय क्षेत्र
नौतन,2,699,कृषि क्षेत्र
नौतन,2,700,कृषि क्षेत्र
नौतन,2,795,कृषि क्षेत्र
नौतन,2,803,आवासीय क्षेत्र
नौतन,2,804,आवासीय क्षेत्र
नौतन,2,805,आवासीय क्षेत्र
नौतन,2,806,आवासीय क्षेत्र
नौतन,2,807,कृषि क्षेत्र
नौतन,2,808,कृषि क्षेत्र
नौतन,2,811,आवासीय क्षेत्र
नौतन,2,812,आवासीय क्षेत्र
नौतन,2,822,कृषि क्षेत्र
नौतन,2,823,कृषि क्षेत्र
नौतन,2,830,कृषि क्षेत्र
नौतन,2,831,आवासीय क्षेत्र
नौतन,2,832,कृषि क्षेत्र
नौतन,2,833,कृषि क्षेत्र
नौतन,2,834,कृषि क्षेत्र
नौतन,2,837,आवासीय क्षेत्र
नौतन,2,838,आवासीय क्षेत्र
नौतन,2,839,आवासीय क्षेत्र
नौतन,2,840,आवासीय क्षेत्र
नौतन,2,847,आवासीय क्षेत्र
नौतन,2,848,आवासीय क्षेत्र
नौतन,2,849,आवासीय क्षेत्र
नौतन,2,850,आवासीय क्षेत्र
नौतन,2,851,आवासीय क्षेत्र
नौतन,2,855,आवासीय क्षेत्र
नौतन,2,856,आवासीय क्षेत्र
नौतन,2,857,आवासीय क्षेत्र
नौतन,2,858,आवासीय क्षेत्र
नौतन,2,882,कृषि क्षेत्र
नौतन,2,883,कृषि क्षेत्र
नौतन,2,884,आवासीय क्षेत्र
नौतन,2,885,आवासीय क्षेत्र
नौतन,2,886,आवासीय क्षेत्र
नौतन,2,887,आवासीय क्षेत्र
नौतन,2,889,आवासीय क्षेत्र
नौतन,2,890,आवासीय क्षेत्र
नौतन,2,891,आवासीय क्षेत्र
नौतन,2,893,व्यावसायिक क्षेत्र
नौतन,2,894,व्यावसायिक क्षेत्र
नौतन,2,900,आवासीय क्षेत्र
नौतन,2,902,कृषि क्षेत्र
नौतन,2,903,कृषि क्षेत्र
नौतन,2,904,कृषि क्षेत्र
नौतन,2,905,कृषि क्षेत्र
नौतन,2,909,कृषि क्षेत्र
नौतन,2,910,कृषि क्षेत्र
नौतन,2,911,कृषि क्षेत्र
नौतन,2,912,कृषि क्षेत्र
नौतन,2,913,कृषि क्षेत्र
नौतन,2,914,कृषि क्षेत्र
नौतन,2,915,कृषि क्षेत्र
नौतन,2,916,कृषि क्षेत्र
नौतन,2,917,कृषि क्षेत्र
नौतन,2,918,कृषि क्षेत्र
नौतन,2,919,व्यावसायिक क्षेत्र
नौतन,2,920,व्यावसायिक क्षेत्र
नौतन,2,921,आवासीय क्षेत्र
नौतन,2,923,आवासीय क्षेत्र
नौतन,2,925,कृषि क्षेत्र
नौतन,2,926,कृषि क्षेत्र
नौतन,2,929,आवासीय क्षेत्र
नौतन,2,930,आवासीय क्षेत्र
नौतन,2,931,आवासीय क्षेत्र
नौतन,2,932,आवासीय क्षेत्र
नौतन,2,932,आवासीय क्षेत्र
नौतन,2,933,आवासीय क्षेत्र
नौतन,2,933,आवासीय क्षेत्र
नौतन,2,934,व्यावसायिक क्षेत्र
नौतन,2,935,व्यावसायिक क्षेत्र
नौतन,2,936,व्यावसायिक क्षेत्र
नौतन,2,937,आवासीय क्षेत्र
नौतन,2,938,आवासीय क्षेत्र
नौतन,2,939,आवासीय क्षेत्र
नौतन,2,940,आवासीय क्षेत्र
नौतन,2,941,आवासीय क्षेत्र
नौतन,2,942,आवासीय क्षेत्र
नौतन,2,943,आवासीय क्षेत्र
नौतन,2,944,आवासीय क्षेत्र
नौतन,2,945,आवासीय क्षेत्र
नौतन,2,946,आवासीय क्षेत्र
नौतन,2,959,आवासीय क्षेत्र
नौतन,2,960,आवासीय क्षेत्र
नौतन,2,961,कृषि क्षेत्र
नौतन,2,962,कृषि क्षेत्र
नौतन,2 गाउँ,0,आवासीय क्षेत्र
नौतन,2 गाउँ,0,आवासीय क्षेत्र
नौतन,2 गाउँ,3,आवासीय क्षेत्र
नौतन,2 गाउँ,6,आवासीय क्षेत्र
नौतन,2 गाउँ,7,आवासीय क्षेत्र
नौतन,2 गाउँ,8,आवासीय क्षेत्र
नौतन,2 गाउँ,9,आवासीय क्षेत्र
नौतन,2 गाउँ,10,आवासीय क्षेत्र
नौतन,2 गाउँ,11,आवासीय क्षेत्र
नौतन,2 गाउँ,12,आवासीय क्षेत्र
नौतन,2 गाउँ,13,सार्वजनिक उपयोगको क्षेत्र
नौतन,2 गाउँ,14,आवासीय क्षेत्र
नौतन,2 गाउँ,15,आवासीय क्षेत्र
नौतन,2 गाउँ,17,आवासीय क्षेत्र
नौतन,2 गाउँ,18,आवासीय क्षेत्र
नौतन,2 गाउँ,20,आवासीय क्षेत्र
नौतन,2 गाउँ,22,आवासीय क्षेत्र
नौतन,2 गाउँ,23,आवासीय क्षेत्र
नौतन,2 गाउँ,24,आवासीय क्षेत्र
नौतन,2 गाउँ,25,आवासीय क्षेत्र
नौतन,2 गाउँ,26,आवासीय क्षेत्र
नौतन,2 गाउँ,27,आवासीय क्षेत्र
नौतन,2 गाउँ,28,आवासीय क्षेत्र
नौतन,2 गाउँ,29,आवासीय क्षेत्र
नौतन,2 गाउँ,30,आवासीय क्षेत्र
नौतन,2 गाउँ,31,आवासीय क्षेत्र
नौतन,2 गाउँ,32,आवासीय क्षेत्र
नौतन,2 गाउँ,33,आवासीय क्षेत्र
नौतन,2 गाउँ,34,आवासीय क्षेत्र
नौतन,2 गाउँ,35,आवासीय क्षेत्र
नौतन,2 गाउँ,36,आवासीय क्षेत्र
नौतन,2 गाउँ,37,आवासीय क्षेत्र
नौतन,2 गाउँ,39,आवासीय क्षेत्र
नौतन,2 गाउँ,40,आवासीय क्षेत्र
नौतन,2 गाउँ,41,आवासीय क्षेत्र
नौतन,2 गाउँ,42,आवासीय क्षेत्र
नौतन,2 गाउँ,43,आवासीय क्षेत्र
नौतन,2 गाउँ,44,आवासीय क्षेत्र
नौतन,2 गाउँ,46,आवासीय क्षेत्र
नौतन,2 गाउँ,47,आवासीय क्षेत्र
नौतन,2 गाउँ,48,आवासीय क्षेत्र
नौतन,2 गाउँ,49,आवासीय क्षेत्र
नौतन,2 गाउँ,50,आवासीय क्षेत्र
नौतन,2 गाउँ,51,आवासीय क्षेत्र
नौतन,2 गाउँ,52,आवासीय क्षेत्र
नौतन,2 गाउँ,53,आवासीय क्षेत्र
नौतन,2 गाउँ,54,आवासीय क्षेत्र
नौतन,2 गाउँ,55,आवासीय क्षेत्र
नौतन,2 गाउँ,56,आवासीय क्षेत्र
नौतन,2 गाउँ,57,आवासीय क्षेत्र
नौतन,2 गाउँ,58,आवासीय क्षेत्र
नौतन,2 गाउँ,59,आवासीय क्षेत्र
नौतन,2 गाउँ,60,आवासीय क्षेत्र
नौतन,2 गाउँ,61,आवासीय क्षेत्र
नौतन,2 गाउँ,62,आवासीय क्षेत्र
नौतन,2 गाउँ,63,आवासीय क्षेत्र
नौतन,2 गाउँ,64,आवासीय क्षेत्र
नौतन,2 गाउँ,65,सार्वजनिक उपयोगको क्षेत्र
नौतन,2 गाउँ,66,आवासीय क्षेत्र
नौतन,2 गाउँ,67,आवासीय क्षेत्र
नौतन,2 गाउँ,68,सार्वजनिक उपयोगको क्षेत्र
नौतन,2 गाउँ,69,आवासीय क्षेत्र
नौतन,2 गाउँ,70,आवासीय क्षेत्र
नौतन,2 गाउँ,71,आवासीय क्षेत्र
नौतन,2 गाउँ,72,आवासीय क्षेत्र
नौतन,2 गाउँ,73,आवासीय क्षेत्र
नौतन,2 गाउँ,74,आवासीय क्षेत्र
नौतन,2 गाउँ,75,आवासीय क्षेत्र
नौतन,2 गाउँ,76,आवासीय क्षेत्र
नौतन,2 गाउँ,77,आवासीय क्षेत्र
नौतन,2 गाउँ,78,आवासीय क्षेत्र
नौतन,2 गाउँ,79,आवासीय क्षेत्र
नौतन,2 गाउँ,84,आवासीय क्षेत्र
नौतन,2 गाउँ,85,आवासीय क्षेत्र
नौतन,2 गाउँ,88,आवासीय क्षेत्र
नौतन,2 गाउँ,91,आवासीय क्षेत्र
नौतन,2 गाउँ,92,आवासीय क्षेत्र
नौतन,2 गाउँ,92,आवासीय क्षेत्र
नौतन,2 गाउँ,93,आवासीय क्षेत्र
नौतन,2 गाउँ,94,आवासीय क्षेत्र
नौतन,2 गाउँ,95,आवासीय क्षेत्र
नौतन,2 गाउँ,115,आवासीय क्षेत्र
नौतन,2 गाउँ,116,आवासीय क्षेत्र
नौतन,3,0,आवासीय क्षेत्र
नौतन,3,0,आवासीय क्षेत्र
नौतन,3,0,सार्वजनिक उपयोगको क्षेत्र
नौतन,3,2,कृषि क्षेत्र
नौतन,3,3,कृषि क्षेत्र
नौतन,3,4,कृषि क्षेत्र
नौतन,3,5,कृषि क्षेत्र
नौतन,3,6,कृषि क्षेत्र
नौतन,3,10,कृषि क्षेत्र
नौतन,3,14,व्यावसायिक क्षेत्र
नौतन,3,16,व्यावसायिक क्षेत्र
नौतन,3,17,कृषि क्षेत्र
नौतन,3,20,व्यावसायिक क्षेत्र
नौतन,3,21,व्यावसायिक क्षेत्र
नौतन,3,23,कृषि क्षेत्र
नौतन,3,24,कृषि क्षेत्र
नौतन,3,25,कृषि क्षेत्र
नौतन,3,26,कृषि क्षेत्र
नौतन,3,28,आवासीय क्षेत्र
नौतन,3,30,आवासीय क्षेत्र
नौतन,3,32,कृषि क्षेत्र
नौतन,3,33,कृषि क्षेत्र
नौतन,3,34,कृषि क्षेत्र
नौतन,3,35,कृषि क्षेत्र
नौतन,3,36,कृषि क्षेत्र
नौतन,3,37,कृषि क्षेत्र
नौतन,3,38,कृषि क्षेत्र
नौतन,3,39,कृषि क्षेत्र
नौतन,3,40,कृषि क्षेत्र
नौतन,3,43,आवासीय क्षेत्र
नौतन,3,44,आवासीय क्षेत्र
नौतन,3,45,आवासीय क्षेत्र
नौतन,3,47,आवासीय क्षेत्र
नौतन,3,48,आवासीय क्षेत्र
नौतन,3,49,आवासीय क्षेत्र
नौतन,3,50,सार्वजनिक उपयोगको क्षेत्र
नौतन,3,51,आवासीय क्षेत्र
नौतन,3,52,आवासीय क्षेत्र
नौतन,3,53,आवासीय क्षेत्र
नौतन,3,55,आवासीय क्षेत्र
नौतन,3,64,आवासीय क्षेत्र
नौतन,3,65,आवासीय क्षेत्र
नौतन,3,66,आवासीय क्षेत्र
नौतन,3,67,आवासीय क्षेत्र
नौतन,3,69,आवासीय क्षेत्र
नौतन,3,73,कृषि क्षेत्र
नौतन,3,74,कृषि क्षेत्र
नौतन,3,75,आवासीय क्षेत्र
नौतन,3,80,आवासीय क्षेत्र
नौतन,3,81,आवासीय क्षेत्र
नौतन,3,84,आवासीय क्षेत्र
नौतन,3,86,आवासीय क्षेत्र
नौतन,3,87,आवासीय क्षेत्र
नौतन,3,88,आवासीय क्षेत्र
नौतन,3,89,आवासीय क्षेत्र
नौतन,3,91,आवासीय क्षेत्र
नौतन,3,93,कृषि क्षेत्र
नौतन,3,94,कृषि क्षेत्र
नौतन,3,96,आवासीय क्षेत्र
नौतन,3,97,आवासीय क्षेत्र
नौतन,3,99,आवासीय क्षेत्र
नौतन,3,102,आवासीय क्षेत्र
नौतन,3,104,कृषि क्षेत्र
नौतन,3,105,आवासीय क्षेत्र
नौतन,3,106,आवासीय क्षेत्र
नौतन,3,107,आवासीय क्षेत्र
नौतन,3,110,औद्योगिक क्षेत्र
नौतन,3,111,कृषि क्षेत्र
नौतन,3,112,कृषि क्षेत्र
नौतन,3,113,आवासीय क्षेत्र
नौतन,3,114,आवासीय क्षेत्र
नौतन,3,117,कृषि क्षेत्र
नौतन,3,119,आवासीय क्षेत्र
नौतन,3,120,आवासीय क्षेत्र
नौतन,3,123,आवासीय क्षेत्र
नौतन,3,124,आवासीय क्षेत्र
नौतन,3,125,आवासीय क्षेत्र
नौतन,3,128,कृषि क्षेत्र
नौतन,3,130,कृषि क्षेत्र
नौतन,3,131,आवासीय क्षेत्र
नौतन,3,134,आवासीय क्षेत्र
नौतन,3,135,आवासीय क्षेत्र
नौतन,3,137,आवासीय क्षेत्र
नौतन,3,140,"नदी, खोला, ताल, सिमसार क्षेत्र"
नौतन,3,142,"नदी, खोला, ताल, सिमसार क्षेत्र"
नौतन,3,143,कृषि क्षेत्र
नौतन,3,144,कृषि क्षेत्र
नौतन,3,145,आवासीय क्षेत्र
नौतन,3,146,कृषि क्षेत्र
नौतन,3,147,कृषि क्षेत्र
नौतन,3,148,कृषि क्षेत्र
नौतन,3,149,सार्वजनिक उपयोगको क्षेत्र
नौतन,3,150,कृषि क्षेत्र
नौतन,3,151,कृषि क्षेत्र
नौतन,3,152,आवासीय क्षेत्र
नौतन,3,154,कृषि क्षेत्र
नौतन,3,155,आवासीय क्षेत्र
नौतन,3,157,आवासीय क्षेत्र
नौतन,3,158,आवासीय क्षेत्र
नौतन,3,159,आवासीय क्षेत्र
नौतन,3,160,कृषि क्षेत्र
नौतन,3,161,कृषि क्षेत्र
नौतन,3,162,आवासीय क्षेत्र
नौतन,3,163,आवासीय क्षेत्र
नौतन,3,166,आवासीय क्षेत्र
नौतन,3,167,आवासीय क्षेत्र
नौतन,3,168,आवासीय क्षेत्र
नौतन,3,168,आवासीय क्षेत्र
नौतन,3,169,आवासीय क्षेत्र
नौतन,3,170,आवासीय क्षेत्र
नौतन,3,171,आवासीय क्षेत्र
नौतन,3,175,कृषि क्षेत्र
नौतन,3,180,आवासीय क्षेत्र
नौतन,3,181,आवासीय क्षेत्र
नौतन,3,184,आवासीय क्षेत्र
नौतन,3,186,आवासीय क्षेत्र
नौतन,3,189,आवासीय क्षेत्र
नौतन,3,192,आवासीय क्षेत्र
नौतन,3,193,आवासीय क्षेत्र
नौतन,3,194,औद्योगिक क्षेत्र
नौतन,3,196,औद्योगिक क्षेत्र
नौतन,3,197,कृषि क्षेत्र
नौतन,3,198,आवासीय क्षेत्र
नौतन,3,201,आवासीय क्षेत्र
नौतन,3,205,औद्योगिक क्षेत्र
नौतन,3,206,औद्योगिक क्षेत्र
नौतन,3,207,आवासीय क्षेत्र
नौतन,3,212,व्यावसायिक क्षेत्र
नौतन,3,213,कृषि क्षेत्र
नौतन,3,215,आवासीय क्षेत्र
नौतन,3,216,औद्योगिक क्षेत्र
नौतन,3,217,औद्योगिक क्षेत्र
नौतन,3,218,कृषि क्षेत्र
नौतन,3,223,कृषि क्षेत्र
नौतन,3,227,आवासीय क्षेत्र
नौतन,3,228,आवासीय क्षेत्र
नौतन,3,232,आवासीय क्षेत्र
नौतन,3,233,आवासीय क्षेत्र
नौतन,3,234,आवासीय क्षेत्र
नौतन,3,235,आवासीय क्षेत्र
नौतन,3,238,आवासीय क्षेत्र
नौतन,3,239,आवासीय क्षेत्र
नौतन,3,242,आवासीय क्षेत्र
नौतन,3,248,कृषि क्षेत्र
नौतन,3,252,आवासीय क्षेत्र
नौतन,3,253,आवासीय क्षेत्र
नौतन,3,254,व्यावसायिक क्षेत्र
नौतन,3,255,व्यावसायिक क्षेत्र
नौतन,3,256,व्यावसायिक क्षेत्र
नौतन,3,257,कृषि क्षेत्र
नौतन,3,258,आवासीय क्षेत्र
नौतन,3,269,आवासीय क्षेत्र
नौतन,3,270,आवासीय क्षेत्र
नौतन,3,272,आवासीय क्षेत्र
नौतन,3,273,आवासीय क्षेत्र
नौतन,3,286,आवासीय क्षेत्र
नौतन,3,287,आवासीय क्षेत्र
नौतन,3,288,आवासीय क्षेत्र
नौतन,3,289,आवासीय क्षेत्र
नौतन,3,290,आवासीय क्षेत्र
नौतन,3,291,आवासीय क्षेत्र
नौतन,3,292,आवासीय क्षेत्र
नौतन,3,293,आवासीय क्षेत्र
नौतन,3,294,आवासीय क्षेत्र
नौतन,3,295,आवासीय क्षेत्र
नौतन,3,296,आवासीय क्षेत्र
नौतन,3,304,आवासीय क्षेत्र
नौतन,3,312,कृषि क्षेत्र
नौतन,3,320,आवासीय क्षेत्र
नौतन,3,323,आवासीय क्षेत्र
नौतन,3,333,कृषि क्षेत्र
नौतन,3,334,कृषि क्षेत्र
नौतन,3,335,आवासीय क्षेत्र
नौतन,3,336,आवासीय क्षेत्र
नौतन,3,337,कृषि क्षेत्र
नौतन,3,338,कृषि क्षेत्र
नौतन,3,341,कृषि क्षेत्र
नौतन,3,342,कृषि क्षेत्र
नौतन,3,347,आवासीय क्षेत्र
नौतन,3,350,आवासीय क्षेत्र
नौतन,3,353,आवासीय क्षेत्र
नौतन,3,357,आवासीय क्षेत्र
नौतन,3,359,आवासीय क्षेत्र
नौतन,3,360,कृषि क्षेत्र
नौतन,3,362,आवासीय क्षेत्र
नौतन,3,369,कृषि क्षेत्र
नौतन,3,370,औद्योगिक क्षेत्र
नौतन,3,375,आवासीय क्षेत्र
नौतन,3,378,कृषि क्षेत्र
नौतन,3,384,कृषि क्षेत्र
नौतन,3,385,कृषि क्षेत्र
नौतन,3,389,आवासीय क्षेत्र
नौतन,3,390,आवासीय क्षेत्र
नौतन,3,390,आवासीय क्षेत्र
नौतन,3,391,कृषि क्षेत्र
नौतन,3,392,आवासीय क्षेत्र
नौतन,3,393,आवासीय क्षेत्र
नौतन,3,409,आवासीय क्षेत्र
नौतन,3,410,आवासीय क्षेत्र
नौतन,3,411,आवासीय क्षेत्र
नौतन,3,412,आवासीय क्षेत्र
नौतन,3,413,आवासीय क्षेत्र
नौतन,3,414,आवासीय क्षेत्र
नौतन,3,417,आवासीय क्षेत्र
नौतन,3,418,आवासीय क्षेत्र
नौतन,3,419,कृषि क्षेत्र
नौतन,3,420,कृषि क्षेत्र
नौतन,3,421,कृषि क्षेत्र
नौतन,3,434,कृषि क्षेत्र
नौतन,3,435,कृषि क्षेत्र
नौतन,3,441,आवासीय क्षेत्र
नौतन,3,442,आवासीय क्षेत्र
नौतन,3,444,औद्योगिक क्षेत्र
नौतन,3,476,आवासीय क्षेत्र
नौतन,3,477,कृषि क्षेत्र
नौतन,3,478,आवासीय क्षेत्र
नौतन,3,479,आवासीय क्षेत्र
नौतन,3,486,आवासीय क्षेत्र
नौतन,3,487,आवासीय क्षेत्र
नौतन,3,488,कृषि क्षेत्र
नौतन,3,489,कृषि क्षेत्र
नौतन,3,498,आवासीय क्षेत्र
नौतन,3,499,आवासीय क्षेत्र
नौतन,3,500,आवासीय क्षेत्र
नौतन,3,514,आवासीय क्षेत्र
नौतन,3,515,आवासीय क्षेत्र
नौतन,3,516,आवासीय क्षेत्र
नौतन,3,517,आवासीय क्षेत्र
नौतन,3,518,आवासीय क्षेत्र
नौतन,3,523,आवासीय क्षेत्र
नौतन,3,524,आवासीय क्षेत्र
नौतन,3,537,आवासीय क्षेत्र
नौतन,3,539,कृषि क्षेत्र
नौतन,3,541,औद्योगिक क्षेत्र
नौतन,3,542,कृषि क्षेत्र
नौतन,3,548,आवासीय क्षेत्र
नौतन,3,549,आवासीय क्षेत्र
नौतन,3,554,आवासीय क्षेत्र
नौतन,3,555,आवासीय क्षेत्र
नौतन,3,570,आवासीय क्षेत्र
नौतन,3,588,कृषि क्षेत्र
नौतन,3,589,कृषि क्षेत्र
नौतन,3,590,औद्योगिक क्षेत्र
नौतन,3,591,कृषि क्षेत्र
नौतन,3,592,औद्योगिक क्षेत्र
नौतन,3,593,औद्योगिक क्षेत्र
नौतन,3,594,आवासीय क्षेत्र
नौतन,3,595,आवासीय क्षेत्र
नौतन,3,596,आवासीय क्षेत्र
नौतन,3,599,कृषि क्षेत्र
नौतन,3,600,आवासीय क्षेत्र
नौतन,3,601,आवासीय क्षेत्र
नौतन,3,602,व्यावसायिक क्षेत्र
नौतन,3,603,व्यावसायिक क्षेत्र
नौतन,3,604,आवासीय क्षेत्र
नौतन,3,605,आवासीय क्षेत्र
नौतन,3,606,कृषि क्षेत्र
नौतन,3,607,कृषि क्षेत्र
नौतन,3,608,कृषि क्षेत्र
नौतन,3,609,कृषि क्षेत्र
नौतन,3,610,आवासीय क्षेत्र
नौतन,3,611,आवासीय क्षेत्र
नौतन,3,612,कृषि क्षेत्र
नौतन,3,613,आवासीय क्षेत्र
नौतन,3,614,आवासीय क्षेत्र
नौतन,3,615,आवासीय क्षेत्र
नौतन,3,616,आवासीय क्षेत्र
नौतन,3,618,आवासीय क्षेत्र
नौतन,3,619,आवासीय क्षेत्र
नौतन,3,620,आवासीय क्षेत्र
नौतन,3,621,कृषि क्षेत्र
नौतन,3,622,आवासीय क्षेत्र
नौतन,3,623,आवासीय क्षेत्र
नौतन,3,625,आवासीय क्षेत्र
नौतन,3,627,आवासीय क्षेत्र
नौतन,3,628,आवासीय क्षेत्र
नौतन,3,629,आवासीय क्षेत्र
नौतन,3,630,आवासीय क्षेत्र
नौतन,3,631,आवासीय क्षेत्र
नौतन,3,632,आवासीय क्षेत्र
नौतन,3,635,कृषि क्षेत्र
नौतन,3,636,कृषि क्षेत्र
नौतन,3,637,कृषि क्षेत्र
नौतन,3,638,व्यावसायिक क्षेत्र
नौतन,3,639,व्यावसायिक क्षेत्र
नौतन,3,640,व्यावसायिक क्षेत्र
नौतन,3,641,व्यावसायिक क्षेत्र
नौतन,3,644,आवासीय क्षेत्र
नौतन,3,645,आवासीय क्षेत्र
नौतन,3,653,आवासीय क्षेत्र
नौतन,3,661,आवासीय क्षेत्र
नौतन,3,662,आवासीय क्षेत्र
नौतन,3,663,आवासीय क्षेत्र
नौतन,3,9995,कृषि क्षेत्र
नौतन,3 गाउँ,0,आवासीय क्षेत्र
नौतन,3 गाउँ,0,आवासीय क्षेत्र
नौतन,3 गाउँ,1,आवासीय क्षेत्र
नौतन,3 गाउँ,2,आवासीय क्षेत्र
नौतन,3 गाउँ,3,आवासीय क्षेत्र
नौतन,3 गाउँ,4,आवासीय क्षेत्र
नौतन,3 गाउँ,5,आवासीय क्षेत्र
नौतन,3 गाउँ,6,आवासीय क्षेत्र
नौतन,3 गाउँ,7,आवासीय क्षेत्र
नौतन,3 गाउँ,8,आवासीय क्षेत्र
नौतन,3 गाउँ,9,आवासीय क्षेत्र
नौतन,3 गाउँ,11,आवासीय क्षेत्र
नौतन,3 गाउँ,12,आवासीय क्षेत्र
नौतन,3 गाउँ,13,आवासीय क्षेत्र
नौतन,3 गाउँ,15,आवासीय क्षेत्र
नौतन,3 गाउँ,16,आवासीय क्षेत्र
नौतन,3 गाउँ,17,आवासीय क्षेत्र
नौतन,3 गाउँ,18,आवासीय क्षेत्र
नौतन,3 गाउँ,19,आवासीय क्षेत्र
नौतन,3 गाउँ,20,आवासीय क्षेत्र
नौतन,3 गाउँ,21,आवासीय क्षेत्र
नौतन,3 गाउँ,22,आवासीय क्षेत्र
नौतन,3 गाउँ,23,आवासीय क्षेत्र
नौतन,3 गाउँ,24,आवासीय क्षेत्र
नौतन,3 गाउँ,25,आवासीय क्षेत्र
नौतन,3 गाउँ,26,आवासीय क्षेत्र
नौतन,3 गाउँ,27,आवासीय क्षेत्र
नौतन,3 गाउँ,28,आवासीय क्षेत्र
नौतन,3 गाउँ,29,आवासीय क्षेत्र
नौतन,3 गाउँ,30,आवासीय क्षेत्र
नौतन,3 गाउँ,31,आवासीय क्षेत्र
नौतन,3 गाउँ,32,आवासीय क्षेत्र
नौतन,3 गाउँ,33,आवासीय क्षेत्र
नौतन,3 गाउँ,34,आवासीय क्षेत्र
नौतन,3 गाउँ,35,आवासीय क्षेत्र
नौतन,3 गाउँ,36,आवासीय क्षेत्र
नौतन,3 गाउँ,37,आवासीय क्षेत्र
नौतन,3 गाउँ,38,आवासीय क्षेत्र
नौतन,3 गाउँ,39,आवासीय क्षेत्र
नौतन,3 गाउँ,40,आवासीय क्षेत्र
नौतन,3 गाउँ,41,आवासीय क्षेत्र
नौतन,3 गाउँ,42,आवासीय क्षेत्र
नौतन,3 गाउँ,43,आवासीय क्षेत्र
नौतन,3 गाउँ,44,आवासीय क्षेत्र
नौतन,3 गाउँ,45,आवासीय क्षेत्र
नौतन,3 गाउँ,46,आवासीय क्षेत्र
नौतन,3 गाउँ,48,आवासीय क्षेत्र
नौतन,3 गाउँ,49,आवासीय क्षेत्र
नौतन,3 गाउँ,50,आवासीय क्षेत्र
नौतन,3 गाउँ,50,आवासीय क्षेत्र
नौतन,3 गाउँ,51,आवासीय क्षेत्र
नौतन,3 गाउँ,54,आवासीय क्षेत्र
नौतन,3 गाउँ,55,आवासीय क्षेत्र
नौतन,3 गाउँ,56,सार्वजनिक उपयोगको क्षेत्र
नौतन,3 गाउँ,57,आवासीय क्षेत्र
नौतन,3 गाउँ,58,आवासीय क्षेत्र
नौतन,3 गाउँ,59,आवासीय क्षेत्र
नौतन,3 गाउँ,60,आवासीय क्षेत्र
नौतन,3 गाउँ,61,आवासीय क्षेत्र
नौतन,3 गाउँ,62,आवासीय क्षेत्र
नौतन,3 गाउँ,64,आवासीय क्षेत्र
नौतन,3 गाउँ,65,आवासीय क्षेत्र
नौतन,3 गाउँ,66,आवासीय क्षेत्र
नौतन,3 गाउँ,67,आवासीय क्षेत्र
नौतन,3 गाउँ,68,आवासीय क्षेत्र
नौतन,3 गाउँ,69,आवासीय क्षेत्र
नौतन,3 गाउँ,71,आवासीय क्षेत्र
नौतन,3 गाउँ,72,आवासीय क्षेत्र
नौतन,3 गाउँ,74,आवासीय क्षेत्र
नौतन,3 गाउँ,75,आवासीय क्षेत्र
नौतन,3 गाउँ,76,आवासीय क्षेत्र
नौतन,3 गाउँ,77,आवासीय क्षेत्र
नौतन,3 गाउँ,78,आवासीय क्षेत्र
नौतन,3 गाउँ,79,आवासीय क्षेत्र
नौतन,3 गाउँ,80,आवासीय क्षेत्र
नौतन,4,0,आवासीय क्षेत्र
नौतन,4,0,सार्वजनिक उपयोगको क्षेत्र
नौतन,4,4,औद्योगिक क्षेत्र
नौतन,4,5,औद्योगिक क्षेत्र
नौतन,4,6,औद्योगिक क्षेत्र
नौतन,4,7,औद्योगिक क्षेत्र
नौतन,4,8,औद्योगिक क्षेत्र
नौतन,4,12,औद्योगिक क्षेत्र
नौतन,4,15,कृषि क्षेत्र
नौतन,4,16,औद्योगिक क्षेत्र
नौतन,4,16,कृषि क्षेत्र
नौतन,4,17,औद्योगिक क्षेत्र
नौतन,4,18,कृषि क्षेत्र
नौतन,4,19,आवासीय क्षेत्र
नौतन,4,21,आवासीय क्षेत्र
नौतन,4,22,आवासीय क्षेत्र
नौतन,4,23,आवासीय क्षेत्र
नौतन,4,25,आवासीय क्षेत्र
नौतन,4,26,आवासीय क्षेत्र
नौतन,4,27,आवासीय क्षेत्र
नौतन,4,30,कृषि क्षेत्र
नौतन,4,32,कृषि क्षेत्र
नौतन,4,33,व्यावसायिक क्षेत्र
नौतन,4,37,आवासीय क्षेत्र
नौतन,4,39,औद्योगिक क्षेत्र
नौतन,4,40,औद्योगिक क्षेत्र
नौतन,4,41,औद्योगिक क्षेत्र
नौतन,4,42,औद्योगिक क्षेत्र
नौतन,4,45,कृषि क्षेत्र
नौतन,4,50,आवासीय क्षेत्र
नौतन,4,54,आवासीय क्षेत्र
नौतन,4,54,आवासीय क्षेत्र
नौतन,4,55,आवासीय क्षेत्र
नौतन,4,56,आवासीय क्षेत्र
नौतन,4,57,आवासीय क्षेत्र
नौतन,4,84,व्यावसायिक क्षेत्र
नौतन,4,91,आवासीय क्षेत्र
नौतन,4,92,आवासीय क्षेत्र
नौतन,4,93,आवासीय क्षेत्र
नौतन,4,94,कृषि क्षेत्र
नौतन,4,94,कृषि क्षेत्र
नौतन,4,102,औद्योगिक क्षेत्र
नौतन,4,103,औद्योगिक क्षेत्र
नौतन,4,104,आवासीय क्षेत्र
नौतन,4,106,आवासीय क्षेत्र
नौतन,4,126,आवासीय क्षेत्र
नौतन,4,142,आवासीय क्षेत्र
नौतन,4,155,कृषि क्षेत्र
नौतन,4,156,कृषि क्षेत्र
नौतन,4,166,औद्योगिक क्षेत्र
नौतन,4,167,औद्योगिक क्षेत्र
नौतन,4,174,व्यावसायिक क्षेत्र
नौतन,4,175,व्यावसायिक क्षेत्र
नौतन,4,179,आवासीय क्षेत्र
नौतन,4,188,व्यावसायिक क्षेत्र
नौतन,4,190,व्यावसायिक क्षेत्र
नौतन,4,210,औद्योगिक क्षेत्र
नौतन,4,211,औद्योगिक क्षेत्र
नौतन,4,228,कृषि क्षेत्र
नौतन,4,230,कृषि क्षेत्र
नौतन,4,232,आवासीय क्षेत्र
नौतन,4,233,आवासीय क्षेत्र
नौतन,4,234,कृषि क्षेत्र
नौतन,4,235,आवासीय क्षेत्र
नौतन,4,236,आवासीय क्षेत्र
नौतन,4,240,आवासीय क्षेत्र
नौतन,4,241,आवासीय क्षेत्र
नौतन,4,245,औद्योगिक क्षेत्र
नौतन,4,249,औद्योगिक क्षेत्र
नौतन,4,252,औद्योगिक क्षेत्र
नौतन,4,325,आवासीय क्षेत्र
नौतन,4,326,आवासीय क्षेत्र
नौतन,4,337,औद्योगिक क्षेत्र
नौतन,4,338,औद्योगिक क्षेत्र
नौतन,4,339,कृषि क्षेत्र
नौतन,4,350,कृषि क्षेत्र
नौतन,4,351,आवासीय क्षेत्र
नौतन,4,360,व्यावसायिक क्षेत्र
नौतन,4,366,व्यावसायिक क्षेत्र
नौतन,4,374,औद्योगिक क्षेत्र
नौतन,4,380,औद्योगिक क्षेत्र
नौतन,4,381,व्यावसायिक क्षेत्र
नौतन,4,411,आवासीय क्षेत्र
नौतन,4,412,कृषि क्षेत्र
नौतन,4,421,कृषि क्षेत्र
नौतन,4,422,व्यावसायिक क्षेत्र
नौतन,4,431,आवासीय क्षेत्र
नौतन,4,432,आवासीय क्षेत्र
नौतन,4,485,आवासीय क्षेत्र
नौतन,4,486,आवासीय क्षेत्र
नौतन,4,491,कृषि क्षेत्र
नौतन,4,492,कृषि क्षेत्र
नौतन,4,555,आवासीय क्षेत्र
नौतन,4,581,औद्योगिक क्षेत्र
नौतन,4,604,औद्योगिक क्षेत्र
नौतन,4,605,औद्योगिक क्षेत्र
नौतन,4,606,औद्योगिक क्षेत्र
नौतन,4,614,आवासीय क्षेत्र
नौतन,4,615,कृषि क्षेत्र
नौतन,4,616,कृषि क्षेत्र
नौतन,4,641,औद्योगिक क्षेत्र
नौतन,4,648,कृषि क्षेत्र
नौतन,4,649,कृषि क्षेत्र
नौतन,4,688,औद्योगिक क्षेत्र
नौतन,4,747,आवासीय क्षेत्र
नौतन,4,748,आवासीय क्षेत्र
नौतन,4,749,आवासीय क्षेत्र
नौतन,4,750,आवासीय क्षेत्र
नौतन,4,761,औद्योगिक क्षेत्र
नौतन,4,762,औद्योगिक क्षेत्र
नौतन,4,781,आवासीय क्षेत्र
नौतन,4,782,आवासीय क्षेत्र
नौतन,4,787,औद्योगिक क्षेत्र
नौतन,4,788,औद्योगिक क्षेत्र
नौतन,4,789,औद्योगिक क्षेत्र
नौतन,4,790,व्यावसायिक क्षेत्र
नौतन,4,791,औद्योगिक क्षेत्र
नौतन,4,792,व्यावसायिक क्षेत्र
नौतन,4,793,औद्योगिक क्षेत्र
नौतन,4,794,व्यावसायिक क्षेत्र
नौतन,4,795,औद्योगिक क्षेत्र
नौतन,4,796,व्यावसायिक क्षेत्र
नौतन,4,797,औद्योगिक क्षेत्र
नौतन,4,798,व्यावसायिक क्षेत्र
नौतन,4,799,औद्योगिक क्षेत्र
नौतन,4,800,व्यावसायिक क्षेत्र
नौतन,4,801,औद्योगिक क्षेत्र
नौतन,4,802,व्यावसायिक क्षेत्र
नौतन,4,817,व्यावसायिक क्षेत्र
नौतन,4,818,व्यावसायिक क्षेत्र
नौतन,4,819,व्यावसायिक क्षेत्र
नौतन,4,820,व्यावसायिक क्षेत्र
नौतन,4,832,आवासीय क्षेत्र
नौतन,4,833,आवासीय क्षेत्र
नौतन,4,834,आवासीय क्षेत्र
नौतन,4,835,आवासीय क्षेत्र
नौतन,4,836,आवासीय क्षेत्र
नौतन,4,867,व्यावसायिक क्षेत्र
नौतन,4,868,व्यावसायिक क्षेत्र
नौतन,4 नहर,0,व्यावसायिक क्षेत्र
नौतन,4 नहर,0,सार्वजनिक उपयोगको क्षेत्र
नौतन,4 नहर,0,व्यावसायिक क्षेत्र
नौतन,4 नहर,0,व्यावसायिक क्षेत्र
नौतन,4 नहर,0,व्यावसायिक क्षेत्र
नौतन,4 नहर,41,औद्योगिक क्षेत्र
नौतन,4 नहर,45,व्यावसायिक क्षेत्र
नौतन,4 नहर,54,आवासीय क्षेत्र
नौतन,4 नहर,84,व्यावसायिक क्षेत्र
नौतन,4 नहर,153,व्यावसायिक क्षेत्र
नौतन,4 नहर,174,व्यावसायिक क्षेत्र
नौतन,4 नहर,235,कृषि क्षेत्र
नौतन,4 नहर,245,औद्योगिक क्षेत्र
नौतन,4 नहर,249,औद्योगिक क्षेत्र
नौतन,4 नहर,252,औद्योगिक क्षेत्र
नौतन,4 नहर,254,कृषि क्षेत्र
नौतन,4 नहर,260,आवासीय क्षेत्र
नौतन,4 नहर,277,आवासीय क्षेत्र
नौतन,4 नहर,287,आवासीय क्षेत्र
नौतन,4 नहर,288,आवासीय क्षेत्र
नौतन,4 नहर,293,आवासीय क्षेत्र
नौतन,4 नहर,294,आवासीय क्षेत्र
नौतन,4 नहर,298,आवासीय क्षेत्र
नौतन,4 नहर,357,व्यावसायिक क्षेत्र
नौतन,4 नहर,425,आवासीय क्षेत्र
नौतन,4 नहर,426,आवासीय क्षेत्र
नौतन,4 नहर,479,कृषि क्षेत्र
नौतन,4 नहर,480,कृषि क्षेत्र
नौतन,4 नहर,487,आवासीय क्षेत्र
नौतन,4 नहर,488,आवासीय क्षेत्र
नौतन,4 नहर,502,आवासीय क्षेत्र
नौतन,4 नहर,503,आवासीय क्षेत्र
नौतन,4 नहर,641,औद्योगिक क्षेत्र
नौतन,4 नहर,732,आवासीय क्षेत्र
नौतन,4 नहर,733,आवासीय क्षेत्र
नौतन,4 नहर,761,औद्योगिक क्षेत्र
नौतन,4 नहर,762,औद्योगिक क्षेत्र
प्रसौनी,1,0,कृषि क्षेत्र
प्रसौनी,1,0,सार्वजनिक उपयोगको क्षेत्र
प्रसौनी,1,0,कृषि क्षेत्र
प्रसौनी,1,0,कृषि क्षेत्र
प्रसौनी,1,0,कृषि क्षेत्र
प्रसौनी,1,3,कृषि क्षेत्र
प्रसौनी,1,4,कृषि क्षेत्र
प्रसौनी,1,6,कृषि क्षेत्र
प्रसौनी,1,8,कृषि क्षेत्र
प्रसौनी,1,11,कृषि क्षेत्र
प्रसौनी,1,12,कृषि क्षेत्र
प्रसौनी,1,14,कृषि क्षेत्र
प्रसौनी,1,16,कृषि क्षेत्र
प्रसौनी,1,17,कृषि क्षेत्र
प्रसौनी,1,18,कृषि क्षेत्र
प्रसौनी,1,19,कृषि क्षेत्र
प्रसौनी,1,20,कृषि क्षेत्र
प्रसौनी,1,21,कृषि क्षेत्र
प्रसौनी,1,22,कृषि क्षेत्र
प्रसौनी,1,24,कृषि क्षेत्र
प्रसौनी,1,24,कृषि क्षेत्र
प्रसौनी,1,25,कृषि क्षेत्र
प्रसौनी,1,25,कृषि क्षेत्र
प्रसौनी,1,28,कृषि क्षेत्र
प्रसौनी,1,30,कृषि क्षेत्र
प्रसौनी,1,31,कृषि क्षेत्र
प्रसौनी,1,32,कृषि क्षेत्र
प्रसौनी,1,34,कृषि क्षेत्र
प्रसौनी,1,36,कृषि क्षेत्र
प्रसौनी,1,37,कृषि क्षेत्र
प्रसौनी,1,40,कृषि क्षेत्र
प्रसौनी,1,41,कृषि क्षेत्र
प्रसौनी,1,43,कृषि क्षेत्र
प्रसौनी,1,44,कृषि क्षेत्र
प्रसौनी,1,46,कृषि क्षेत्र
प्रसौनी,1,49,कृषि क्षेत्र
प्रसौनी,1,50,कृषि क्षेत्र
प्रसौनी,1,51,कृषि क्षेत्र
प्रसौनी,1,53,कृषि क्षेत्र
प्रसौनी,1,54,कृषि क्षेत्र
प्रसौनी,1,55,कृषि क्षेत्र
प्रसौनी,1,56,कृषि क्षेत्र
प्रसौनी,1,57,कृषि क्षेत्र
प्रसौनी,1,58,कृषि क्षेत्र
प्रसौनी,1,60,कृषि क्षेत्र
प्रसौनी,1,61,कृषि क्षेत्र
प्रसौनी,1,62,कृषि क्षेत्र
प्रसौनी,1,63,कृषि क्षेत्र
प्रसौनी,1,64,कृषि क्षेत्र
प्रसौनी,1,65,कृषि क्षेत्र
प्रसौनी,1,66,आवासीय क्षेत्र
प्रसौनी,1,67,आवासीय क्षेत्र
प्रसौनी,1,68,आवासीय क्षेत्र
प्रसौनी,1,69,कृषि क्षेत्र
प्रसौनी,1,70,कृषि क्षेत्र
प्रसौनी,1,71,कृषि क्षेत्र
प्रसौनी,1,72,आवासीय क्षेत्र
प्रसौनी,1,73,आवासीय क्षेत्र
प्रसौनी,1,74,आवासीय क्षेत्र
प्रसौनी,1,75,कृषि क्षेत्र
प्रसौनी,1,76,कृषि क्षेत्र
प्रसौनी,1,78,कृषि क्षेत्र
प्रसौनी,1,81,कृषि क्षेत्र
प्रसौनी,1,82,कृषि क्षेत्र
प्रसौनी,1,83,कृषि क्षेत्र
प्रसौनी,1,84,कृषि क्षेत्र
प्रसौनी,1,85,कृषि क्षेत्र
प्रसौनी,1,88,कृषि क्षेत्र
प्रसौनी,1,90,आवासीय क्षेत्र
प्रसौनी,1,91,आवासीय क्षेत्र
प्रसौनी,1,92,आवासीय क्षेत्र
प्रसौनी,1,94,आवासीय क्षेत्र
प्रसौनी,1,95,आवासीय क्षेत्र
प्रसौनी,1,96,आवासीय क्षेत्र
प्रसौनी,1,99,आवासीय क्षेत्र
प्रसौनी,1,100,आवासीय क्षेत्र
प्रसौनी,1,101,आवासीय क्षेत्र
प्रसौनी,1,102,आवासीय क्षेत्र
प्रसौनी,1,103,आवासीय क्षेत्र
प्रसौनी,1,104,आवासीय क्षेत्र
प्रसौनी,1,105,आवासीय क्षेत्र
प्रसौनी,1,106,आवासीय क्षेत्र
प्रसौनी,1,108,आवासीय क्षेत्र
प्रसौनी,1,111,आवासीय क्षेत्र
प्रसौनी,1,115,आवासीय क्षेत्र
प्रसौनी,1,116,आवासीय क्षेत्र
प्रसौनी,1,117,आवासीय क्षेत्र
प्रसौनी,1,118,आवासीय क्षेत्र
प्रसौनी,1,120,आवासीय क्षेत्र
प्रसौनी,1,121,आवासीय क्षेत्र
प्रसौनी,1,125,आवासीय क्षेत्र
प्रसौनी,1,126,आवासीय क्षेत्र
प्रसौनी,1,127,आवासीय क्षेत्र
प्रसौनी,1,128,आवासीय क्षेत्र
प्रसौनी,1,129,आवासीय क्षेत्र
प्रसौनी,1,129,आवासीय क्षेत्र
प्रसौनी,1,130,आवासीय क्षेत्र
प्रसौनी,1,131,आवासीय क्षेत्र
प्रसौनी,1,132,आवासीय क्षेत्र
प्रसौनी,1,133,आवासीय क्षेत्र
प्रसौनी,1,134,आवासीय क्षेत्र
प्रसौनी,1,135,आवासीय क्षेत्र
प्रसौनी,1,135,आवासीय क्षेत्र
प्रसौनी,1,139,आवासीय क्षेत्र
प्रसौनी,1,140,आवासीय क्षेत्र
प्रसौनी,1,142,कृषि क्षेत्र
प्रसौनी,1,143,कृषि क्षेत्र
प्रसौनी,1,143,कृषि क्षेत्र
प्रसौनी,1,144,सार्वजनिक उपयोगको क्षेत्र
प्रसौनी,1,148,आवासीय क्षेत्र
प्रसौनी,1,152,आवासीय क्षेत्र
प्रसौनी,1,154,कृषि क्षेत्र
प्रसौनी,1,155,कृषि क्षेत्र
प्रसौनी,1,156,आवासीय क्षेत्र
प्रसौनी,1,157,आवासीय क्षेत्र
प्रसौनी,1,158,आवासीय क्षेत्र
प्रसौनी,1,159,आवासीय क्षेत्र
प्रसौनी,1,175,आवासीय क्षेत्र
प्रसौनी,1,176,आवासीय क्षेत्र
प्रसौनी,1,209,कृषि क्षेत्र
प्रसौनी,1,210,कृषि क्षेत्र
प्रसौनी,1,211,कृषि क्षेत्र
प्रसौनी,1,212,कृषि क्षेत्र
प्रसौनी,1,213,कृषि क्षेत्र
प्रसौनी,1,215,कृषि क्षेत्र
प्रसौनी,1,218,कृषि क्षेत्र
प्रसौनी,1,219,कृषि क्षेत्र
प्रसौनी,1,220,कृषि क्षेत्र
प्रसौनी,1,222,आवासीय क्षेत्र
प्रसौनी,1,230,कृषि क्षेत्र
प्रसौनी,1,231,कृषि क्षेत्र
प्रसौनी,1,239,कृषि क्षेत्र
प्रसौनी,1,241,कृषि क्षेत्र
प्रसौनी,1,245,कृषि क्षेत्र
प्रसौनी,1,246,कृषि क्षेत्र
प्रसौनी,1,258,कृषि क्षेत्र
प्रसौनी,1,259,कृषि क्षेत्र
प्रसौनी,1,261,कृषि क्षेत्र
प्रसौनी,1,262,कृषि क्षेत्र
प्रसौनी,1,263,कृषि क्षेत्र
प्रसौनी,1,264,कृषि क्षेत्र
प्रसौनी,1,266,कृषि क्षेत्र
प्रसौनी,1,267,कृषि क्षेत्र
प्रसौनी,1,270,कृषि क्षेत्र
प्रसौनी,1,272,कृषि क्षेत्र
प्रसौनी,1,282,कृषि क्षेत्र
प्रसौनी,1,283,कृषि क्षेत्र
प्रसौनी,1,288,कृषि क्षेत्र
प्रसौनी,1,289,कृषि क्षेत्र
प्रसौनी,1,293,कृषि क्षेत्र
प्रसौनी,1,294,कृषि क्षेत्र
प्रसौनी,1,295,कृषि क्षेत्र
प्रसौनी,1,296,कृषि क्षेत्र
प्रसौनी,1,303,कृषि क्षेत्र
प्रसौनी,1,309,कृषि क्षेत्र
प्रसौनी,1,310,कृषि क्षेत्र
प्रसौनी,1,321,कृषि क्षेत्र
प्रसौनी,1,322,कृषि क्षेत्र
प्रसौनी,1,333,कृषि क्षेत्र
प्रसौनी,1,334,कृषि क्षेत्र
प्रसौनी,1,337,कृषि क्षेत्र
प्रसौनी,1,338,कृषि क्षेत्र
प्रसौनी,1,339,आवासीय क्षेत्र
प्रसौनी,1,340,आवासीय क्षेत्र
प्रसौनी,1,341,आवासीय क्षेत्र
प्रसौनी,1,342,आवासीय क्षेत्र
प्रसौनी,1,345,कृषि क्षेत्र
प्रसौनी,1,346,कृषि क्षेत्र
प्रसौनी,1,347,कृषि क्षेत्र
प्रसौनी,1,349,आवासीय क्षेत्र
प्रसौनी,1,360,कृषि क्षेत्र
प्रसौनी,1,361,कृषि क्षेत्र
प्रसौनी,1,362,कृषि क्षेत्र
प्रसौनी,1,377,कृषि क्षेत्र
प्रसौनी,1,378,कृषि क्षेत्र
प्रसौनी,1,383,कृषि क्षेत्र
प्रसौनी,1,384,कृषि क्षेत्र
प्रसौनी,1,385,कृषि क्षेत्र
प्रसौनी,1,385,कृषि क्षेत्र
प्रसौनी,1,390,कृषि क्षेत्र
प्रसौनी,1,391,कृषि क्षेत्र
प्रसौनी,1,407,कृषि क्षेत्र
प्रसौनी,1,448,कृषि क्षेत्र
प्रसौनी,1,449,कृषि क्षेत्र
प्रसौनी,1,454,आवासीय क्षेत्र
प्रसौनी,1,455,आवासीय क्षेत्र
प्रसौनी,1,456,आवासीय क्षेत्र
प्रसौनी,1,469,आवासीय क्षेत्र
प्रसौनी,1,470,आवासीय क्षेत्र
प्रसौनी,1,471,कृषि क्षेत्र
प्रसौनी,1,472,कृषि क्षेत्र
प्रसौनी,1,473,कृषि क्षेत्र
प्रसौनी,1,474,कृषि क्षेत्र
प्रसौनी,1,475,कृषि क्षेत्र
प्रसौनी,1,476,कृषि क्षेत्र
प्रसौनी,1,479,कृषि क्षेत्र
प्रसौनी,1,480,कृषि क्षेत्र
प्रसौनी,1,483,कृषि क्षेत्र
प्रसौनी,1,484,कृषि क्षेत्र
प्रसौनी,1,485,आवासीय क्षेत्र
प्रसौनी,1,486,कृषि क्षेत्र
प्रसौनी,1,487,कृषि क्षेत्र
प्रसौनी,1,488,कृषि क्षेत्र
प्रसौनी,1,489,आवासीय क्षेत्र
प्रसौनी,1,490,आवासीय क्षेत्र
प्रसौनी,1,491,आवासीय क्षेत्र
प्रसौनी,1,492,आवासीय क्षेत्र
प्रसौनी,1,493,आवासीय क्षेत्र
प्रसौनी,1,509,आवासीय क्षेत्र
प्रसौनी,1,510,आवासीय क्षेत्र
प्रसौनी,1,511,आवासीय क्षेत्र
प्रसौनी,1 गाउँ,0,आवासीय क्षेत्र
प्रसौनी,1 गाउँ,0,आवासीय क्षेत्र
प्रसौनी,1 गाउँ,4,आवासीय क्षेत्र
प्रसौनी,1 गाउँ,5,आवासीय क्षेत्र
प्रसौनी,1 गाउँ,6,आवासीय क्षेत्र
प्रसौनी,1 गाउँ,9,आवासीय क्षेत्र
प्रसौनी,1 गाउँ,12,आवासीय क्षेत्र
प्रसौनी,1 गाउँ,13,आवासीय क्षेत्र
प्रसौनी,1 गाउँ,19,आवासीय क्षेत्र
प्रसौनी,1 गाउँ,21,आवासीय क्षेत्र
प्रसौनी,1 गाउँ,22,आवासीय क्षेत्र
प्रसौनी,1 गाउँ,23,आवासीय क्षेत्र
प्रसौनी,1 गाउँ,24,आवासीय क्षेत्र
प्रसौनी,1 गाउँ,26,आवासीय क्षेत्र
प्रसौनी,1 गाउँ,27,आवासीय क्षेत्र
प्रसौनी,1 गाउँ,28,आवासीय क्षेत्र
प्रसौनी,1 गाउँ,29,आवासीय क्षेत्र
प्रसौनी,1 गाउँ,29,आवासीय क्षेत्र
प्रसौनी,1 गाउँ,30,आवासीय क्षेत्र
प्रसौनी,1 गाउँ,31,आवासीय क्षेत्र
प्रसौनी,1 गाउँ,32,आवासीय क्षेत्र
प्रसौनी,1 गाउँ,33,आवासीय क्षेत्र
प्रसौनी,1 गाउँ,36,आवासीय क्षेत्र
प्रसौनी,1 गाउँ,38,आवासीय क्षेत्र
प्रसौनी,1 गाउँ,40,आवासीय क्षेत्र
प्रसौनी,1 गाउँ,41,आवासीय क्षेत्र
प्रसौनी,1 गाउँ,42,आवासीय क्षेत्र
प्रसौनी,1 गाउँ,43,आवासीय क्षेत्र
प्रसौनी,1 गाउँ,44,आवासीय क्षेत्र
प्रसौनी,1 गाउँ,45,आवासीय क्षेत्र
प्रसौनी,1 गाउँ,46,आवासीय क्षेत्र
प्रसौनी,1 गाउँ,47,आवासीय क्षेत्र
प्रसौनी,1 गाउँ,48,आवासीय क्षेत्र
प्रसौनी,1 गाउँ,49,आवासीय क्षेत्र
प्रसौनी,1 गाउँ,51,आवासीय क्षेत्र
प्रसौनी,1 गाउँ,52,आवासीय क्षेत्र
प्रसौनी,1 गाउँ,53,आवासीय क्षेत्र
प्रसौनी,1 गाउँ,54,आवासीय क्षेत्र
प्रसौनी,1 गाउँ,55,आवासीय क्षेत्र
प्रसौनी,1 गाउँ,56,आवासीय क्षेत्र
प्रसौनी,1 गाउँ,57,आवासीय क्षेत्र
प्रसौनी,1 गाउँ,59,आवासीय क्षेत्र
प्रसौनी,1 गाउँ,60,आवासीय क्षेत्र
प्रसौनी,1 गाउँ,61,आवासीय क्षेत्र
प्रसौनी,1 गाउँ,62,आवासीय क्षेत्र
प्रसौनी,1 गाउँ,63,आवासीय क्षेत्र
प्रसौनी,1 गाउँ,64,आवासीय क्षेत्र
प्रसौनी,1 गाउँ,65,आवासीय क्षेत्र
प्रसौनी,1 गाउँ,66,आवासीय क्षेत्र
प्रसौनी,1 गाउँ,68,आवासीय क्षेत्र
प्रसौनी,1 गाउँ,69,आवासीय क्षेत्र
प्रसौनी,1 गाउँ,71,आवासीय क्षेत्र
प्रसौनी,1 गाउँ,72,आवासीय क्षेत्र
प्रसौनी,1 गाउँ,73,आवासीय क्षेत्र
प्रसौनी,1 गाउँ,74,आवासीय क्षेत्र
प्रसौनी,1 गाउँ,75,आवासीय क्षेत्र
प्रसौनी,1 गाउँ,76,आवासीय क्षेत्र
प्रसौनी,1 गाउँ,77,आवासीय क्षेत्र
प्रसौनी,1 गाउँ,78,आवासीय क्षेत्र
प्रसौनी,1 गाउँ,79,आवासीय क्षेत्र
प्रसौनी,1 गाउँ,81,आवासीय क्षेत्र
प्रसौनी,1 गाउँ,83,आवासीय क्षेत्र
प्रसौनी,1 गाउँ,84,आवासीय क्षेत्र
प्रसौनी,1 गाउँ,85,आवासीय क्षेत्र
प्रसौनी,1 गाउँ,86,आवासीय क्षेत्र
प्रसौनी,1 गाउँ,87,आवासीय क्षेत्र
प्रसौनी,1 गाउँ,89,आवासीय क्षेत्र
प्रसौनी,1 गाउँ,90,आवासीय क्षेत्र
प्रसौनी,1 गाउँ,91,आवासीय क्षेत्र
प्रसौनी,1 गाउँ,94,सार्वजनिक उपयोगको क्षेत्र
प्रसौनी,1 गाउँ,97,आवासीय क्षेत्र
प्रसौनी,1 गाउँ,98,आवासीय क्षेत्र
प्रसौनी,1 गाउँ,98,आवासीय क्षेत्र
प्रसौनी,1 गाउँ,99,आवासीय क्षेत्र
प्रसौनी,1 गाउँ,100,आवासीय क्षेत्र
प्रसौनी,1 गाउँ,101,आवासीय क्षेत्र
प्रसौनी,1 गाउँ,102,आवासीय क्षेत्र
प्रसौनी,1 गाउँ,103,आवासीय क्षेत्र
प्रसौनी,1 गाउँ,104,आवासीय क्षेत्र
प्रसौनी,1 गाउँ,105,आवासीय क्षेत्र
प्रसौनी,1 गाउँ,106,आवासीय क्षेत्र
प्रसौनी,1 गाउँ,107,आवासीय क्षेत्र
प्रसौनी,1 गाउँ,108,आवासीय क्षेत्र
प्रसौनी,1 गाउँ,109,आवासीय क्षेत्र
प्रसौनी,1 गाउँ,110,आवासीय क्षेत्र
प्रसौनी,1 गाउँ,111,आवासीय क्षेत्र
प्रसौनी,1 गाउँ,112,आवासीय क्षेत्र
प्रसौनी,1 गाउँ,114,आवासीय क्षेत्र
प्रसौनी,1 गाउँ,120,आवासीय क्षेत्र
प्रसौनी,1 गाउँ,124,आवासीय क्षेत्र
प्रसौनी,1 गाउँ,125,आवासीय क्षेत्र
प्रसौनी,1 गाउँ,126,आवासीय क्षेत्र
प्रसौनी,1 गाउँ,127,आवासीय क्षेत्र
प्रसौनी,1 गाउँ,131,आवासीय क्षेत्र
प्रसौनी,1 गाउँ,137,आवासीय क्षेत्र
प्रसौनी,1 गाउँ,139,आवासीय क्षेत्र
प्रसौनी,1 गाउँ,140,आवासीय क्षेत्र
प्रसौनी,1 गाउँ,143,आवासीय क्षेत्र
प्रसौनी,1 गाउँ,145,आवासीय क्षेत्र
प्रसौनी,1 गाउँ,146,आवासीय क्षेत्र
प्रसौनी,1 गाउँ,147,आवासीय क्षेत्र
प्रसौनी,1 गाउँ,148,आवासीय क्षेत्र
प्रसौनी,1 गाउँ,150,आवासीय क्षेत्र
प्रसौनी,1 गाउँ,151,आवासीय क्षेत्र
प्रसौनी,1 गाउँ,155,आवासीय क्षेत्र
प्रसौनी,1 गाउँ,156,आवासीय क्षेत्र
प्रसौनी,1 गाउँ,171,आवासीय क्षेत्र
प्रसौनी,1 गाउँ,172,आवासीय क्षेत्र
प्रसौनी,1 गाउँ,174,आवासीय क्षेत्र
प्रसौनी,1 गाउँ,175,आवासीय क्षेत्र
प्रसौनी,1 गाउँ,176,आवासीय क्षेत्र
प्रसौनी,1 गाउँ,177,आवासीय क्षेत्र
प्रसौनी,1 गाउँ,180,आवासीय क्षेत्र
प्रसौनी,1 गाउँ,181,आवासीय क्षेत्र
प्रसौनी,1 गाउँ,182,आवासीय क्षेत्र
प्रसौनी,1 गाउँ,183,आवासीय क्षेत्र
प्रसौनी,1 गाउँ,184,आवासीय क्षेत्र
प्रसौनी,1 गाउँ,185,आवासीय क्षेत्र
प्रसौनी,1 गाउँ,186,आवासीय क्षेत्र
प्रसौनी,1 गाउँ,187,आवासीय क्षेत्र
प्रसौनी,1 गाउँ,188,आवासीय क्षेत्र
प्रसौनी,1 गाउँ,189,आवासीय क्षेत्र
प्रसौनी,1 गाउँ,190,आवासीय क्षेत्र
प्रसौनी,1 गाउँ,191,आवासीय क्षेत्र
प्रसौनी,1 गाउँ,192,आवासीय क्षेत्र
प्रसौनी,1 गाउँ,193,आवासीय क्षेत्र
प्रसौनी,1 गाउँ,194,आवासीय क्षेत्र
प्रसौनी,1 नहर,0,कृषि क्षेत्र
प्रसौनी,1 नहर,0,आवासीय क्षेत्र
प्रसौनी,1 नहर,76,कृषि क्षेत्र
प्रसौनी,1 नहर,78,कृषि क्षेत्र
प्रसौनी,1 नहर,79,आवासीय क्षेत्र
प्रसौनी,1 नहर,158,आवासीय क्षेत्र
प्रसौनी,1 नहर,159,आवासीय क्षेत्र
प्रसौनी,1 नहर,173,कृषि क्षेत्र
प्रसौनी,1 नहर,187,कृषि क्षेत्र
प्रसौनी,1 नहर,188,कृषि क्षेत्र
प्रसौनी,1 नहर,189,आवासीय क्षेत्र
प्रसौनी,1 नहर,191,आवासीय क्षेत्र
प्रसौनी,1 नहर,195,आवासीय क्षेत्र
प्रसौनी,1 नहर,196,आवासीय क्षेत्र
प्रसौनी,1 नहर,235,कृषि क्षेत्र
प्रसौनी,1 नहर,268,आवासीय क्षेत्र
प्रसौनी,1 नहर,269,आवासीय क्षेत्र
प्रसौनी,1 नहर,271,आवासीय क्षेत्र
प्रसौनी,1 नहर,278,आवासीय क्षेत्र
प्रसौनी,1 नहर,279,आवासीय क्षेत्र
प्रसौनी,1 नहर,323,आवासीय क्षेत्र
प्रसौनी,1 नहर,324,आवासीय क्षेत्र
प्रसौनी,1 नहर,325,आवासीय क्षेत्र
प्रसौनी,1 नहर,326,आवासीय क्षेत्र
प्रसौनी,1 नहर,327,आवासीय क्षेत्र
प्रसौनी,1 नहर,328,आवासीय क्षेत्र
प्रसौनी,1 नहर,330,आवासीय क्षेत्र
प्रसौनी,1 नहर,332,आवासीय क्षेत्र
प्रसौनी,1 नहर,368,आवासीय क्षेत्र
प्रसौनी,1 नहर,412,आवासीय क्षेत्र
प्रसौनी,1 नहर,413,आवासीय क्षेत्र
प्रसौनी,1 नहर,414,आवासीय क्षेत्र
प्रसौनी,1 नहर,415,आवासीय क्षेत्र
प्रसौनी,1 नहर,417,आवासीय क्षेत्र
प्रसौनी,1 नहर,428,आवासीय क्षेत्र
प्रसौनी,1 नहर,430,आवासीय क्षेत्र
प्रसौनी,1 नहर,431,आवासीय क्षेत्र
प्रसौनी,1 नहर,433,आवासीय क्षेत्र
प्रसौनी,1 नहर,434,आवासीय क्षेत्र
प्रसौनी,1 नहर,435,आवासीय क्षेत्र
प्रसौनी,1 नहर,436,आवासीय क्षेत्र
प्रसौनी,1 नहर,439,आवासीय क्षेत्र
प्रसौनी,1 नहर,440,आवासीय क्षेत्र
प्रसौनी,1 नहर,441,आवासीय क्षेत्र
प्रसौनी,1 नहर,443,आवासीय क्षेत्र
प्रसौनी,1 नहर,444,आवासीय क्षेत्र
प्रसौनी,1 नहर,450,आवासीय क्षेत्र
प्रसौनी,1 नहर,451,आवासीय क्षेत्र
प्रसौनी,1 नहर,467,कृषि क्षेत्र
प्रसौनी,1 नहर,468,कृषि क्षेत्र
प्रसौनी,1 नहर,481,कृषि क्षेत्र
प्रसौनी,1 नहर,482,कृषि क्षेत्र
प्रसौनी,1 नहर,494,आवासीय क्षेत्र
प्रसौनी,1 नहर,495,आवासीय क्षेत्र
प्रसौनी,1 नहर,496,आवासीय क्षेत्र
प्रसौनी,1 नहर,497,आवासीय क्षेत्र
प्रसौनी,1 नहर,498,कृषि क्षेत्र
प्रसौनी,1 नहर,499,कृषि क्षेत्र
प्रसौनी,1 नहर,500,कृषि क्षेत्र
प्रसौनी,1 नहर,501,कृषि क्षेत्र
प्रसौनी,1 नहर,502,सार्वजनिक उपयोगको क्षेत्र
प्रसौनी,1 नहर,503,सार्वजनिक उपयोगको क्षेत्र
प्रसौनी,1 नहर,506,आवासीय क्षेत्र
प्रसौनी,1 नहर,507,आवासीय क्षेत्र
प्रसौनी,1 नहर,508,आवासीय क्षेत्र
प्रसौनी,1 नहर,9991,कृषि क्षेत्र
प्रसौनी,1 नहर,9992,सार्वजनिक उपयोगको क्षेत्र
प्रसौनी,1 नहर,9992,सार्वजनिक उपयोगको क्षेत्र
प्रसौनी,1 नहर,9992,सार्वजनिक उपयोगको क्षेत्र
प्रसौनी,1 नहर,9992,सार्वजनिक उपयोगको क्षेत्र
प्रसौनी,1 नहर,9993,आवासीय क्षेत्र
प्रसौनी,1 नहर,9994,आवासीय क्षेत्र
प्रसौनी,1 नहर,9995,आवासीय क्षेत्र
प्रसौनी,1 नहर,99999,आवासीय क्षेत्र
प्रसौनी,2,0,आवासीय क्षेत्र
प्रसौनी,2,0,आवासीय क्षेत्र
प्रसौनी,2,0,कृषि क्षेत्र
प्रसौनी,2,0,आवासीय क्षेत्र
प्रसौनी,2,0,कृषि क्षेत्र
प्रसौनी,2,0,आवासीय क्षेत्र
प्रसौनी,2,0,कृषि क्षेत्र
प्रसौनी,2,0,कृषि क्षेत्र
प्रसौनी,2,0,आवासीय क्षेत्र
प्रसौनी,2,0,आवासीय क्षेत्र
प्रसौनी,2,0,आवासीय क्षेत्र
प्रसौनी,2,0,कृषि क्षेत्र
प्रसौनी,2,0,कृषि क्षेत्र
प्रसौनी,2,0,कृषि क्षेत्र
प्रसौनी,2,0,कृषि क्षेत्र
प्रसौनी,2,0,कृषि क्षेत्र
प्रसौनी,2,0,औद्योगिक क्षेत्र
प्रसौनी,2,0,सार्वजनिक उपयोगको क्षेत्र
प्रसौनी,2,0,औद्योगिक क्षेत्र
प्रसौनी,2,0,सार्वजनिक उपयोगको क्षेत्र
प्रसौनी,2,5,औद्योगिक क्षेत्र
प्रसौनी,2,6,व्यावसायिक क्षेत्र
प्रसौनी,2,7,व्यावसायिक क्षेत्र
प्रसौनी,2,9,व्यावसायिक क्षेत्र
प्रसौनी,2,10,व्यावसायिक क्षेत्र
प्रसौनी,2,11,व्यावसायिक क्षेत्र
प्रसौनी,2,14,कृषि क्षेत्र
प्रसौनी,2,17,कृषि क्षेत्र
प्रसौनी,2,19,कृषि क्षेत्र
प्रसौनी,2,20,कृषि क्षेत्र
प्रसौनी,2,21,कृषि क्षेत्र
प्रसौनी,2,23,कृषि क्षेत्र
प्रसौनी,2,24,कृषि क्षेत्र
प्रसौनी,2,26,औद्योगिक क्षेत्र
प्रसौनी,2,28,व्यावसायिक क्षेत्र
प्रसौनी,2,29,व्यावसायिक क्षेत्र
प्रसौनी,2,30,व्यावसायिक क्षेत्र
प्रसौनी,2,31,कृषि क्षेत्र
प्रसौनी,2,31,व्यावसायिक क्षेत्र
प्रसौनी,2,34,औद्योगिक क्षेत्र
प्रसौनी,2,35,औद्योगिक क्षेत्र
प्रसौनी,2,36,औद्योगिक क्षेत्र
प्रसौनी,2,37,औद्योगिक क्षेत्र
प्रसौनी,2,40,औद्योगिक क्षेत्र
प्रसौनी,2,41,औद्योगिक क्षेत्र
प्रसौनी,2,45,औद्योगिक क्षेत्र
प्रसौनी,2,46,औद्योगिक क्षेत्र
प्रसौनी,2,52,औद्योगिक क्षेत्र
प्रसौनी,2,54,औद्योगिक क्षेत्र
प्रसौनी,2,55,औद्योगिक क्षेत्र
प्रसौनी,2,56,कृषि क्षेत्र
प्रसौनी,2,57,कृषि क्षेत्र
प्रसौनी,2,60,कृषि क्षेत्र
प्रसौनी,2,63,कृषि क्षेत्र
प्रसौनी,2,67,कृषि क्षेत्र
प्रसौनी,2,71,कृषि क्षेत्र
प्रसौनी,2,72,आवासीय क्षेत्र
प्रसौनी,2,73,कृषि क्षेत्र
प्रसौनी,2,75,कृषि क्षेत्र
प्रसौनी,2,76,कृषि क्षेत्र
प्रसौनी,2,77,कृषि क्षेत्र
प्रसौनी,2,79,कृषि क्षेत्र
प्रसौनी,2,81,आवासीय क्षेत्र
प्रसौनी,2,82,आवासीय क्षेत्र
प्रसौनी,2,85,आवासीय क्षेत्र
प्रसौनी,2,87,आवासीय क्षेत्र
प्रसौनी,2,91,कृषि क्षेत्र
प्रसौनी,2,92,कृषि क्षेत्र
प्रसौनी,2,93,कृषि क्षेत्र
प्रसौनी,2,94,कृषि क्षेत्र
प्रसौनी,2,98,कृषि क्षेत्र
प्रसौनी,2,99,कृषि क्षेत्र
प्रसौनी,2,102,कृषि क्षेत्र
प्रसौनी,2,103,कृषि क्षेत्र
प्रसौनी,2,104,कृषि क्षेत्र
प्रसौनी,2,107,कृषि क्षेत्र
प्रसौनी,2,108,कृषि क्षेत्र
प्रसौनी,2,110,कृषि क्षेत्र
प्रसौनी,2,111,कृषि क्षेत्र
प्रसौनी,2,112,कृषि क्षेत्र
प्रसौनी,2,113,कृषि क्षेत्र
प्रसौनी,2,114,कृषि क्षेत्र
प्रसौनी,2,114,आवासीय क्षेत्र
प्रसौनी,2,115,कृषि क्षेत्र
प्रसौनी,2,116,कृषि क्षेत्र
प्रसौनी,2,117,कृषि क्षेत्र
प्रसौनी,2,119,आवासीय क्षेत्र
प्रसौनी,2,122,कृषि क्षेत्र
प्रसौनी,2,123,कृषि क्षेत्र
प्रसौनी,2,124,कृषि क्षेत्र
प्रसौनी,2,125,कृषि क्षेत्र
प्रसौनी,2,128,आवासीय क्षेत्र
प्रसौनी,2,131,आवासीय क्षेत्र
प्रसौनी,2,132,आवासीय क्षेत्र
प्रसौनी,2,137,कृषि क्षेत्र
प्रसौनी,2,138,कृषि क्षेत्र
प्रसौनी,2,141,कृषि क्षेत्र
प्रसौनी,2,143,कृषि क्षेत्र
प्रसौनी,2,144,कृषि क्षेत्र
प्रसौनी,2,145,कृषि क्षेत्र
प्रसौनी,2,146,कृषि क्षेत्र
प्रसौनी,2,147,कृषि क्षेत्र
प्रसौनी,2,156,आवासीय क्षेत्र
प्रसौनी,2,157,आवासीय क्षेत्र
प्रसौनी,2,158,आवासीय क्षेत्र
प्रसौनी,2,159,आवासीय क्षेत्र
प्रसौनी,2,161,कृषि क्षेत्र
प्रसौनी,2,163,कृषि क्षेत्र
प्रसौनी,2,165,कृषि क्षेत्र
प्रसौनी,2,166,कृषि क्षेत्र
प्रसौनी,2,168,कृषि क्षेत्र
प्रसौनी,2,169,कृषि क्षेत्र
प्रसौनी,2,170,कृषि क्षेत्र
प्रसौनी,2,172,कृषि क्षेत्र
प्रसौनी,2,175,आवासीय क्षेत्र
प्रसौनी,2,177,आवासीय क्षेत्र
प्रसौनी,2,178,आवासीय क्षेत्र
प्रसौनी,2,179,आवासीय क्षेत्र
प्रसौनी,2,180,आवासीय क्षेत्र
प्रसौनी,2,181,आवासीय क्षेत्र
प्रसौनी,2,182,आवासीय क्षेत्र
प्रसौनी,2,184,आवासीय क्षेत्र
प्रसौनी,2,189,कृषि क्षेत्र
प्रसौनी,2,190,कृषि क्षेत्र
प्रसौनी,2,191,कृषि क्षेत्र
प्रसौनी,2,192,आवासीय क्षेत्र
प्रसौनी,2,193,आवासीय क्षेत्र
प्रसौनी,2,194,आवासीय क्षेत्र
प्रसौनी,2,195,आवासीय क्षेत्र
प्रसौनी,2,196,औद्योगिक क्षेत्र
प्रसौनी,2,197,औद्योगिक क्षेत्र
प्रसौनी,2,198,कृषि क्षेत्र
प्रसौनी,2,199,कृषि क्षेत्र
प्रसौनी,2,200,कृषि क्षेत्र
प्रसौनी,2,201,कृषि क्षेत्र
प्रसौनी,2,202,औद्योगिक क्षेत्र
प्रसौनी,2,216,औद्योगिक क्षेत्र
प्रसौनी,2,217,औद्योगिक क्षेत्र
प्रसौनी,2,219,औद्योगिक क्षेत्र
प्रसौनी,2,220,औद्योगिक क्षेत्र
प्रसौनी,2,221,औद्योगिक क्षेत्र
प्रसौनी,2,222,आवासीय क्षेत्र
प्रसौनी,2,223,कृषि क्षेत्र
प्रसौनी,2,227,व्यावसायिक क्षेत्र
प्रसौनी,2,231,कृषि क्षेत्र
प्रसौनी,2,232,कृषि क्षेत्र
प्रसौनी,2,233,कृषि क्षेत्र
प्रसौनी,2,234,कृषि क्षेत्र
प्रसौनी,2,237,आवासीय क्षेत्र
प्रसौनी,2,240,आवासीय क्षेत्र
प्रसौनी,2,241,आवासीय क्षेत्र
प्रसौनी,2,242,आवासीय क्षेत्र
प्रसौनी,2,243,कृषि क्षेत्र
प्रसौनी,2,244,कृषि क्षेत्र
प्रसौनी,2,245,आवासीय क्षेत्र
प्रसौनी,2,246,कृषि क्षेत्र
प्रसौनी,2,247,कृषि क्षेत्र
प्रसौनी,2,248,आवासीय क्षेत्र
प्रसौनी,2,249,आवासीय क्षेत्र
प्रसौनी,2,250,आवासीय क्षेत्र
प्रसौनी,2,251,आवासीय क्षेत्र
प्रसौनी,2,252,आवासीय क्षेत्र
प्रसौनी,2,254,व्यावसायिक क्षेत्र
प्रसौनी,2,255,आवासीय क्षेत्र
प्रसौनी,2,256,औद्योगिक क्षेत्र
प्रसौनी,2,257,औद्योगिक क्षेत्र
प्रसौनी,2,259,औद्योगिक क्षेत्र
प्रसौनी,2,261,कृषि क्षेत्र
प्रसौनी,2,262,कृषि क्षेत्र
प्रसौनी,2,263,कृषि क्षेत्र
प्रसौनी,2,267,व्यावसायिक क्षेत्र
प्रसौनी,2,269,व्यावसायिक क्षेत्र
प्रसौनी,2,270,व्यावसायिक क्षेत्र
प्रसौनी,2,274,आवासीय क्षेत्र
प्रसौनी,2,274,व्यावसायिक क्षेत्र
प्रसौनी,2,275,औद्योगिक क्षेत्र
प्रसौनी,2,276,औद्योगिक क्षेत्र
प्रसौनी,2,287,आवासीय क्षेत्र
प्रसौनी,2,288,आवासीय क्षेत्र
प्रसौनी,2,289,कृषि क्षेत्र
प्रसौनी,2,291,कृषि क्षेत्र
प्रसौनी,2,293,कृषि क्षेत्र
प्रसौनी,2,294,कृषि क्षेत्र
प्रसौनी,2,295,व्यावसायिक क्षेत्र
प्रसौनी,2,296,औद्योगिक क्षेत्र
प्रसौनी,2,297,व्यावसायिक क्षेत्र
प्रसौनी,2,298,औद्योगिक क्षेत्र
प्रसौनी,2,299,औद्योगिक क्षेत्र
प्रसौनी,2,300,औद्योगिक क्षेत्र
प्रसौनी,2,301,औद्योगिक क्षेत्र
प्रसौनी,2,302,आवासीय क्षेत्र
प्रसौनी,2,303,आवासीय क्षेत्र
प्रसौनी,2,304,कृषि क्षेत्र
प्रसौनी,2,306,कृषि क्षेत्र
प्रसौनी,2,307,कृषि क्षेत्र
प्रसौनी,2,308,कृषि क्षेत्र
प्रसौनी,2,309,कृषि क्षेत्र
प्रसौनी,2,313,आवासीय क्षेत्र
प्रसौनी,2,316,आवासीय क्षेत्र
प्रसौनी,2,317,आवासीय क्षेत्र
प्रसौनी,2,318,आवासीय क्षेत्र
प्रसौनी,2,319,आवासीय क्षेत्र
प्रसौनी,2,320,आवासीय क्षेत्र
प्रसौनी,2,353,कृषि क्षेत्र
प्रसौनी,2,354,कृषि क्षेत्र
प्रसौनी,2,355,व्यावसायिक क्षेत्र
प्रसौनी,2,356,व्यावसायिक क्षेत्र
प्रसौनी,2,371,आवासीय क्षेत्र
प्रसौनी,2,372,आवासीय क्षेत्र
प्रसौनी,2,373,आवासीय क्षेत्र
प्रसौनी,2,377,कृषि क्षेत्र
प्रसौनी,2,378,कृषि क्षेत्र
प्रसौनी,2,392,कृषि क्षेत्र
प्रसौनी,2,406,आवासीय क्षेत्र
प्रसौनी,2,408,कृषि क्षेत्र
प्रसौनी,2,409,कृषि क्षेत्र
प्रसौनी,2,410,आवासीय क्षेत्र
प्रसौनी,2,413,कृषि क्षेत्र
प्रसौनी,2,414,आवासीय क्षेत्र
प्रसौनी,2,414,औद्योगिक क्षेत्र
प्रसौनी,2,415,औद्योगिक क्षेत्र
प्रसौनी,2,418,कृषि क्षेत्र
प्रसौनी,2,425,कृषि क्षेत्र
प्रसौनी,2,426,कृषि क्षेत्र
प्रसौनी,2,427,कृषि क्षेत्र
प्रसौनी,2,428,आवासीय क्षेत्र
प्रसौनी,2,429,कृषि क्षेत्र
प्रसौनी,2,430,आवासीय क्षेत्र
प्रसौनी,2,433,व्यावसायिक क्षेत्र
प्रसौनी,2,434,औद्योगिक क्षेत्र
प्रसौनी,2,435,औद्योगिक क्षेत्र
प्रसौनी,2,436,व्यावसायिक क्षेत्र
प्रसौनी,2,437,व्यावसायिक क्षेत्र
प्रसौनी,2,443,आवासीय क्षेत्र
प्रसौनी,2,447,कृषि क्षेत्र
प्रसौनी,2,448,कृषि क्षेत्र
प्रसौनी,2,453,कृषि क्षेत्र
प्रसौनी,2,454,कृषि क्षेत्र
प्रसौनी,2,455,कृषि क्षेत्र
प्रसौनी,2,456,कृषि क्षेत्र
प्रसौनी,2,460,कृषि क्षेत्र
प्रसौनी,2,461,कृषि क्षेत्र
प्रसौनी,2,462,कृषि क्षेत्र
प्रसौनी,2,465,आवासीय क्षेत्र
प्रसौनी,2,466,आवासीय क्षेत्र
प्रसौनी,2,467,आवासीय क्षेत्र
प्रसौनी,2,475,कृषि क्षेत्र
प्रसौनी,2,476,कृषि क्षेत्र
प्रसौनी,2,477,औद्योगिक क्षेत्र
प्रसौनी,2,486,आवासीय क्षेत्र
प्रसौनी,2,487,आवासीय क्षेत्र
प्रसौनी,2,490,कृषि क्षेत्र
प्रसौनी,2,491,कृषि क्षेत्र
प्रसौनी,2,496,कृषि क्षेत्र
प्रसौनी,2,498,कृषि क्षेत्र
प्रसौनी,2,523,कृषि क्षेत्र
प्रसौनी,2,524,कृषि क्षेत्र
प्रसौनी,2,543,आवासीय क्षेत्र
प्रसौनी,2,544,व्यावसायिक क्षेत्र
प्रसौनी,2,545,कृषि क्षेत्र
प्रसौनी,2,546,कृषि क्षेत्र
प्रसौनी,2,547,कृषि क्षेत्र
प्रसौनी,2,556,कृषि क्षेत्र
प्रसौनी,2,557,कृषि क्षेत्र
प्रसौनी,2,558,कृषि क्षेत्र
प्रसौनी,2,565,कृषि क्षेत्र
प्रसौनी,2,566,कृषि क्षेत्र
प्रसौनी,2,567,कृषि क्षेत्र
प्रसौनी,2,568,कृषि क्षेत्र
प्रसौनी,2,569,कृषि क्षेत्र
प्रसौनी,2,570,कृषि क्षेत्र
प्रसौनी,2,574,औद्योगिक क्षेत्र
प्रसौनी,2,575,औद्योगिक क्षेत्र
प्रसौनी,2,576,आवासीय क्षेत्र
प्रसौनी,2,577,कृषि क्षेत्र
प्रसौनी,2,578,कृषि क्षेत्र
प्रसौनी,2,579,कृषि क्षेत्र
प्रसौनी,2,580,कृषि क्षेत्र
प्रसौनी,2,581,आवासीय क्षेत्र
प्रसौनी,2,582,आवासीय क्षेत्र
प्रसौनी,2,583,आवासीय क्षेत्र
प्रसौनी,2,584,आवासीय क्षेत्र
प्रसौनी,2,585,आवासीय क्षेत्र
प्रसौनी,2,586,आवासीय क्षेत्र
प्रसौनी,2,591,आवासीय क्षेत्र
प्रसौनी,2,592,आवासीय क्षेत्र
प्रसौनी,2,593,कृषि क्षेत्र
प्रसौनी,2,594,कृषि क्षेत्र
प्रसौनी,2,597,आवासीय क्षेत्र
प्रसौनी,2,598,आवासीय क्षेत्र
प्रसौनी,2,599,कृषि क्षेत्र
प्रसौनी,2,600,कृषि क्षेत्र
प्रसौनी,2,601,कृषि क्षेत्र
प्रसौनी,2,602,कृषि क्षेत्र
प्रसौनी,2,603,कृषि क्षेत्र
प्रसौनी,2,604,कृषि क्षेत्र
प्रसौनी,2,609,आवासीय क्षेत्र
प्रसौनी,2,610,आवासीय क्षेत्र
प्रसौनी,2 गाउँ,0,आवासीय क्षेत्र
प्रसौनी,2 गाउँ,2,आवासीय क्षेत्र
प्रसौनी,2 गाउँ,3,आवासीय क्षेत्र
प्रसौनी,2 गाउँ,6,आवासीय क्षेत्र
प्रसौनी,2 गाउँ,7,आवासीय क्षेत्र
प्रसौनी,2 गाउँ,9,आवासीय क्षेत्र
प्रसौनी,2 गाउँ,10,आवासीय क्षेत्र
प्रसौनी,2 गाउँ,13,आवासीय क्षेत्र
प्रसौनी,2 गाउँ,14,आवासीय क्षेत्र
प्रसौनी,2 गाउँ,15,आवासीय क्षेत्र
प्रसौनी,2 गाउँ,16,आवासीय क्षेत्र
प्रसौनी,2 गाउँ,17,आवासीय क्षेत्र
प्रसौनी,2 गाउँ,18,आवासीय क्षेत्र
प्रसौनी,2 गाउँ,20,आवासीय क्षेत्र
प्रसौनी,2 गाउँ,21,आवासीय क्षेत्र
प्रसौनी,2 गाउँ,22,आवासीय क्षेत्र
प्रसौनी,2 गाउँ,23,आवासीय क्षेत्र
प्रसौनी,2 गाउँ,24,आवासीय क्षेत्र
प्रसौनी,2 गाउँ,25,आवासीय क्षेत्र
प्रसौनी,2 गाउँ,26,आवासीय क्षेत्र
प्रसौनी,2 गाउँ,27,आवासीय क्षेत्र
प्रसौनी,2 गाउँ,28,आवासीय क्षेत्र
प्रसौनी,2 गाउँ,29,आवासीय क्षेत्र
प्रसौनी,2 गाउँ,30,आवासीय क्षेत्र
प्रसौनी,2 गाउँ,31,आवासीय क्षेत्र
प्रसौनी,2 गाउँ,32,आवासीय क्षेत्र
प्रसौनी,2 गाउँ,33,आवासीय क्षेत्र
प्रसौनी,2 गाउँ,34,आवासीय क्षेत्र
प्रसौनी,2 गाउँ,35,सार्वजनिक उपयोगको क्षेत्र
प्रसौनी,2 गाउँ,37,आवासीय क्षेत्र
प्रसौनी,2 गाउँ,38,आवासीय क्षेत्र
प्रसौनी,2 गाउँ,39,आवासीय क्षेत्र
प्रसौनी,2 गाउँ,40,आवासीय क्षेत्र
प्रसौनी,2 गाउँ,41,आवासीय क्षेत्र
प्रसौनी,2 गाउँ,42,आवासीय क्षेत्र
प्रसौनी,2 गाउँ,43,आवासीय क्षेत्र
प्रसौनी,2 गाउँ,44,आवासीय क्षेत्र
प्रसौनी,2 गाउँ,45,आवासीय क्षेत्र
प्रसौनी,2 गाउँ,46,आवासीय क्षेत्र
प्रसौनी,2 गाउँ,47,आवासीय क्षेत्र
प्रसौनी,2 गाउँ,48,आवासीय क्षेत्र
प्रसौनी,2 गाउँ,49,आवासीय क्षेत्र
प्रसौनी,2 गाउँ,50,आवासीय क्षेत्र
प्रसौनी,2 गाउँ,51,आवासीय क्षेत्र
प्रसौनी,2 गाउँ,52,आवासीय क्षेत्र
प्रसौनी,2 गाउँ,53,आवासीय क्षेत्र
प्रसौनी,2 गाउँ,55,आवासीय क्षेत्र
प्रसौनी,2 गाउँ,58,आवासीय क्षेत्र
प्रसौनी,2 गाउँ,59,आवासीय क्षेत्र
प्रसौनी,2 गाउँ,60,आवासीय क्षेत्र
प्रसौनी,2 गाउँ,62,आवासीय क्षेत्र
प्रसौनी,2 गाउँ,63,आवासीय क्षेत्र
प्रसौनी,2 गाउँ,64,आवासीय क्षेत्र
प्रसौनी,2 गाउँ,65,आवासीय क्षेत्र
प्रसौनी,2 गाउँ,66,आवासीय क्षेत्र
प्रसौनी,2 गाउँ,67,आवासीय क्षेत्र
प्रसौनी,2 गाउँ,69,आवासीय क्षेत्र
प्रसौनी,2 गाउँ,71,आवासीय क्षेत्र
प्रसौनी,2 गाउँ,75,आवासीय क्षेत्र
प्रसौनी,2 गाउँ,76,आवासीय क्षेत्र
प्रसौनी,2 गाउँ,81,आवासीय क्षेत्र
प्रसौनी,2 गाउँ,82,आवासीय क्षेत्र
प्रसौनी,2 गाउँ,83,आवासीय क्षेत्र
प्रसौनी,2 गाउँ,84,आवासीय क्षेत्र
प्रसौनी,2 गाउँ,86,व्यावसायिक क्षेत्र
प्रसौनी,2 गाउँ,87,आवासीय क्षेत्र
प्रसौनी,2 गाउँ,91,आवासीय क्षेत्र
प्रसौनी,2 गाउँ,92,आवासीय क्षेत्र
प्रसौनी,2 गाउँ,93,आवासीय क्षेत्र
प्रसौनी,2 गाउँ,96,आवासीय क्षेत्र
प्रसौनी,2 गाउँ,98,आवासीय क्षेत्र
प्रसौनी,2 गाउँ,100,आवासीय क्षेत्र
प्रसौनी,2 गाउँ,102,आवासीय क्षेत्र
प्रसौनी,2 गाउँ,104,आवासीय क्षेत्र
प्रसौनी,2 गाउँ,105,आवासीय क्षेत्र
प्रसौनी,2 गाउँ,106,आवासीय क्षेत्र
प्रसौनी,2 गाउँ,107,आवासीय क्षेत्र
प्रसौनी,2 गाउँ,108,आवासीय क्षेत्र
प्रसौनी,2 गाउँ,110,आवासीय क्षेत्र
प्रसौनी,2 गाउँ,114,आवासीय क्षेत्र
प्रसौनी,2 गाउँ,115,आवासीय क्षेत्र
प्रसौनी,2 गाउँ,117,आवासीय क्षेत्र
प्रसौनी,2 गाउँ,118,आवासीय क्षेत्र
प्रसौनी,2 गाउँ,119,आवासीय क्षेत्र
प्रसौनी,2 गाउँ,120,आवासीय क्षेत्र
प्रसौनी,2 गाउँ,121,आवासीय क्षेत्र
प्रसौनी,2 गाउँ,122,आवासीय क्षेत्र
प्रसौनी,2 गाउँ,123,आवासीय क्षेत्र
प्रसौनी,2 गाउँ,124,आवासीय क्षेत्र
प्रसौनी,2 गाउँ,125,आवासीय क्षेत्र
प्रसौनी,2 गाउँ,126,आवासीय क्षेत्र
प्रसौनी,2 गाउँ,129,आवासीय क्षेत्र
प्रसौनी,2 गाउँ,133,आवासीय क्षेत्र
प्रसौनी,2 गाउँ,134,आवासीय क्षेत्र
प्रसौनी,2 गाउँ,135,आवासीय क्षेत्र
प्रसौनी,2 गाउँ,136,आवासीय क्षेत्र
प्रसौनी,2 गाउँ,137,आवासीय क्षेत्र
प्रसौनी,2 गाउँ,138,आवासीय क्षेत्र
प्रसौनी,2 गाउँ,139,आवासीय क्षेत्र
प्रसौनी,2 गाउँ,140,आवासीय क्षेत्र
प्रसौनी,2 गाउँ,142,आवासीय क्षेत्र
प्रसौनी,2 गाउँ,142,आवासीय क्षेत्र
प्रसौनी,2 गाउँ,143,आवासीय क्षेत्र
प्रसौनी,2 गाउँ,144,आवासीय क्षेत्र
प्रसौनी,2 गाउँ,146,आवासीय क्षेत्र
प्रसौनी,2 गाउँ,147,आवासीय क्षेत्र
प्रसौनी,2 गाउँ,148,आवासीय क्षेत्र
प्रसौनी,2 गाउँ,149,आवासीय क्षेत्र
प्रसौनी,2 गाउँ,150,आवासीय क्षेत्र
प्रसौनी,2 गाउँ,151,आवासीय क्षेत्र
प्रसौनी,2 गाउँ,152,आवासीय क्षेत्र
प्रसौनी,2 गाउँ,156,आवासीय क्षेत्र
प्रसौनी,2 गाउँ,157,आवासीय क्षेत्र
प्रसौनी,2 गाउँ,158,आवासीय क्षेत्र
प्रसौनी,2 गाउँ,159,आवासीय क्षेत्र
प्रसौनी,2 गाउँ,160,आवासीय क्षेत्र
प्रसौनी,2 गाउँ,161,आवासीय क्षेत्र
प्रसौनी,2 गाउँ,162,आवासीय क्षेत्र
प्रसौनी,2 गाउँ,176,आवासीय क्षेत्र
प्रसौनी,2 गाउँ,177,आवासीय क्षेत्र
प्रसौनी,2 गाउँ,178,आवासीय क्षेत्र
प्रसौनी,2 गाउँ,188,आवासीय क्षेत्र
प्रसौनी,2 गाउँ,189,आवासीय क्षेत्र
प्रसौनी,2 गाउँ,190,आवासीय क्षेत्र
प्रसौनी,2 गाउँ,191,आवासीय क्षेत्र
प्रसौनी,2 गाउँ,195,आवासीय क्षेत्र
प्रसौनी,2 गाउँ,196,आवासीय क्षेत्र
प्रसौनी,2 गाउँ,197,आवासीय क्षेत्र
प्रसौनी,2 गाउँ,198,आवासीय क्षेत्र
प्रसौनी,2 गाउँ,199,आवासीय क्षेत्र
प्रसौनी,2 गाउँ,200,आवासीय क्षेत्र
प्रसौनी,2 गाउँ,201,आवासीय क्षेत्र
प्रसौनी,2 गाउँ,206,आवासीय क्षेत्र
प्रसौनी,2 गाउँ,210,आवासीय क्षेत्र
प्रसौनी,2 गाउँ,211,आवासीय क्षेत्र
प्रसौनी,2 गाउँ,212,आवासीय क्षेत्र
प्रसौनी,2 गाउँ,213,आवासीय क्षेत्र
प्रसौनी,2 गाउँ,214,आवासीय क्षेत्र
प्रसौनी,2 नहर,0,आवासीय क्षेत्र
प्रसौनी,2 नहर,0,आवासीय क्षेत्र
प्रसौनी,2 नहर,206,कृषि क्षेत्र
प्रसौनी,2 नहर,207,कृषि क्षेत्र
प्रसौनी,2 नहर,208,कृषि क्षेत्र
प्रसौनी,2 नहर,209,आवासीय क्षेत्र
प्रसौनी,2 नहर,235,आवासीय क्षेत्र
प्रसौनी,2 नहर,242,आवासीय क्षेत्र
प्रसौनी,2 नहर,324,आवासीय क्षेत्र
प्रसौनी,2 नहर,326,आवासीय क्षेत्र
प्रसौनी,2 नहर,327,आवासीय क्षेत्र
प्रसौनी,2 नहर,328,आवासीय क्षेत्र
प्रसौनी,2 नहर,331,आवासीय क्षेत्र
प्रसौनी,2 नहर,332,आवासीय क्षेत्र
प्रसौनी,2 नहर,333,आवासीय क्षेत्र
प्रसौनी,2 नहर,334,आवासीय क्षेत्र
प्रसौनी,2 नहर,335,आवासीय क्षेत्र
प्रसौनी,2 नहर,336,आवासीय क्षेत्र
प्रसौनी,2 नहर,337,आवासीय क्षेत्र
प्रसौनी,2 नहर,338,आवासीय क्षेत्र
प्रसौनी,2 नहर,340,आवासीय क्षेत्र
प्रसौनी,2 नहर,341,आवासीय क्षेत्र
प्रसौनी,2 नहर,342,आवासीय क्षेत्र
प्रसौनी,2 नहर,342,कृषि क्षेत्र
प्रसौनी,2 नहर,343,आवासीय क्षेत्र
प्रसौनी,2 नहर,348,कृषि क्षेत्र
प्रसौनी,2 नहर,349,आवासीय क्षेत्र
प्रसौनी,2 नहर,351,आवासीय क्षेत्र
प्रसौनी,2 नहर,375,आवासीय क्षेत्र
प्रसौनी,2 नहर,376,आवासीय क्षेत्र
प्रसौनी,2 नहर,379,सार्वजनिक उपयोगको क्षेत्र
प्रसौनी,2 नहर,379,आवासीय क्षेत्र
प्रसौनी,2 नहर,380,आवासीय क्षेत्र
प्रसौनी,2 नहर,381,आवासीय क्षेत्र
प्रसौनी,2 नहर,423,कृषि क्षेत्र
प्रसौनी,2 नहर,424,कृषि क्षेत्र
प्रसौनी,2 नहर,451,आवासीय क्षेत्र
प्रसौनी,2 नहर,452,आवासीय क्षेत्र
प्रसौनी,2 नहर,467,आवासीय क्षेत्र
प्रसौनी,2 नहर,468,आवासीय क्षेत्र
प्रसौनी,2 नहर,530,आवासीय क्षेत्र
प्रसौनी,2 नहर,532,आवासीय क्षेत्र
प्रसौनी,2 नहर,542,आवासीय क्षेत्र
प्रसौनी,2 नहर,548,आवासीय क्षेत्र
प्रसौनी,2 नहर,549,आवासीय क्षेत्र
प्रसौनी,2 नहर,550,आवासीय क्षेत्र
प्रसौनी,2 नहर,551,कृषि क्षेत्र
प्रसौनी,2 नहर,595,आवासीय क्षेत्र
प्रसौनी,2 नहर,596,आवासीय क्षेत्र
प्रसौनी,2 नहर,605,आवासीय क्षेत्र
प्रसौनी,2 नहर,606,आवासीय क्षेत्र
प्रसौनी,2 नहर,607,आवासीय क्षेत्र
प्रसौनी,2 नहर,608,आवासीय क्षेत्र
प्रसौनी,2 नहर,611,आवासीय क्षेत्र
प्रसौनी,2 नहर,612,कृषि क्षेत्र
प्रसौनी,3 क,0,आवासीय क्षेत्र
प्रसौनी,3 क,0,कृषि क्षेत्र
प्रसौनी,3 क,0,सार्वजनिक उपयोगको क्षेत्र
प्रसौनी,3 क,0,आवासीय क्षेत्र
प्रसौनी,3 क,0,सार्वजनिक उपयोगको क्षेत्र
प्रसौनी,3 क,1,औद्योगिक क्षेत्र
प्रसौनी,3 क,3,औद्योगिक क्षेत्र
प्रसौनी,3 क,4,औद्योगिक क्षेत्र
प्रसौनी,3 क,6,आवासीय क्षेत्र
प्रसौनी,3 क,7,आवासीय क्षेत्र
प्रसौनी,3 क,8,आवासीय क्षेत्र
प्रसौनी,3 क,9,आवासीय क्षेत्र
प्रसौनी,3 क,10,आवासीय क्षेत्र
प्रसौनी,3 क,11,आवासीय क्षेत्र
प्रसौनी,3 क,13,आवासीय क्षेत्र
प्रसौनी,3 क,14,आवासीय क्षेत्र
प्रसौनी,3 क,15,आवासीय क्षेत्र
प्रसौनी,3 क,16,आवासीय क्षेत्र
प्रसौनी,3 क,19,आवासीय क्षेत्र
प्रसौनी,3 क,21,आवासीय क्षेत्र
प्रसौनी,3 क,22,आवासीय क्षेत्र
प्रसौनी,3 क,24,आवासीय क्षेत्र
प्रसौनी,3 क,25,आवासीय क्षेत्र
प्रसौनी,3 क,27,आवासीय क्षेत्र
प्रसौनी,3 क,28,आवासीय क्षेत्र
प्रसौनी,3 क,31,आवासीय क्षेत्र
प्रसौनी,3 क,32,आवासीय क्षेत्र
प्रसौनी,3 क,33,आवासीय क्षेत्र
प्रसौनी,3 क,34,आवासीय क्षेत्र
प्रसौनी,3 क,35,आवासीय क्षेत्र
प्रसौनी,3 क,36,आवासीय क्षेत्र
प्रसौनी,3 क,37,व्यावसायिक क्षेत्र
प्रसौनी,3 क,38,व्यावसायिक क्षेत्र
प्रसौनी,3 क,39,आवासीय क्षेत्र
प्रसौनी,3 क,40,आवासीय क्षेत्र
प्रसौनी,3 क,41,आवासीय क्षेत्र
प्रसौनी,3 क,44,आवासीय क्षेत्र
प्रसौनी,3 क,45,आवासीय क्षेत्र
प्रसौनी,3 क,47,व्यावसायिक क्षेत्र
प्रसौनी,3 क,48,आवासीय क्षेत्र
प्रसौनी,3 क,50,आवासीय क्षेत्र
प्रसौनी,3 क,51,आवासीय क्षेत्र
प्रसौनी,3 क,52,आवासीय क्षेत्र
प्रसौनी,3 क,53,आवासीय क्षेत्र
प्रसौनी,3 क,54,आवासीय क्षेत्र
प्रसौनी,3 क,55,आवासीय क्षेत्र
प्रसौनी,3 क,57,आवासीय क्षेत्र
प्रसौनी,3 क,58,आवासीय क्षेत्र
प्रसौनी,3 क,59,आवासीय क्षेत्र
प्रसौनी,3 क,61,आवासीय क्षेत्र
प्रसौनी,3 क,62,आवासीय क्षेत्र
प्रसौनी,3 क,65,आवासीय क्षेत्र
प्रसौनी,3 क,66,आवासीय क्षेत्र
प्रसौनी,3 क,68,आवासीय क्षेत्र
प्रसौनी,3 क,69,आवासीय क्षेत्र
प्रसौनी,3 क,72,आवासीय क्षेत्र
प्रसौनी,3 क,73,आवासीय क्षेत्र
प्रसौनी,3 क,74,आवासीय क्षेत्र
प्रसौनी,3 क,75,आवासीय क्षेत्र
प्रसौनी,3 क,76,सार्वजनिक उपयोगको क्षेत्र
प्रसौनी,3 क,78,आवासीय क्षेत्र
प्रसौनी,3 क,82,आवासीय क्षेत्र
प्रसौनी,3 क,83,आवासीय क्षेत्र
प्रसौनी,3 क,84,आवासीय क्षेत्र
प्रसौनी,3 क,86,आवासीय क्षेत्र
प्रसौनी,3 क,87,आवासीय क्षेत्र
प्रसौनी,3 क,88,सार्वजनिक उपयोगको क्षेत्र
प्रसौनी,3 क,91,आवासीय क्षेत्र
प्रसौनी,3 क,92,आवासीय क्षेत्र
प्रसौनी,3 क,93,आवासीय क्षेत्र
प्रसौनी,3 क,94,आवासीय क्षेत्र
प्रसौनी,3 क,95,आवासीय क्षेत्र
प्रसौनी,3 क,96,आवासीय क्षेत्र
प्रसौनी,3 क,97,आवासीय क्षेत्र
प्रसौनी,3 क,98,आवासीय क्षेत्र
प्रसौनी,3 क,99,आवासीय क्षेत्र
प्रसौनी,3 क,100,आवासीय क्षेत्र
प्रसौनी,3 क,101,आवासीय क्षेत्र
प्रसौनी,3 क,102,आवासीय क्षेत्र
प्रसौनी,3 क,103,कृषि क्षेत्र
प्रसौनी,3 क,104,कृषि क्षेत्र
प्रसौनी,3 क,104,आवासीय क्षेत्र
प्रसौनी,3 क,108,कृषि क्षेत्र
प्रसौनी,3 क,109,कृषि क्षेत्र
प्रसौनी,3 क,110,कृषि क्षेत्र
प्रसौनी,3 क,111,कृषि क्षेत्र
प्रसौनी,3 क,113,कृषि क्षेत्र
प्रसौनी,3 क,114,कृषि क्षेत्र
प्रसौनी,3 क,116,आवासीय क्षेत्र
प्रसौनी,3 क,117,आवासीय क्षेत्र
प्रसौनी,3 क,118,आवासीय क्षेत्र
प्रसौनी,3 क,120,आवासीय क्षेत्र
प्रसौनी,3 क,121,आवासीय क्षेत्र
प्रसौनी,3 क,122,आवासीय क्षेत्र
प्रसौनी,3 क,123,आवासीय क्षेत्र
प्रसौनी,3 क,124,आवासीय क्षेत्र
प्रसौनी,3 क,125,आवासीय क्षेत्र
प्रसौनी,3 क,126,आवासीय क्षेत्र
प्रसौनी,3 क,127,आवासीय क्षेत्र
प्रसौनी,3 क,130,आवासीय क्षेत्र
प्रसौनी,3 क,132,आवासीय क्षेत्र
प्रसौनी,3 क,133,आवासीय क्षेत्र
प्रसौनी,3 क,134,आवासीय क्षेत्र
प्रसौनी,3 क,136,कृषि क्षेत्र
प्रसौनी,3 क,139,आवासीय क्षेत्र
प्रसौनी,3 क,140,आवासीय क्षेत्र
प्रसौनी,3 क,141,कृषि क्षेत्र
प्रसौनी,3 क,143,कृषि क्षेत्र
प्रसौनी,3 क,145,कृषि क्षेत्र
प्रसौनी,3 क,149,कृषि क्षेत्र
प्रसौनी,3 क,154,आवासीय क्षेत्र
प्रसौनी,3 क,155,आवासीय क्षेत्र
प्रसौनी,3 क,158,आवासीय क्षेत्र
प्रसौनी,3 क,159,आवासीय क्षेत्र
प्रसौनी,3 क,160,आवासीय क्षेत्र
प्रसौनी,3 क,161,आवासीय क्षेत्र
प्रसौनी,3 क,162,आवासीय क्षेत्र
प्रसौनी,3 क,163,आवासीय क्षेत्र
प्रसौनी,3 क,166,आवासीय क्षेत्र
प्रसौनी,3 क,167,आवासीय क्षेत्र
प्रसौनी,3 क,168,आवासीय क्षेत्र
प्रसौनी,3 क,169,आवासीय क्षेत्र
प्रसौनी,3 क,170,आवासीय क्षेत्र
प्रसौनी,3 क,171,आवासीय क्षेत्र
प्रसौनी,3 क,172,आवासीय क्षेत्र
प्रसौनी,3 क,173,आवासीय क्षेत्र
प्रसौनी,3 क,174,आवासीय क्षेत्र
प्रसौनी,3 क,175,आवासीय क्षेत्र
प्रसौनी,3 क,176,आवासीय क्षेत्र
प्रसौनी,3 क,180,आवासीय क्षेत्र
प्रसौनी,3 क,181,कृषि क्षेत्र
प्रसौनी,3 क,184,कृषि क्षेत्र
प्रसौनी,3 क,186,कृषि क्षेत्र
प्रसौनी,3 क,190,आवासीय क्षेत्र
प्रसौनी,3 क,192,आवासीय क्षेत्र
प्रसौनी,3 क,193,आवासीय क्षेत्र
प्रसौनी,3 क,194,आवासीय क्षेत्र
प्रसौनी,3 क,195,कृषि क्षेत्र
प्रसौनी,3 क,198,कृषि क्षेत्र
प्रसौनी,3 क,199,कृषि क्षेत्र
प्रसौनी,3 क,200,कृषि क्षेत्र
प्रसौनी,3 क,201,कृषि क्षेत्र
प्रसौनी,3 क,202,आवासीय क्षेत्र
प्रसौनी,3 क,204,आवासीय क्षेत्र
प्रसौनी,3 क,205,सार्वजनिक उपयोगको क्षेत्र
प्रसौनी,3 क,206,कृषि क्षेत्र
प्रसौनी,3 क,209,कृषि क्षेत्र
प्रसौनी,3 क,211,कृषि क्षेत्र
प्रसौनी,3 क,212,आवासीय क्षेत्र
प्रसौनी,3 क,216,आवासीय क्षेत्र
प्रसौनी,3 क,220,व्यावसायिक क्षेत्र
प्रसौनी,3 क,222,आवासीय क्षेत्र
प्रसौनी,3 क,223,आवासीय क्षेत्र
प्रसौनी,3 क,224,आवासीय क्षेत्र
प्रसौनी,3 क,227,आवासीय क्षेत्र
प्रसौनी,3 क,228,कृषि क्षेत्र
प्रसौनी,3 क,229,कृषि क्षेत्र
प्रसौनी,3 क,232,औद्योगिक क्षेत्र
प्रसौनी,3 क,236,कृषि क्षेत्र
प्रसौनी,3 क,237,आवासीय क्षेत्र
प्रसौनी,3 क,238,कृषि क्षेत्र
प्रसौनी,3 क,243,कृषि क्षेत्र
प्रसौनी,3 क,244,कृषि क्षेत्र
प्रसौनी,3 क,247,व्यावसायिक क्षेत्र
प्रसौनी,3 क,248,आवासीय क्षेत्र
प्रसौनी,3 क,249,औद्योगिक क्षेत्र
प्रसौनी,3 क,250,व्यावसायिक क्षेत्र
प्रसौनी,3 क,258,आवासीय क्षेत्र
प्रसौनी,3 क,259,आवासीय क्षेत्र
प्रसौनी,3 क,269,आवासीय क्षेत्र
प्रसौनी,3 क,270,आवासीय क्षेत्र
प्रसौनी,3 क,272,आवासीय क्षेत्र
प्रसौनी,3 क,273,आवासीय क्षेत्र
प्रसौनी,3 क,274,व्यावसायिक क्षेत्र
प्रसौनी,3 क,275,व्यावसायिक क्षेत्र
प्रसौनी,3 क,276,कृषि क्षेत्र
प्रसौनी,3 क,277,कृषि क्षेत्र
प्रसौनी,3 क,280,कृषि क्षेत्र
प्रसौनी,3 क,285,आवासीय क्षेत्र
प्रसौनी,3 क,291,आवासीय क्षेत्र
प्रसौनी,3 क,292,आवासीय क्षेत्र
प्रसौनी,3 क,296,आवासीय क्षेत्र
प्रसौनी,3 क,298,आवासीय क्षेत्र
प्रसौनी,3 क,300,आवासीय क्षेत्र
प्रसौनी,3 क,301,आवासीय क्षेत्र
प्रसौनी,3 क,302,आवासीय क्षेत्र
प्रसौनी,3 क,303,आवासीय क्षेत्र
प्रसौनी,3 क,304,आवासीय क्षेत्र
प्रसौनी,3 क,305,आवासीय क्षेत्र
प्रसौनी,3 क,306,आवासीय क्षेत्र
प्रसौनी,3 क,307,आवासीय क्षेत्र
प्रसौनी,3 क,308,आवासीय क्षेत्र
प्रसौनी,3 क,309,आवासीय क्षेत्र
प्रसौनी,3 क,315,कृषि क्षेत्र
प्रसौनी,3 क,316,कृषि क्षेत्र
प्रसौनी,3 क,324,आवासीय क्षेत्र
प्रसौनी,3 क,325,आवासीय क्षेत्र
प्रसौनी,3 क,327,कृषि क्षेत्र
प्रसौनी,3 क,328,कृषि क्षेत्र
प्रसौनी,3 क,333,आवासीय क्षेत्र
प्रसौनी,3 क,334,आवासीय क्षेत्र
प्रसौनी,3 क,339,आवासीय क्षेत्र
प्रसौनी,3 क,357,आवासीय क्षेत्र
प्रसौनी,3 क,362,कृषि क्षेत्र
प्रसौनी,3 क,363,कृषि क्षेत्र
प्रसौनी,3 क,364,कृषि क्षेत्र
प्रसौनी,3 क,372,कृषि क्षेत्र
प्रसौनी,3 क,373,कृषि क्षेत्र
प्रसौनी,3 क,392,औद्योगिक क्षेत्र
प्रसौनी,3 क,393,औद्योगिक क्षेत्र
प्रसौनी,3 क,394,औद्योगिक क्षेत्र
प्रसौनी,3 क,396,आवासीय क्षेत्र
प्रसौनी,3 क,399,कृषि क्षेत्र
प्रसौनी,3 क,407,आवासीय क्षेत्र
प्रसौनी,3 क,408,आवासीय क्षेत्र
प्रसौनी,3 क,422,आवासीय क्षेत्र
प्रसौनी,3 क,423,आवासीय क्षेत्र
प्रसौनी,3 क,429,आवासीय क्षेत्र
प्रसौनी,3 क,440,कृषि क्षेत्र
प्रसौनी,3 क,453,आवासीय क्षेत्र
प्रसौनी,3 क,454,आवासीय क्षेत्र
प्रसौनी,3 क,455,आवासीय क्षेत्र
प्रसौनी,3 क,462,आवासीय क्षेत्र
प्रसौनी,3 क,463,आवासीय क्षेत्र
प्रसौनी,3 क,464,आवासीय क्षेत्र
प्रसौनी,3 क,465,आवासीय क्षेत्र
प्रसौनी,3 क,466,आवासीय क्षेत्र
प्रसौनी,3 क,467,आवासीय क्षेत्र
प्रसौनी,3 क,468,आवासीय क्षेत्र
प्रसौनी,3 क,469,आवासीय क्षेत्र
प्रसौनी,3 क,470,आवासीय क्षेत्र
प्रसौनी,3 क,475,आवासीय क्षेत्र
प्रसौनी,3 क,477,व्यावसायिक क्षेत्र
प्रसौनी,3 क,478,व्यावसायिक क्षेत्र
प्रसौनी,3 क,479,व्यावसायिक क्षेत्र
प्रसौनी,3 क,480,व्यावसायिक क्षेत्र
प्रसौनी,3 क,485,आवासीय क्षेत्र
प्रसौनी,3 क,486,आवासीय क्षेत्र
प्रसौनी,3 क,495,आवासीय क्षेत्र
प्रसौनी,3 क,496,आवासीय क्षेत्र
प्रसौनी,3 क,501,आवासीय क्षेत्र
प्रसौनी,3 क,502,आवासीय क्षेत्र
प्रसौनी,3 क,512,कृषि क्षेत्र
प्रसौनी,3 क,513,कृषि क्षेत्र
प्रसौनी,3 क,514,कृषि क्षेत्र
प्रसौनी,3 क,515,कृषि क्षेत्र
प्रसौनी,3 क,516,कृषि क्षेत्र
प्रसौनी,3 क,517,कृषि क्षेत्र
प्रसौनी,3 क,518,कृषि क्षेत्र
प्रसौनी,3 क,525,आवासीय क्षेत्र
प्रसौनी,3 क,526,आवासीय क्षेत्र
प्रसौनी,3 क,527,आवासीय क्षेत्र
प्रसौनी,3 क,531,आवासीय क्षेत्र
प्रसौनी,3 क,533,आवासीय क्षेत्र
प्रसौनी,3 क,534,आवासीय क्षेत्र
प्रसौनी,3 क,544,आवासीय क्षेत्र
प्रसौनी,3 क,545,आवासीय क्षेत्र
प्रसौनी,3 क,574,आवासीय क्षेत्र
प्रसौनी,3 क,576,कृषि क्षेत्र
प्रसौनी,3 क,605,आवासीय क्षेत्र
प्रसौनी,3 क,606,आवासीय क्षेत्र
प्रसौनी,3 क,607,कृषि क्षेत्र
प्रसौनी,3 क,608,कृषि क्षेत्र
प्रसौनी,3 क,609,कृषि क्षेत्र
प्रसौनी,3 क,610,कृषि क्षेत्र
प्रसौनी,3 क,611,कृषि क्षेत्र
प्रसौनी,3 क,612,कृषि क्षेत्र
प्रसौनी,3 क,613,कृषि क्षेत्र
प्रसौनी,3 क,615,आवासीय क्षेत्र
प्रसौनी,3 क,630,आवासीय क्षेत्र
प्रसौनी,3 क,631,आवासीय क्षेत्र
प्रसौनी,3 क,642,आवासीय क्षेत्र
प्रसौनी,3 क,643,कृषि क्षेत्र
प्रसौनी,3 क,659,कृषि क्षेत्र
प्रसौनी,3 क,660,कृषि क्षेत्र
प्रसौनी,3 क,661,कृषि क्षेत्र
प्रसौनी,3 क,662,कृषि क्षेत्र
प्रसौनी,3 क,667,आवासीय क्षेत्र
प्रसौनी,3 क,712,आवासीय क्षेत्र
प्रसौनी,3 क,713,आवासीय क्षेत्र
प्रसौनी,3 क,833,आवासीय क्षेत्र
प्रसौनी,3 क,834,आवासीय क्षेत्र
प्रसौनी,3 क,851,आवासीय क्षेत्र
प्रसौनी,3 क,852,आवासीय क्षेत्र
प्रसौनी,3 क,857,आवासीय क्षेत्र
प्रसौनी,3 क,858,आवासीय क्षेत्र
प्रसौनी,3 क,859,आवासीय क्षेत्र
प्रसौनी,3 क,860,आवासीय क्षेत्र
प्रसौनी,3 क,883,आवासीय क्षेत्र
प्रसौनी,3 क,885,आवासीय क्षेत्र
प्रसौनी,3 क,885,आवासीय क्षेत्र
प्रसौनी,3 क,885,आवासीय क्षेत्र
प्रसौनी,3 क,885,आवासीय क्षेत्र
प्रसौनी,3 क,886,आवासीय क्षेत्र
प्रसौनी,3 क,886,आवासीय क्षेत्र
प्रसौनी,3 क,901,आवासीय क्षेत्र
प्रसौनी,3 क,902,आवासीय क्षेत्र
प्रसौनी,3 क,943,आवासीय क्षेत्र
प्रसौनी,3 क,944,आवासीय क्षेत्र
प्रसौनी,3 क,954,आवासीय क्षेत्र
प्रसौनी,3 क,955,आवासीय क्षेत्र
प्रसौनी,3 क,983,आवासीय क्षेत्र
प्रसौनी,3 क,984,आवासीय क्षेत्र
प्रसौनी,3 क,989,आवासीय क्षेत्र
प्रसौनी,3 क,990,आवासीय क्षेत्र
प्रसौनी,3 क,991,आवासीय क्षेत्र
प्रसौनी,3 क,992,आवासीय क्षेत्र
प्रसौनी,3 क,993,आवासीय क्षेत्र
प्रसौनी,3 क,994,आवासीय क्षेत्र
प्रसौनी,3 क,998,आवासीय क्षेत्र
प्रसौनी,3 क,999,आवासीय क्षेत्र
प्रसौनी,3 क,1004,आवासीय क्षेत्र
प्रसौनी,3 क,1005,आवासीय क्षेत्र
प्रसौनी,3 क,1006,आवासीय क्षेत्र
प्रसौनी,3 क,1007,आवासीय क्षेत्र
प्रसौनी,3 क,1021,औद्योगिक क्षेत्र
प्रसौनी,3 क,1022,औद्योगिक क्षेत्र
प्रसौनी,3 क,1023,आवासीय क्षेत्र
प्रसौनी,3 क,1024,आवासीय क्षेत्र
प्रसौनी,3 क,1040,कृषि क्षेत्र
प्रसौनी,3 क,1041,कृषि क्षेत्र
प्रसौनी,3 क,1042,आवासीय क्षेत्र
प्रसौनी,3 क,1043,आवासीय क्षेत्र
प्रसौनी,3 क,1044,आवासीय क्षेत्र
प्रसौनी,3 क,1045,कृषि क्षेत्र
प्रसौनी,3 क,1046,कृषि क्षेत्र
प्रसौनी,3 क,1047,आवासीय क्षेत्र
प्रसौनी,3 क,1048,आवासीय क्षेत्र
प्रसौनी,3 क,1049,कृषि क्षेत्र
प्रसौनी,3 क,1050,कृषि क्षेत्र
प्रसौनी,3 क,1051,कृषि क्षेत्र
प्रसौनी,3 क,1052,कृषि क्षेत्र
प्रसौनी,3 क,1053,कृषि क्षेत्र
प्रसौनी,3 क,1058,आवासीय क्षेत्र
प्रसौनी,3 क,1059,आवासीय क्षेत्र
प्रसौनी,3 क,1060,आवासीय क्षेत्र
प्रसौनी,3 क,1075,आवासीय क्षेत्र
प्रसौनी,3 क,1077,आवासीय क्षेत्र
प्रसौनी,3 क,1078,आवासीय क्षेत्र
प्रसौनी,3 क,1079,आवासीय क्षेत्र
प्रसौनी,3 क,1080,आवासीय क्षेत्र
प्रसौनी,3 क,1081,आवासीय क्षेत्र
प्रसौनी,3 क,1082,आवासीय क्षेत्र
प्रसौनी,3 क,1083,कृषि क्षेत्र
प्रसौनी,3 क,1084,आवासीय क्षेत्र
प्रसौनी,3 क,1085,आवासीय क्षेत्र
प्रसौनी,3 क,1086,आवासीय क्षेत्र
प्रसौनी,3 क,1092,आवासीय क्षेत्र
प्रसौनी,3 क,1093,आवासीय क्षेत्र
प्रसौनी,3 क,1094,आवासीय क्षेत्र
प्रसौनी,3 क,1099,कृषि क्षेत्र
प्रसौनी,3 क,1100,कृषि क्षेत्र
प्रसौनी,3 क,1101,आवासीय क्षेत्र
प्रसौनी,3 क,1102,आवासीय क्षेत्र
प्रसौनी,3 क,1103,आवासीय क्षेत्र
प्रसौनी,3 क,1104,आवासीय क्षेत्र
प्रसौनी,3 क,1105,आवासीय क्षेत्र
प्रसौनी,3 क,1106,आवासीय क्षेत्र
प्रसौनी,3 क,1107,आवासीय क्षेत्र
प्रसौनी,3 क,1108,कृषि क्षेत्र
प्रसौनी,3 क,1109,आवासीय क्षेत्र
प्रसौनी,3 क,1110,आवासीय क्षेत्र
प्रसौनी,3 क,1111,आवासीय क्षेत्र
प्रसौनी,3 क,1112,कृषि क्षेत्र
प्रसौनी,3 क,1113,कृषि क्षेत्र
प्रसौनी,3 क,1114,कृषि क्षेत्र
प्रसौनी,3 क,1115,कृषि क्षेत्र
प्रसौनी,3 क,1134,आवासीय क्षेत्र
प्रसौनी,3 क,1135,आवासीय क्षेत्र
प्रसौनी,3 क,1343,आवासीय क्षेत्र
प्रसौनी,3 क,1344,आवासीय क्षेत्र
प्रसौनी,3 क,1345,आवासीय क्षेत्र
प्रसौनी,3 क नहर,0,आवासीय क्षेत्र
प्रसौनी,3 क नहर,1,औद्योगिक क्षेत्र
प्रसौनी,3 क नहर,2,औद्योगिक क्षेत्र
प्रसौनी,3 क नहर,3,औद्योगिक क्षेत्र
प्रसौनी,3 क नहर,11,आवासीय क्षेत्र
प्रसौनी,3 क नहर,12,आवासीय क्षेत्र
प्रसौनी,3 क नहर,19,आवासीय क्षेत्र
प्रसौनी,3 क नहर,22,आवासीय क्षेत्र
प्रसौनी,3 क नहर,23,आवासीय क्षेत्र
प्रसौनी,3 क नहर,24,आवासीय क्षेत्र
प्रसौनी,3 क नहर,118,आवासीय क्षेत्र
प्रसौनी,3 क नहर,231,औद्योगिक क्षेत्र
प्रसौनी,3 क नहर,247,व्यावसायिक क्षेत्र
प्रसौनी,3 क नहर,248,आवासीय क्षेत्र
प्रसौनी,3 क नहर,249,औद्योगिक क्षेत्र
प्रसौनी,3 क नहर,250,व्यावसायिक क्षेत्र
प्रसौनी,3 क नहर,274,व्यावसायिक क्षेत्र
प्रसौनी,3 क नहर,305,आवासीय क्षेत्र
प्रसौनी,3 क नहर,341,आवासीय क्षेत्र
प्रसौनी,3 क नहर,341,व्यावसायिक क्षेत्र
प्रसौनी,3 क नहर,341,आवासीय क्षेत्र
प्रसौनी,3 क नहर,342,आवासीय क्षेत्र
प्रसौनी,3 क नहर,345,आवासीय क्षेत्र
प्रसौनी,3 क नहर,349,आवासीय क्षेत्र
प्रसौनी,3 क नहर,351,आवासीय क्षेत्र
प्रसौनी,3 क नहर,352,आवासीय क्षेत्र
प्रसौनी,3 क नहर,353,आवासीय क्षेत्र
प्रसौनी,3 क नहर,354,आवासीय क्षेत्र
प्रसौनी,3 क नहर,355,आवासीय क्षेत्र
प्रसौनी,3 क नहर,569,औद्योगिक क्षेत्र
प्रसौनी,3 क नहर,570,औद्योगिक क्षेत्र
प्रसौनी,3 क नहर,616,औद्योगिक क्षेत्र
प्रसौनी,3 क नहर,617,आवासीय क्षेत्र
प्रसौनी,3 क नहर,618,आवासीय क्षेत्र
प्रसौनी,3 क नहर,739,आवासीय क्षेत्र
प्रसौनी,3 क नहर,756,आवासीय क्षेत्र
प्रसौनी,3 क नहर,758,आवासीय क्षेत्र
प्रसौनी,3 क नहर,759,आवासीय क्षेत्र
प्रसौनी,3 क नहर,828,आवासीय क्षेत्र
प्रसौनी,3 क नहर,845,आवासीय क्षेत्र
प्रसौनी,3 क नहर,846,आवासीय क्षेत्र
प्रसौनी,3 क नहर,919,आवासीय क्षेत्र
प्रसौनी,3 क नहर,972,आवासीय क्षेत्र
प्रसौनी,3 क नहर,987,आवासीय क्षेत्र
प्रसौनी,3 क नहर,988,आवासीय क्षेत्र
प्रसौनी,3 क नहर,1008,आवासीय क्षेत्र
प्रसौनी,3 क नहर,1009,औद्योगिक क्षेत्र
प्रसौनी,3 क नहर,1014,आवासीय क्षेत्र
प्रसौनी,3 क नहर,1015,आवासीय क्षेत्र
प्रसौनी,3 क नहर,1035,आवासीय क्षेत्र
प्रसौनी,3 क नहर,1036,औद्योगिक क्षेत्र
प्रसौनी,3 क नहर,1037,औद्योगिक क्षेत्र
प्रसौनी,3 क नहर,1038,आवासीय क्षेत्र
प्रसौनी,3 क नहर,1039,आवासीय क्षेत्र
प्रसौनी,3 क नहर,1054,आवासीय क्षेत्र
प्रसौनी,3 क नहर,1055,आवासीय क्षेत्र
प्रसौनी,3 क नहर,1056,आवासीय क्षेत्र
प्रसौनी,3 क नहर,1057,आवासीय क्षेत्र
प्रसौनी,3 क नहर,9991,आवासीय क्षेत्र
प्रसौनी,3 क नहर,9992,आवासीय क्षेत्र
प्रसौनी,3 क नहर,9993,आवासीय क्षेत्र
प्रसौनी,3 क नहर,9998,आवासीय क्षेत्र
प्रसौनी,3 क नहर,9999,सार्वजनिक उपयोगको क्षेत्र
प्रसौनी,3 गाउँ,0,आवासीय क्षेत्र
प्रसौनी,3 गाउँ,0,आवासीय क्षेत्र
प्रसौनी,3 गाउँ,0,सार्वजनिक उपयोगको क्षेत्र
प्रसौनी,3 गाउँ,0,आवासीय क्षेत्र
प्रसौनी,3 गाउँ,0,आवासीय क्षेत्र
प्रसौनी,3 गाउँ,0,आवासीय क्षेत्र
प्रसौनी,3 गाउँ,0,आवासीय क्षेत्र
प्रसौनी,3 गाउँ,0,आवासीय क्षेत्र
प्रसौनी,3 गाउँ,0,आवासीय क्षेत्र
प्रसौनी,3 गाउँ,0,आवासीय क्षेत्र
प्रसौनी,3 गाउँ,1,आवासीय क्षेत्र
प्रसौनी,3 गाउँ,5,आवासीय क्षेत्र
प्रसौनी,3 गाउँ,8,आवासीय क्षेत्र
प्रसौनी,3 गाउँ,10,आवासीय क्षेत्र
प्रसौनी,3 गाउँ,11,आवासीय क्षेत्र
प्रसौनी,3 गाउँ,12,आवासीय क्षेत्र
प्रसौनी,3 गाउँ,13,आवासीय क्षेत्र
प्रसौनी,3 गाउँ,16,आवासीय क्षेत्र
प्रसौनी,3 गाउँ,17,आवासीय क्षेत्र
प्रसौनी,3 गाउँ,19,आवासीय क्षेत्र
प्रसौनी,3 गाउँ,20,आवासीय क्षेत्र
प्रसौनी,3 गाउँ,21,आवासीय क्षेत्र
प्रसौनी,3 गाउँ,22,आवासीय क्षेत्र
प्रसौनी,3 गाउँ,25,आवासीय क्षेत्र
प्रसौनी,3 गाउँ,26,आवासीय क्षेत्र
प्रसौनी,3 गाउँ,27,आवासीय क्षेत्र
प्रसौनी,3 गाउँ,28,आवासीय क्षेत्र
प्रसौनी,3 गाउँ,29,आवासीय क्षेत्र
प्रसौनी,3 गाउँ,30,आवासीय क्षेत्र
प्रसौनी,3 गाउँ,31,आवासीय क्षेत्र
प्रसौनी,3 गाउँ,32,आवासीय क्षेत्र
प्रसौनी,3 गाउँ,35,आवासीय क्षेत्र
प्रसौनी,3 गाउँ,36,आवासीय क्षेत्र
प्रसौनी,3 गाउँ,37,आवासीय क्षेत्र
प्रसौनी,3 गाउँ,38,आवासीय क्षेत्र
प्रसौनी,3 गाउँ,39,आवासीय क्षेत्र
प्रसौनी,3 गाउँ,40,आवासीय क्षेत्र
प्रसौनी,3 गाउँ,41,आवासीय क्षेत्र
प्रसौनी,3 गाउँ,42,आवासीय क्षेत्र
प्रसौनी,3 गाउँ,43,आवासीय क्षेत्र
प्रसौनी,3 गाउँ,44,आवासीय क्षेत्र
प्रसौनी,3 गाउँ,45,आवासीय क्षेत्र
प्रसौनी,3 गाउँ,47,आवासीय क्षेत्र
प्रसौनी,3 गाउँ,48,आवासीय क्षेत्र
प्रसौनी,3 गाउँ,49,आवासीय क्षेत्र
प्रसौनी,3 गाउँ,50,आवासीय क्षेत्र
प्रसौनी,3 गाउँ,51,आवासीय क्षेत्र
प्रसौनी,3 गाउँ,52,आवासीय क्षेत्र
प्रसौनी,3 गाउँ,52,आवासीय क्षेत्र
प्रसौनी,3 गाउँ,53,आवासीय क्षेत्र
प्रसौनी,3 गाउँ,56,आवासीय क्षेत्र
प्रसौनी,3 गाउँ,57,आवासीय क्षेत्र
प्रसौनी,3 गाउँ,58,आवासीय क्षेत्र
प्रसौनी,3 गाउँ,59,आवासीय क्षेत्र
प्रसौनी,3 गाउँ,60,आवासीय क्षेत्र
प्रसौनी,3 गाउँ,61,आवासीय क्षेत्र
प्रसौनी,3 गाउँ,62,आवासीय क्षेत्र
प्रसौनी,3 गाउँ,64,आवासीय क्षेत्र
प्रसौनी,3 गाउँ,66,आवासीय क्षेत्र
प्रसौनी,3 गाउँ,67,आवासीय क्षेत्र
प्रसौनी,3 गाउँ,68,आवासीय क्षेत्र
प्रसौनी,3 गाउँ,69,आवासीय क्षेत्र
प्रसौनी,3 गाउँ,70,आवासीय क्षेत्र
प्रसौनी,3 गाउँ,71,आवासीय क्षेत्र
प्रसौनी,3 गाउँ,72,आवासीय क्षेत्र
प्रसौनी,3 गाउँ,73,आवासीय क्षेत्र
प्रसौनी,3 गाउँ,74,आवासीय क्षेत्र
प्रसौनी,3 गाउँ,76,आवासीय क्षेत्र
प्रसौनी,3 गाउँ,77,आवासीय क्षेत्र
प्रसौनी,3 गाउँ,78,आवासीय क्षेत्र
प्रसौनी,3 गाउँ,79,आवासीय क्षेत्र
प्रसौनी,3 गाउँ,80,आवासीय क्षेत्र
प्रसौनी,3 गाउँ,81,आवासीय क्षेत्र
प्रसौनी,3 गाउँ,82,आवासीय क्षेत्र
प्रसौनी,3 गाउँ,83,आवासीय क्षेत्र
प्रसौनी,3 गाउँ,84,आवासीय क्षेत्र
प्रसौनी,3 गाउँ,85,आवासीय क्षेत्र
प्रसौनी,3 गाउँ,86,आवासीय क्षेत्र
प्रसौनी,3 गाउँ,87,आवासीय क्षेत्र
प्रसौनी,3 गाउँ,88,आवासीय क्षेत्र
प्रसौनी,3 गाउँ,89,आवासीय क्षेत्र
प्रसौनी,3 गाउँ,90,आवासीय क्षेत्र
प्रसौनी,3 गाउँ,91,आवासीय क्षेत्र
प्रसौनी,3 गाउँ,92,आवासीय क्षेत्र
प्रसौनी,3 गाउँ,93,आवासीय क्षेत्र
प्रसौनी,3 गाउँ,94,आवासीय क्षेत्र
प्रसौनी,3 गाउँ,95,आवासीय क्षेत्र
प्रसौनी,3 गाउँ,97,आवासीय क्षेत्र
प्रसौनी,3 गाउँ,98,आवासीय क्षेत्र
प्रसौनी,3 गाउँ,99,आवासीय क्षेत्र
प्रसौनी,3 गाउँ,100,आवासीय क्षेत्र
प्रसौनी,3 गाउँ,101,आवासीय क्षेत्र
प्रसौनी,3 गाउँ,102,आवासीय क्षेत्र
प्रसौनी,3 गाउँ,103,आवासीय क्षेत्र
प्रसौनी,3 गाउँ,105,आवासीय क्षेत्र
प्रसौनी,3 गाउँ,106,आवासीय क्षेत्र
प्रसौनी,3 गाउँ,107,आवासीय क्षेत्र
प्रसौनी,3 गाउँ,108,आवासीय क्षेत्र
प्रसौनी,3 गाउँ,109,आवासीय क्षेत्र
प्रसौनी,3 गाउँ,110,आवासीय क्षेत्र
प्रसौनी,3 गाउँ,111,सार्वजनिक उपयोगको क्षेत्र
प्रसौनी,3 गाउँ,112,आवासीय क्षेत्र
प्रसौनी,3 गाउँ,114,आवासीय क्षेत्र
प्रसौनी,3 गाउँ,118,आवासीय क्षेत्र
प्रसौनी,3 गाउँ,122,आवासीय क्षेत्र
प्रसौनी,3 गाउँ,123,आवासीय क्षेत्र
प्रसौनी,3 गाउँ,124,आवासीय क्षेत्र
प्रसौनी,3 गाउँ,125,आवासीय क्षेत्र
प्रसौनी,3 गाउँ,126,आवासीय क्षेत्र
प्रसौनी,3 गाउँ,127,आवासीय क्षेत्र
प्रसौनी,3 गाउँ,128,आवासीय क्षेत्र
प्रसौनी,3 गाउँ,129,आवासीय क्षेत्र
प्रसौनी,3 गाउँ,130,आवासीय क्षेत्र
प्रसौनी,3 गाउँ,135,आवासीय क्षेत्र
प्रसौनी,3 गाउँ,136,आवासीय क्षेत्र
प्रसौनी,3 गाउँ,137,आवासीय क्षेत्र
प्रसौनी,3 गाउँ,139,आवासीय क्षेत्र
प्रसौनी,3 गाउँ,140,आवासीय क्षेत्र
प्रसौनी,3 गाउँ,140,आवासीय क्षेत्र
प्रसौनी,3 गाउँ,143,आवासीय क्षेत्र
प्रसौनी,3 गाउँ,145,आवासीय क्षेत्र
प्रसौनी,3 गाउँ,147,आवासीय क्षेत्र
प्रसौनी,3 गाउँ,148,आवासीय क्षेत्र
प्रसौनी,3 गाउँ,150,आवासीय क्षेत्र
प्रसौनी,3 गाउँ,151,आवासीय क्षेत्र
प्रसौनी,3 गाउँ,152,आवासीय क्षेत्र
प्रसौनी,3 गाउँ,153,आवासीय क्षेत्र
प्रसौनी,3 गाउँ,155,आवासीय क्षेत्र
प्रसौनी,3 गाउँ,156,आवासीय क्षेत्र
प्रसौनी,3 गाउँ,157,आवासीय क्षेत्र
प्रसौनी,3 गाउँ,158,आवासीय क्षेत्र
प्रसौनी,3 गाउँ,159,आवासीय क्षेत्र
प्रसौनी,3 गाउँ,160,आवासीय क्षेत्र
प्रसौनी,3 गाउँ,162,आवासीय क्षेत्र
प्रसौनी,3 गाउँ,163,आवासीय क्षेत्र
प्रसौनी,3 गाउँ,163,आवासीय क्षेत्र
प्रसौनी,3 गाउँ,164,आवासीय क्षेत्र
प्रसौनी,3 गाउँ,165,आवासीय क्षेत्र
प्रसौनी,3 गाउँ,166,आवासीय क्षेत्र
प्रसौनी,3 गाउँ,166,आवासीय क्षेत्र
प्रसौनी,3 गाउँ,167,आवासीय क्षेत्र
प्रसौनी,3 गाउँ,168,आवासीय क्षेत्र
प्रसौनी,3 गाउँ,169,आवासीय क्षेत्र
प्रसौनी,3 गाउँ,170,आवासीय क्षेत्र
प्रसौनी,3 गाउँ,171,आवासीय क्षेत्र
प्रसौनी,3 गाउँ,172,आवासीय क्षेत्र
प्रसौनी,3 गाउँ,173,आवासीय क्षेत्र
प्रसौनी,3 गाउँ,174,आवासीय क्षेत्र
प्रसौनी,3 गाउँ,175,आवासीय क्षेत्र
प्रसौनी,3 गाउँ,176,आवासीय क्षेत्र
प्रसौनी,3 गाउँ,177,आवासीय क्षेत्र
प्रसौनी,3 गाउँ,178,आवासीय क्षेत्र
प्रसौनी,3 गाउँ,180,आवासीय क्षेत्र
प्रसौनी,3 गाउँ,181,आवासीय क्षेत्र
प्रसौनी,3 गाउँ,182,आवासीय क्षेत्र
प्रसौनी,3 गाउँ,185,आवासीय क्षेत्र
प्रसौनी,3 गाउँ,186,आवासीय क्षेत्र
प्रसौनी,3 गाउँ,191,आवासीय क्षेत्र
प्रसौनी,3 गाउँ,192,आवासीय क्षेत्र
प्रसौनी,3 गाउँ,193,आवासीय क्षेत्र
प्रसौनी,3 गाउँ,194,आवासीय क्षेत्र
प्रसौनी,3 गाउँ,195,आवासीय क्षेत्र
प्रसौनी,3 गाउँ,199,आवासीय क्षेत्र
प्रसौनी,3 गाउँ,201,आवासीय क्षेत्र
प्रसौनी,3 गाउँ,202,आवासीय क्षेत्र
प्रसौनी,3 गाउँ,203,आवासीय क्षेत्र
प्रसौनी,3 गाउँ,204,आवासीय क्षेत्र
प्रसौनी,3 गाउँ,205,आवासीय क्षेत्र
प्रसौनी,3 गाउँ,206,आवासीय क्षेत्र
प्रसौनी,3 गाउँ,207,आवासीय क्षेत्र
प्रसौनी,3 गाउँ,223,आवासीय क्षेत्र
प्रसौनी,3 गाउँ,224,आवासीय क्षेत्र
प्रसौनी,3 गाउँ,225,आवासीय क्षेत्र
प्रसौनी,3 गाउँ,232,आवासीय क्षेत्र
प्रसौनी,3 गाउँ,233,आवासीय क्षेत्र
प्रसौनी,3 गाउँ,234,आवासीय क्षेत्र
प्रसौनी,3 गाउँ,237,आवासीय क्षेत्र
प्रसौनी,3 गाउँ,238,आवासीय क्षेत्र
प्रसौनी,4,0,कृषि क्षेत्र
प्रसौनी,4,0,कृषि क्षेत्र
प्रसौनी,4,0,कृषि क्षेत्र
प्रसौनी,4,0,कृषि क्षेत्र
प्रसौनी,4,0,कृषि क्षेत्र
प्रसौनी,4,0,कृषि क्षेत्र
प्रसौनी,4,0,कृषि क्षेत्र
प्रसौनी,4,0,कृषि क्षेत्र
प्रसौनी,4,0,कृषि क्षेत्र
प्रसौनी,4,0,कृषि क्षेत्र
प्रसौनी,4,0,कृषि क्षेत्र
प्रसौनी,4,0,कृषि क्षेत्र
प्रसौनी,4,0,कृषि क्षेत्र
प्रसौनी,4,0,कृषि क्षेत्र
प्रसौनी,4,0,कृषि क्षेत्र
प्रसौनी,4,0,कृषि क्षेत्र
प्रसौनी,4,0,कृषि क्षेत्र
प्रसौनी,4,0,कृषि क्षेत्र
प्रसौनी,4,0,आवासीय क्षेत्र
प्रसौनी,4,0,कृषि क्षेत्र
प्रसौनी,4,0,आवासीय क्षेत्र
प्रसौनी,4,0,कृषि क्षेत्र
प्रसौनी,4,0,आवासीय क्षेत्र
प्रसौनी,4,0,कृषि क्षेत्र
प्रसौनी,4,0,कृषि क्षेत्र
प्रसौनी,4,0,आवासीय क्षेत्र
प्रसौनी,4,0,आवासीय क्षेत्र
प्रसौनी,4,0,कृषि क्षेत्र
प्रसौनी,4,0,आवासीय क्षेत्र
प्रसौनी,4,0,कृषि क्षेत्र
प्रसौनी,4,0,आवासीय क्षेत्र
प्रसौनी,4,3,कृषि क्षेत्र
प्रसौनी,4,5,आवासीय क्षेत्र
प्रसौनी,4,7,आवासीय क्षेत्र
प्रसौनी,4,8,आवासीय क्षेत्र
प्रसौनी,4,10,आवासीय क्षेत्र
प्रसौनी,4,14,कृषि क्षेत्र
प्रसौनी,4,17,कृषि क्षेत्र
प्रसौनी,4,18,कृषि क्षेत्र
प्रसौनी,4,19,कृषि क्षेत्र
प्रसौनी,4,30,कृषि क्षेत्र
प्रसौनी,4,33,कृषि क्षेत्र
प्रसौनी,4,34,कृषि क्षेत्र
प्रसौनी,4,35,आवासीय क्षेत्र
प्रसौनी,4,36,आवासीय क्षेत्र
प्रसौनी,4,37,कृषि क्षेत्र
प्रसौनी,4,41,आवासीय क्षेत्र
प्रसौनी,4,45,कृषि क्षेत्र
प्रसौनी,4,46,कृषि क्षेत्र
प्रसौनी,4,48,कृषि क्षेत्र
प्रसौनी,4,49,कृषि क्षेत्र
प्रसौनी,4,52,कृषि क्षेत्र
प्रसौनी,4,52,कृषि क्षेत्र
प्रसौनी,4,54,कृषि क्षेत्र
प्रसौनी,4,56,कृषि क्षेत्र
प्रसौनी,4,59,कृषि क्षेत्र
प्रसौनी,4,64,कृषि क्षेत्र
प्रसौनी,4,65,कृषि क्षेत्र
प्रसौनी,4,66,कृषि क्षेत्र
प्रसौनी,4,71,कृषि क्षेत्र
प्रसौनी,4,73,कृषि क्षेत्र
प्रसौनी,4,75,आवासीय क्षेत्र
प्रसौनी,4,83,कृषि क्षेत्र
प्रसौनी,4,91,कृषि क्षेत्र
प्रसौनी,4,92,कृषि क्षेत्र
प्रसौनी,4,93,कृषि क्षेत्र
प्रसौनी,4,96,कृषि क्षेत्र
प्रसौनी,4,97,कृषि क्षेत्र
प्रसौनी,4,101,कृषि क्षेत्र
प्रसौनी,4,102,कृषि क्षेत्र
प्रसौनी,4,112,कृषि क्षेत्र
प्रसौनी,4,119,कृषि क्षेत्र
प्रसौनी,4,120,कृषि क्षेत्र
प्रसौनी,4,125,कृषि क्षेत्र
प्रसौनी,4,126,कृषि क्षेत्र
प्रसौनी,4,127,कृषि क्षेत्र
प्रसौनी,4,128,कृषि क्षेत्र
प्रसौनी,4,130,कृषि क्षेत्र
प्रसौनी,4,131,आवासीय क्षेत्र
प्रसौनी,4,132,आवासीय क्षेत्र
प्रसौनी,4,143,कृषि क्षेत्र
प्रसौनी,4,144,कृषि क्षेत्र
प्रसौनी,4,147,कृषि क्षेत्र
प्रसौनी,4,149,कृषि क्षेत्र
प्रसौनी,4,150,कृषि क्षेत्र
प्रसौनी,4,151,कृषि क्षेत्र
प्रसौनी,4,152,कृषि क्षेत्र
प्रसौनी,4,155,कृषि क्षेत्र
प्रसौनी,4,156,कृषि क्षेत्र
प्रसौनी,4,157,कृषि क्षेत्र
प्रसौनी,4,161,आवासीय क्षेत्र
प्रसौनी,4,162,कृषि क्षेत्र
प्रसौनी,4,163,कृषि क्षेत्र
प्रसौनी,4,172,आवासीय क्षेत्र
प्रसौनी,4,173,आवासीय क्षेत्र
प्रसौनी,4,174,कृषि क्षेत्र
प्रसौनी,4,175,कृषि क्षेत्र
प्रसौनी,4,176,कृषि क्षेत्र
प्रसौनी,4,177,कृषि क्षेत्र
प्रसौनी,4,178,कृषि क्षेत्र
प्रसौनी,4,179,कृषि क्षेत्र
प्रसौनी,4,180,कृषि क्षेत्र
प्रसौनी,4,181,कृषि क्षेत्र
प्रसौनी,4,182,कृषि क्षेत्र
प्रसौनी,4,183,कृषि क्षेत्र
प्रसौनी,4,184,कृषि क्षेत्र
प्रसौनी,4,185,कृषि क्षेत्र
प्रसौनी,4,189,कृषि क्षेत्र
प्रसौनी,4,193,कृषि क्षेत्र
प्रसौनी,4,194,कृषि क्षेत्र
प्रसौनी,4,205,आवासीय क्षेत्र
प्रसौनी,4,206,आवासीय क्षेत्र
प्रसौनी,4,207,आवासीय क्षेत्र
प्रसौनी,4,217,आवासीय क्षेत्र
प्रसौनी,4,218,आवासीय क्षेत्र
प्रसौनी,4,219,कृषि क्षेत्र
प्रसौनी,4,220,कृषि क्षेत्र
प्रसौनी,4,223,कृषि क्षेत्र
प्रसौनी,4,224,कृषि क्षेत्र
प्रसौनी,4,225,कृषि क्षेत्र
प्रसौनी,4,235,कृषि क्षेत्र
प्रसौनी,4,236,कृषि क्षेत्र
प्रसौनी,4,240,आवासीय क्षेत्र
प्रसौनी,4,241,कृषि क्षेत्र
प्रसौनी,4,249,कृषि क्षेत्र
प्रसौनी,4,250,कृषि क्षेत्र
प्रसौनी,4,273,आवासीय क्षेत्र
प्रसौनी,4,280,कृषि क्षेत्र
प्रसौनी,4,290,कृषि क्षेत्र
प्रसौनी,4,291,कृषि क्षेत्र
प्रसौनी,4,292,कृषि क्षेत्र
प्रसौनी,4,293,कृषि क्षेत्र
प्रसौनी,4,308,कृषि क्षेत्र
प्रसौनी,4,309,कृषि क्षेत्र
प्रसौनी,4,311,आवासीय क्षेत्र
प्रसौनी,4,312,आवासीय क्षेत्र
प्रसौनी,4,313,आवासीय क्षेत्र
प्रसौनी,4,314,आवासीय क्षेत्र
प्रसौनी,4,315,कृषि क्षेत्र
प्रसौनी,4,343,कृषि क्षेत्र
प्रसौनी,4,345,कृषि क्षेत्र
प्रसौनी,4,346,कृषि क्षेत्र
प्रसौनी,4,347,कृषि क्षेत्र
प्रसौनी,4,348,कृषि क्षेत्र
प्रसौनी,4,349,कृषि क्षेत्र
प्रसौनी,4,350,कृषि क्षेत्र
प्रसौनी,4,371,आवासीय क्षेत्र
प्रसौनी,4,372,आवासीय क्षेत्र
प्रसौनी,4,385,कृषि क्षेत्र
प्रसौनी,4,386,कृषि क्षेत्र
प्रसौनी,4,397,कृषि क्षेत्र
प्रसौनी,4,398,कृषि क्षेत्र
प्रसौनी,4,399,कृषि क्षेत्र
प्रसौनी,4,400,कृषि क्षेत्र
प्रसौनी,4,401,आवासीय क्षेत्र
प्रसौनी,4,402,आवासीय क्षेत्र
प्रसौनी,4,403,कृषि क्षेत्र
प्रसौनी,4,404,कृषि क्षेत्र
प्रसौनी,4,405,कृषि क्षेत्र
प्रसौनी,4,406,आवासीय क्षेत्र
प्रसौनी,4,407,आवासीय क्षेत्र
प्रसौनी,4,410,आवासीय क्षेत्र
प्रसौनी,4,411,आवासीय क्षेत्र
प्रसौनी,4 गाउँ,0,आवासीय क्षेत्र
प्रसौनी,4 गाउँ,0,आवासीय क्षेत्र
प्रसौनी,4 गाउँ,0,आवासीय क्षेत्र
प्रसौनी,4 गाउँ,0,आवासीय क्षेत्र
प्रसौनी,4 गाउँ,0,आवासीय क्षेत्र
प्रसौनी,4 गाउँ,0,आवासीय क्षेत्र
प्रसौनी,4 गाउँ,0,आवासीय क्षेत्र
प्रसौनी,4 गाउँ,0,आवासीय क्षेत्र
प्रसौनी,4 गाउँ,0,आवासीय क्षेत्र
प्रसौनी,4 गाउँ,0,आवासीय क्षेत्र
प्रसौनी,4 गाउँ,0,आवासीय क्षेत्र
प्रसौनी,4 गाउँ,0,आवासीय क्षेत्र
प्रसौनी,4 गाउँ,0,आवासीय क्षेत्र
प्रसौनी,4 गाउँ,0,आवासीय क्षेत्र
प्रसौनी,4 गाउँ,0,आवासीय क्षेत्र
प्रसौनी,4 गाउँ,0,आवासीय क्षेत्र
प्रसौनी,4 गाउँ,2,आवासीय क्षेत्र
प्रसौनी,4 गाउँ,3,आवासीय क्षेत्र
प्रसौनी,4 गाउँ,7,आवासीय क्षेत्र
प्रसौनी,4 गाउँ,11,आवासीय क्षेत्र
प्रसौनी,4 गाउँ,12,आवासीय क्षेत्र
प्रसौनी,4 गाउँ,14,आवासीय क्षेत्र
प्रसौनी,4 गाउँ,15,आवासीय क्षेत्र
प्रसौनी,4 गाउँ,16,आवासीय क्षेत्र
प्रसौनी,4 गाउँ,17,आवासीय क्षेत्र
प्रसौनी,4 गाउँ,18,आवासीय क्षेत्र
प्रसौनी,4 गाउँ,19,आवासीय क्षेत्र
प्रसौनी,4 गाउँ,20,आवासीय क्षेत्र
प्रसौनी,4 गाउँ,23,आवासीय क्षेत्र
प्रसौनी,4 गाउँ,24,आवासीय क्षेत्र
प्रसौनी,4 गाउँ,25,आवासीय क्षेत्र
प्रसौनी,4 गाउँ,26,आवासीय क्षेत्र
प्रसौनी,4 गाउँ,27,आवासीय क्षेत्र
प्रसौनी,4 गाउँ,28,आवासीय क्षेत्र
प्रसौनी,4 गाउँ,30,आवासीय क्षेत्र
प्रसौनी,4 गाउँ,31,आवासीय क्षेत्र
प्रसौनी,4 गाउँ,33,आवासीय क्षेत्र
प्रसौनी,4 गाउँ,36,आवासीय क्षेत्र
प्रसौनी,4 गाउँ,37,आवासीय क्षेत्र
प्रसौनी,4 गाउँ,38,आवासीय क्षेत्र
प्रसौनी,4 गाउँ,39,आवासीय क्षेत्र
प्रसौनी,4 गाउँ,40,आवासीय क्षेत्र
प्रसौनी,4 गाउँ,45,आवासीय क्षेत्र
प्रसौनी,4 गाउँ,46,आवासीय क्षेत्र
प्रसौनी,4 गाउँ,47,आवासीय क्षेत्र
प्रसौनी,4 गाउँ,48,आवासीय क्षेत्र
प्रसौनी,4 गाउँ,49,आवासीय क्षेत्र
प्रसौनी,4 गाउँ,50,आवासीय क्षेत्र
प्रसौनी,4 गाउँ,51,आवासीय क्षेत्र
प्रसौनी,4 गाउँ,52,आवासीय क्षेत्र
प्रसौनी,4 गाउँ,54,आवासीय क्षेत्र
प्रसौनी,4 गाउँ,61,आवासीय क्षेत्र
प्रसौनी,4 गाउँ,64,आवासीय क्षेत्र
प्रसौनी,4 गाउँ,70,आवासीय क्षेत्र
प्रसौनी,4 गाउँ,71,आवासीय क्षेत्र
प्रसौनी,4 गाउँ,72,आवासीय क्षेत्र
प्रसौनी,4 गाउँ,73,आवासीय क्षेत्र
प्रसौनी,4 गाउँ,74,आवासीय क्षेत्र
प्रसौनी,4 गाउँ,75,आवासीय क्षेत्र
प्रसौनी,4 गाउँ,76,आवासीय क्षेत्र
प्रसौनी,4 गाउँ,77,आवासीय क्षेत्र
प्रसौनी,4 गाउँ,78,आवासीय क्षेत्र
प्रसौनी,4 गाउँ,79,आवासीय क्षेत्र
प्रसौनी,4 गाउँ,94,आवासीय क्षेत्र
प्रसौनी,4 गाउँ,96,आवासीय क्षेत्र
प्रसौनी,4 गाउँ,97,आवासीय क्षेत्र
प्रसौनी,4 गाउँ,98,आवासीय क्षेत्र
प्रसौनी,4 गाउँ,100,आवासीय क्षेत्र
प्रसौनी,4 गाउँ,104,आवासीय क्षेत्र
प्रसौनी,4 गाउँ,108,आवासीय क्षेत्र
प्रसौनी,4 गाउँ,109,आवासीय क्षेत्र
प्रसौनी,4 गाउँ,110,आवासीय क्षेत्र
प्रसौनी,4 गाउँ,114,आवासीय क्षेत्र
प्रसौनी,4 गाउँ,115,आवासीय क्षेत्र
प्रसौनी,4 गाउँ,116,आवासीय क्षेत्र
प्रसौनी,4 गाउँ,117,आवासीय क्षेत्र
प्रसौनी,4 गाउँ,119,आवासीय क्षेत्र
प्रसौनी,4 गाउँ,126,आवासीय क्षेत्र
प्रसौनी,4 गाउँ,127,आवासीय क्षेत्र
प्रसौनी,4 गाउँ,128,आवासीय क्षेत्र
प्रसौनी,4 गाउँ,130,आवासीय क्षेत्र
प्रसौनी,4 गाउँ,131,आवासीय क्षेत्र
प्रसौनी,4 गाउँ,132,आवासीय क्षेत्र
प्रसौनी,4 गाउँ,134,आवासीय क्षेत्र
प्रसौनी,4 गाउँ,136,आवासीय क्षेत्र
प्रसौनी,4 गाउँ,137,आवासीय क्षेत्र
प्रसौनी,4 गाउँ,138,आवासीय क्षेत्र
प्रसौनी,4 गाउँ,139,आवासीय क्षेत्र
प्रसौनी,4 गाउँ,140,आवासीय क्षेत्र
प्रसौनी,4 गाउँ,145,आवासीय क्षेत्र
प्रसौनी,4 गाउँ,146,आवासीय क्षेत्र
प्रसौनी,4 गाउँ,147,आवासीय क्षेत्र
प्रसौनी,4 गाउँ,148,आवासीय क्षेत्र
प्रसौनी,4 गाउँ,149,आवासीय क्षेत्र
प्रसौनी,4 गाउँ,151,आवासीय क्षेत्र
प्रसौनी,4 गाउँ,152,आवासीय क्षेत्र
प्रसौनी,4 गाउँ,157,आवासीय क्षेत्र
प्रसौनी,4 गाउँ,158,आवासीय क्षेत्र
प्रसौनी,4 गाउँ,159,आवासीय क्षेत्र
प्रसौनी,4 गाउँ,160,आवासीय क्षेत्र
प्रसौनी,4 गाउँ,161,आवासीय क्षेत्र
प्रसौनी,4 गाउँ,162,आवासीय क्षेत्र
प्रसौनी,4 गाउँ,163,आवासीय क्षेत्र
प्रसौनी,4 गाउँ,164,आवासीय क्षेत्र
प्रसौनी,5,0,आवासीय क्षेत्र
प्रसौनी,5,0,आवासीय क्षेत्र
प्रसौनी,5,0,आवासीय क्षेत्र
प्रसौनी,5,0,व्यावसायिक क्षेत्र
प्रसौनी,5,1,सार्वजनिक उपयोगको क्षेत्र
प्रसौनी,5,2,आवासीय क्षेत्र
प्रसौनी,5,3,आवासीय क्षेत्र
प्रसौनी,5,6,व्यावसायिक क्षेत्र
प्रसौनी,5,8,आवासीय क्षेत्र
प्रसौनी,5,9,आवासीय क्षेत्र
प्रसौनी,5,10,आवासीय क्षेत्र
प्रसौनी,5,14,औद्योगिक क्षेत्र
प्रसौनी,5,20,औद्योगिक क्षेत्र
प्रसौनी,5,21,औद्योगिक क्षेत्र
प्रसौनी,5,22,आवासीय क्षेत्र
प्रसौनी,5,23,औद्योगिक क्षेत्र
प्रसौनी,5,25,व्यावसायिक क्षेत्र
प्रसौनी,5,28,कृषि क्षेत्र
प्रसौनी,5,29,कृषि क्षेत्र
प्रसौनी,5,30,कृषि क्षेत्र
प्रसौनी,5,31,आवासीय क्षेत्र
प्रसौनी,5,32,आवासीय क्षेत्र
प्रसौनी,5,36,सार्वजनिक उपयोगको क्षेत्र
प्रसौनी,5,37,आवासीय क्षेत्र
प्रसौनी,5,38,व्यावसायिक क्षेत्र
प्रसौनी,5,39,आवासीय क्षेत्र
प्रसौनी,5,45,कृषि क्षेत्र
प्रसौनी,5,52,कृषि क्षेत्र
प्रसौनी,5,53,कृषि क्षेत्र
प्रसौनी,5,54,कृषि क्षेत्र
प्रसौनी,5,55,औद्योगिक क्षेत्र
प्रसौनी,5,58,आवासीय क्षेत्र
प्रसौनी,5,61,आवासीय क्षेत्र
प्रसौनी,5,63,आवासीय क्षेत्र
प्रसौनी,5,63,आवासीय क्षेत्र
प्रसौनी,5,64,आवासीय क्षेत्र
प्रसौनी,5,67,आवासीय क्षेत्र
प्रसौनी,5,68,आवासीय क्षेत्र
प्रसौनी,5,68,आवासीय क्षेत्र
प्रसौनी,5,72,आवासीय क्षेत्र
प्रसौनी,5,76,आवासीय क्षेत्र
प्रसौनी,5,77,आवासीय क्षेत्र
प्रसौनी,5,78,आवासीय क्षेत्र
प्रसौनी,5,81,आवासीय क्षेत्र
प्रसौनी,5,84,आवासीय क्षेत्र
प्रसौनी,5,90,कृषि क्षेत्र
प्रसौनी,5,93,आवासीय क्षेत्र
प्रसौनी,5,94,कृषि क्षेत्र
प्रसौनी,5,95,कृषि क्षेत्र
प्रसौनी,5,98,कृषि क्षेत्र
प्रसौनी,5,99,कृषि क्षेत्र
प्रसौनी,5,100,कृषि क्षेत्र
प्रसौनी,5,103,आवासीय क्षेत्र
प्रसौनी,5,105,आवासीय क्षेत्र
प्रसौनी,5,106,आवासीय क्षेत्र
प्रसौनी,5,107,आवासीय क्षेत्र
प्रसौनी,5,108,आवासीय क्षेत्र
प्रसौनी,5,109,आवासीय क्षेत्र
प्रसौनी,5,110,आवासीय क्षेत्र
प्रसौनी,5,111,आवासीय क्षेत्र
प्रसौनी,5,112,आवासीय क्षेत्र
प्रसौनी,5,113,आवासीय क्षेत्र
प्रसौनी,5,114,आवासीय क्षेत्र
प्रसौनी,5,116,आवासीय क्षेत्र
प्रसौनी,5,117,आवासीय क्षेत्र
प्रसौनी,5,119,आवासीय क्षेत्र
प्रसौनी,5,120,कृषि क्षेत्र
प्रसौनी,5,121,कृषि क्षेत्र
प्रसौनी,5,122,कृषि क्षेत्र
प्रसौनी,5,123,कृषि क्षेत्र
प्रसौनी,5,124,कृषि क्षेत्र
प्रसौनी,5,125,आवासीय क्षेत्र
प्रसौनी,5,126,कृषि क्षेत्र
प्रसौनी,5,126,कृषि क्षेत्र
प्रसौनी,5,127,कृषि क्षेत्र
प्रसौनी,5,128,कृषि क्षेत्र
प्रसौनी,5,133,आवासीय क्षेत्र
प्रसौनी,5,134,आवासीय क्षेत्र
प्रसौनी,5,135,आवासीय क्षेत्र
प्रसौनी,5,137,आवासीय क्षेत्र
प्रसौनी,5,139,आवासीय क्षेत्र
प्रसौनी,5,140,कृषि क्षेत्र
प्रसौनी,5,142,कृषि क्षेत्र
प्रसौनी,5,143,कृषि क्षेत्र
प्रसौनी,5,146,"नदी, खोला, ताल, सिमसार क्षेत्र"
प्रसौनी,5,149,आवासीय क्षेत्र
प्रसौनी,5,150,कृषि क्षेत्र
प्रसौनी,5,152,कृषि क्षेत्र
प्रसौनी,5,153,कृषि क्षेत्र
प्रसौनी,5,154,आवासीय क्षेत्र
प्रसौनी,5,155,आवासीय क्षेत्र
प्रसौनी,5,159,आवासीय क्षेत्र
प्रसौनी,5,160,व्यावसायिक क्षेत्र
प्रसौनी,5,161,व्यावसायिक क्षेत्र
प्रसौनी,5,163,व्यावसायिक क्षेत्र
प्रसौनी,5,166,व्यावसायिक क्षेत्र
प्रसौनी,5,167,कृषि क्षेत्र
प्रसौनी,5,167,व्यावसायिक क्षेत्र
प्रसौनी,5,172,आवासीय क्षेत्र
प्रसौनी,5,173,आवासीय क्षेत्र
प्रसौनी,5,174,व्यावसायिक क्षेत्र
प्रसौनी,5,176,व्यावसायिक क्षेत्र
प्रसौनी,5,177,व्यावसायिक क्षेत्र
प्रसौनी,5,178,व्यावसायिक क्षेत्र
प्रसौनी,5,179,व्यावसायिक क्षेत्र
प्रसौनी,5,180,आवासीय क्षेत्र
प्रसौनी,5,182,व्यावसायिक क्षेत्र
प्रसौनी,5,183,व्यावसायिक क्षेत्र
प्रसौनी,5,184,व्यावसायिक क्षेत्र
प्रसौनी,5,185,व्यावसायिक क्षेत्र
प्रसौनी,5,187,व्यावसायिक क्षेत्र
प्रसौनी,5,191,व्यावसायिक क्षेत्र
प्रसौनी,5,192,व्यावसायिक क्षेत्र
प्रसौनी,5,195,आवासीय क्षेत्र
प्रसौनी,5,196,आवासीय क्षेत्र
प्रसौनी,5,199,आवासीय क्षेत्र
प्रसौनी,5,200,आवासीय क्षेत्र
प्रसौनी,5,211,आवासीय क्षेत्र
प्रसौनी,5,212,आवासीय क्षेत्र
प्रसौनी,5,215,कृषि क्षेत्र
प्रसौनी,5,218,कृषि क्षेत्र
प्रसौनी,5,219,कृषि क्षेत्र
प्रसौनी,5,220,कृषि क्षेत्र
प्रसौनी,5,221,कृषि क्षेत्र
प्रसौनी,5,222,आवासीय क्षेत्र
प्रसौनी,5,224,आवासीय क्षेत्र
प्रसौनी,5,225,व्यावसायिक क्षेत्र
प्रसौनी,5,226,व्यावसायिक क्षेत्र
प्रसौनी,5,227,आवासीय क्षेत्र
प्रसौनी,5,228,व्यावसायिक क्षेत्र
प्रसौनी,5,229,व्यावसायिक क्षेत्र
प्रसौनी,5,232,कृषि क्षेत्र
प्रसौनी,5,233,कृषि क्षेत्र
प्रसौनी,5,234,औद्योगिक क्षेत्र
प्रसौनी,5,235,औद्योगिक क्षेत्र
प्रसौनी,5,237,कृषि क्षेत्र
प्रसौनी,5,238,कृषि क्षेत्र
प्रसौनी,5,240,कृषि क्षेत्र
प्रसौनी,5,241,कृषि क्षेत्र
प्रसौनी,5,248,औद्योगिक क्षेत्र
प्रसौनी,5,250,आवासीय क्षेत्र
प्रसौनी,5,251,आवासीय क्षेत्र
प्रसौनी,5,256,औद्योगिक क्षेत्र
प्रसौनी,5,257,कृषि क्षेत्र
प्रसौनी,5,258,आवासीय क्षेत्र
प्रसौनी,5,259,आवासीय क्षेत्र
प्रसौनी,5,264,कृषि क्षेत्र
प्रसौनी,5,265,कृषि क्षेत्र
प्रसौनी,5,268,व्यावसायिक क्षेत्र
प्रसौनी,5,269,व्यावसायिक क्षेत्र
प्रसौनी,5,270,कृषि क्षेत्र
प्रसौनी,5,271,आवासीय क्षेत्र
प्रसौनी,5,272,व्यावसायिक क्षेत्र
प्रसौनी,5,273,औद्योगिक क्षेत्र
प्रसौनी,5,274,आवासीय क्षेत्र
प्रसौनी,5,275,व्यावसायिक क्षेत्र
प्रसौनी,5,276,कृषि क्षेत्र
प्रसौनी,5,278,आवासीय क्षेत्र
प्रसौनी,5,279,आवासीय क्षेत्र
प्रसौनी,5,281,औद्योगिक क्षेत्र
प्रसौनी,5,282,कृषि क्षेत्र
प्रसौनी,5,286,आवासीय क्षेत्र
प्रसौनी,5,287,आवासीय क्षेत्र
प्रसौनी,5,291,कृषि क्षेत्र
प्रसौनी,5,292,कृषि क्षेत्र
प्रसौनी,5,295,आवासीय क्षेत्र
प्रसौनी,5,296,कृषि क्षेत्र
प्रसौनी,5,297,कृषि क्षेत्र
प्रसौनी,5,299,कृषि क्षेत्र
प्रसौनी,5,300,आवासीय क्षेत्र
प्रसौनी,5,303,आवासीय क्षेत्र
प्रसौनी,5,304,आवासीय क्षेत्र
प्रसौनी,5,306,आवासीय क्षेत्र
प्रसौनी,5,308,आवासीय क्षेत्र
प्रसौनी,5,309,आवासीय क्षेत्र
प्रसौनी,5,310,आवासीय क्षेत्र
प्रसौनी,5,310,आवासीय क्षेत्र
प्रसौनी,5,310,आवासीय क्षेत्र
प्रसौनी,5,311,कृषि क्षेत्र
प्रसौनी,5,312,कृषि क्षेत्र
प्रसौनी,5,316,कृषि क्षेत्र
प्रसौनी,5,317,कृषि क्षेत्र
प्रसौनी,5,320,आवासीय क्षेत्र
प्रसौनी,5,321,आवासीय क्षेत्र
प्रसौनी,5,326,आवासीय क्षेत्र
प्रसौनी,5,328,आवासीय क्षेत्र
प्रसौनी,5,329,आवासीय क्षेत्र
प्रसौनी,5,330,व्यावसायिक क्षेत्र
प्रसौनी,5,336,कृषि क्षेत्र
प्रसौनी,5,337,कृषि क्षेत्र
प्रसौनी,5,338,आवासीय क्षेत्र
प्रसौनी,5,339,आवासीय क्षेत्र
प्रसौनी,5,340,आवासीय क्षेत्र
प्रसौनी,5,341,आवासीय क्षेत्र
प्रसौनी,5,348,आवासीय क्षेत्र
प्रसौनी,5,362,आवासीय क्षेत्र
प्रसौनी,5,363,आवासीय क्षेत्र
प्रसौनी,5,369,आवासीय क्षेत्र
प्रसौनी,5,376,आवासीय क्षेत्र
प्रसौनी,5,377,आवासीय क्षेत्र
प्रसौनी,5,395,आवासीय क्षेत्र
प्रसौनी,5,396,आवासीय क्षेत्र
प्रसौनी,5,403,आवासीय क्षेत्र
प्रसौनी,5,404,आवासीय क्षेत्र
प्रसौनी,5,413,कृषि क्षेत्र
प्रसौनी,5,414,कृषि क्षेत्र
प्रसौनी,5,415,कृषि क्षेत्र
प्रसौनी,5,426,आवासीय क्षेत्र
प्रसौनी,5,427,आवासीय क्षेत्र
प्रसौनी,5,433,कृषि क्षेत्र
प्रसौनी,5,434,कृषि क्षेत्र
प्रसौनी,5,435,कृषि क्षेत्र
प्रसौनी,5,436,कृषि क्षेत्र
प्रसौनी,5,437,आवासीय क्षेत्र
प्रसौनी,5,438,आवासीय क्षेत्र
प्रसौनी,5,441,कृषि क्षेत्र
प्रसौनी,5,442,कृषि क्षेत्र
प्रसौनी,5,491,आवासीय क्षेत्र
प्रसौनी,5,493,कृषि क्षेत्र
प्रसौनी,5,495,आवासीय क्षेत्र
प्रसौनी,5,599,आवासीय क्षेत्र
प्रसौनी,5,600,आवासीय क्षेत्र
प्रसौनी,5,609,आवासीय क्षेत्र
प्रसौनी,5,611,आवासीय क्षेत्र
प्रसौनी,5,613,कृषि क्षेत्र
प्रसौनी,5,614,कृषि क्षेत्र
प्रसौनी,5,637,कृषि क्षेत्र
प्रसौनी,5,638,कृषि क्षेत्र
प्रसौनी,5,639,कृषि क्षेत्र
प्रसौनी,5,640,कृषि क्षेत्र
प्रसौनी,5,684,आवासीय क्षेत्र
प्रसौनी,5,685,आवासीय क्षेत्र
प्रसौनी,5,711,आवासीय क्षेत्र
प्रसौनी,5,712,आवासीय क्षेत्र
प्रसौनी,5,713,आवासीय क्षेत्र
प्रसौनी,5,714,आवासीय क्षेत्र
प्रसौनी,5,715,कृषि क्षेत्र
प्रसौनी,5,716,कृषि क्षेत्र
प्रसौनी,5,722,आवासीय क्षेत्र
प्रसौनी,5,724,आवासीय क्षेत्र
प्रसौनी,5,725,आवासीय क्षेत्र
प्रसौनी,5,727,आवासीय क्षेत्र
प्रसौनी,5,728,आवासीय क्षेत्र
प्रसौनी,5,731,आवासीय क्षेत्र
प्रसौनी,5,786,कृषि क्षेत्र
प्रसौनी,5,787,कृषि क्षेत्र
प्रसौनी,5,788,कृषि क्षेत्र
प्रसौनी,5,807,आवासीय क्षेत्र
प्रसौनी,5,808,आवासीय क्षेत्र
प्रसौनी,5,809,आवासीय क्षेत्र
प्रसौनी,5,810,आवासीय क्षेत्र
प्रसौनी,5,811,व्यावसायिक क्षेत्र
प्रसौनी,5,812,आवासीय क्षेत्र
प्रसौनी,5,821,कृषि क्षेत्र
प्रसौनी,5,822,कृषि क्षेत्र
प्रसौनी,5,823,कृषि क्षेत्र
प्रसौनी,5,830,आवासीय क्षेत्र
प्रसौनी,5,831,आवासीय क्षेत्र
प्रसौनी,5,832,आवासीय क्षेत्र
प्रसौनी,5,833,आवासीय क्षेत्र
प्रसौनी,5,835,आवासीय क्षेत्र
प्रसौनी,5,836,आवासीय क्षेत्र
प्रसौनी,5,837,आवासीय क्षेत्र
प्रसौनी,5,839,आवासीय क्षेत्र
प्रसौनी,5,854,आवासीय क्षेत्र
प्रसौनी,5,855,आवासीय क्षेत्र
प्रसौनी,5,856,आवासीय क्षेत्र
प्रसौनी,5,857,आवासीय क्षेत्र
प्रसौनी,5,860,आवासीय क्षेत्र
प्रसौनी,5,861,आवासीय क्षेत्र
प्रसौनी,5,866,आवासीय क्षेत्र
प्रसौनी,5,867,आवासीय क्षेत्र
प्रसौनी,5,868,आवासीय क्षेत्र
प्रसौनी,5,869,आवासीय क्षेत्र
प्रसौनी,5,870,आवासीय क्षेत्र
प्रसौनी,5,871,आवासीय क्षेत्र
प्रसौनी,5,872,कृषि क्षेत्र
प्रसौनी,5,873,आवासीय क्षेत्र
प्रसौनी,5,874,आवासीय क्षेत्र
प्रसौनी,5,875,आवासीय क्षेत्र
प्रसौनी,5,876,आवासीय क्षेत्र
प्रसौनी,5,877,आवासीय क्षेत्र
प्रसौनी,5,878,आवासीय क्षेत्र
प्रसौनी,5,879,आवासीय क्षेत्र
प्रसौनी,5,880,व्यावसायिक क्षेत्र
प्रसौनी,5,881,व्यावसायिक क्षेत्र
प्रसौनी,5,882,कृषि क्षेत्र
प्रसौनी,5,883,व्यावसायिक क्षेत्र
प्रसौनी,5,884,आवासीय क्षेत्र
प्रसौनी,5,885,आवासीय क्षेत्र
प्रसौनी,5,890,आवासीय क्षेत्र
प्रसौनी,5,891,कृषि क्षेत्र
प्रसौनी,5,903,कृषि क्षेत्र
प्रसौनी,5,904,कृषि क्षेत्र
प्रसौनी,5,905,कृषि क्षेत्र
प्रसौनी,5,906,आवासीय क्षेत्र
प्रसौनी,5,907,आवासीय क्षेत्र
प्रसौनी,5,908,कृषि क्षेत्र
प्रसौनी,5 गाउँ,0,सार्वजनिक उपयोगको क्षेत्र
प्रसौनी,5 गाउँ,0,व्यावसायिक क्षेत्र
प्रसौनी,5 गाउँ,0,सार्वजनिक उपयोगको क्षेत्र
प्रसौनी,5 गाउँ,0,व्यावसायिक क्षेत्र
प्रसौनी,5 गाउँ,0,व्यावसायिक क्षेत्र
प्रसौनी,5 गाउँ,0,व्यावसायिक क्षेत्र
प्रसौनी,5 गाउँ,2,व्यावसायिक क्षेत्र
प्रसौनी,5 गाउँ,3,आवासीय क्षेत्र
प्रसौनी,5 गाउँ,5,आवासीय क्षेत्र
प्रसौनी,5 गाउँ,7,आवासीय क्षेत्र
प्रसौनी,5 गाउँ,8,व्यावसायिक क्षेत्र
प्रसौनी,5 गाउँ,9,व्यावसायिक क्षेत्र
प्रसौनी,5 गाउँ,10,व्यावसायिक क्षेत्र
प्रसौनी,5 गाउँ,11,व्यावसायिक क्षेत्र
प्रसौनी,5 गाउँ,14,आवासीय क्षेत्र
प्रसौनी,5 गाउँ,15,व्यावसायिक क्षेत्र
प्रसौनी,5 गाउँ,17,व्यावसायिक क्षेत्र
प्रसौनी,5 गाउँ,18,व्यावसायिक क्षेत्र
प्रसौनी,5 गाउँ,19,व्यावसायिक क्षेत्र
प्रसौनी,5 गाउँ,20,व्यावसायिक क्षेत्र
प्रसौनी,5 गाउँ,21,व्यावसायिक क्षेत्र
प्रसौनी,5 गाउँ,22,व्यावसायिक क्षेत्र
प्रसौनी,5 गाउँ,23,व्यावसायिक क्षेत्र
प्रसौनी,5 गाउँ,24,व्यावसायिक क्षेत्र
प्रसौनी,5 गाउँ,25,सार्वजनिक उपयोगको क्षेत्र
प्रसौनी,5 गाउँ,26,व्यावसायिक क्षेत्र
प्रसौनी,5 गाउँ,27,व्यावसायिक क्षेत्र
प्रसौनी,5 गाउँ,28,व्यावसायिक क्षेत्र
प्रसौनी,5 गाउँ,30,व्यावसायिक क्षेत्र
प्रसौनी,5 गाउँ,31,व्यावसायिक क्षेत्र
प्रसौनी,5 गाउँ,33,आवासीय क्षेत्र
प्रसौनी,5 गाउँ,34,आवासीय क्षेत्र
प्रसौनी,5 गाउँ,35,आवासीय क्षेत्र
प्रसौनी,5 गाउँ,36,आवासीय क्षेत्र
प्रसौनी,5 गाउँ,37,आवासीय क्षेत्र
प्रसौनी,5 गाउँ,38,आवासीय क्षेत्र
प्रसौनी,5 गाउँ,39,आवासीय क्षेत्र
प्रसौनी,5 गाउँ,42,व्यावसायिक क्षेत्र
प्रसौनी,5 गाउँ,43,व्यावसायिक क्षेत्र
प्रसौनी,5 गाउँ,45,व्यावसायिक क्षेत्र
प्रसौनी,5 गाउँ,46,व्यावसायिक क्षेत्र
प्रसौनी,5 गाउँ,47,आवासीय क्षेत्र
प्रसौनी,5 गाउँ,48,आवासीय क्षेत्र
प्रसौनी,5 गाउँ,49,आवासीय क्षेत्र
प्रसौनी,5 गाउँ,51,आवासीय क्षेत्र
प्रसौनी,5 गाउँ,52,आवासीय क्षेत्र
प्रसौनी,5 गाउँ,53,आवासीय क्षेत्र
प्रसौनी,5 गाउँ,54,आवासीय क्षेत्र
प्रसौनी,5 गाउँ,54,आवासीय क्षेत्र
प्रसौनी,5 गाउँ,55,आवासीय क्षेत्र
प्रसौनी,5 गाउँ,56,आवासीय क्षेत्र
प्रसौनी,5 गाउँ,59,आवासीय क्षेत्र
प्रसौनी,5 गाउँ,60,आवासीय क्षेत्र
प्रसौनी,5 गाउँ,61,आवासीय क्षेत्र
प्रसौनी,5 गाउँ,63,आवासीय क्षेत्र
प्रसौनी,5 गाउँ,64,आवासीय क्षेत्र
प्रसौनी,5 गाउँ,65,व्यावसायिक क्षेत्र
प्रसौनी,5 गाउँ,67,व्यावसायिक क्षेत्र
प्रसौनी,5 गाउँ,68,व्यावसायिक क्षेत्र
प्रसौनी,5 गाउँ,69,व्यावसायिक क्षेत्र
प्रसौनी,5 गाउँ,70,आवासीय क्षेत्र
प्रसौनी,5 गाउँ,71,आवासीय क्षेत्र
प्रसौनी,5 गाउँ,72,आवासीय क्षेत्र
प्रसौनी,5 गाउँ,73,आवासीय क्षेत्र
प्रसौनी,5 गाउँ,74,आवासीय क्षेत्र
प्रसौनी,5 गाउँ,75,व्यावसायिक क्षेत्र
प्रसौनी,5 गाउँ,76,आवासीय क्षेत्र
प्रसौनी,5 गाउँ,77,आवासीय क्षेत्र
प्रसौनी,5 गाउँ,78,व्यावसायिक क्षेत्र
प्रसौनी,5 गाउँ,79,व्यावसायिक क्षेत्र
प्रसौनी,5 गाउँ,80,व्यावसायिक क्षेत्र
प्रसौनी,5 गाउँ,82,व्यावसायिक क्षेत्र
प्रसौनी,5 गाउँ,85,आवासीय क्षेत्र
प्रसौनी,5 गाउँ,86,आवासीय क्षेत्र
प्रसौनी,5 गाउँ,87,आवासीय क्षेत्र
प्रसौनी,5 गाउँ,88,आवासीय क्षेत्र
प्रसौनी,5 गाउँ,91,आवासीय क्षेत्र
प्रसौनी,5 गाउँ,94,आवासीय क्षेत्र
प्रसौनी,5 गाउँ,99,आवासीय क्षेत्र
प्रसौनी,5 गाउँ,100,आवासीय क्षेत्र
प्रसौनी,5 गाउँ,102,आवासीय क्षेत्र
प्रसौनी,5 गाउँ,103,आवासीय क्षेत्र
प्रसौनी,5 गाउँ,104,आवासीय क्षेत्र
प्रसौनी,5 गाउँ,105,व्यावसायिक क्षेत्र
प्रसौनी,5 गाउँ,107,आवासीय क्षेत्र
प्रसौनी,5 गाउँ,109,आवासीय क्षेत्र
प्रसौनी,5 गाउँ,110,आवासीय क्षेत्र
प्रसौनी,5 गाउँ,111,आवासीय क्षेत्र
प्रसौनी,5 गाउँ,112,व्यावसायिक क्षेत्र
प्रसौनी,5 गाउँ,113,व्यावसायिक क्षेत्र
प्रसौनी,5 गाउँ,118,व्यावसायिक क्षेत्र
प्रसौनी,5 गाउँ,119,आवासीय क्षेत्र
प्रसौनी,5 गाउँ,121,व्यावसायिक क्षेत्र
प्रसौनी,5 गाउँ,122,व्यावसायिक क्षेत्र
प्रसौनी,5 गाउँ,123,व्यावसायिक क्षेत्र
प्रसौनी,5 गाउँ,124,व्यावसायिक क्षेत्र
प्रसौनी,5 गाउँ,125,व्यावसायिक क्षेत्र
प्रसौनी,5 गाउँ,125,व्यावसायिक क्षेत्र
प्रसौनी,5 गाउँ,125,व्यावसायिक क्षेत्र
प्रसौनी,5 गाउँ,127,व्यावसायिक क्षेत्र
प्रसौनी,5 गाउँ,128,व्यावसायिक क्षेत्र
प्रसौनी,5 गाउँ,129,व्यावसायिक क्षेत्र
प्रसौनी,5 गाउँ,134,आवासीय क्षेत्र
प्रसौनी,5 गाउँ,135,आवासीय क्षेत्र
प्रसौनी,5 गाउँ,136,आवासीय क्षेत्र
प्रसौनी,5 गाउँ,137,व्यावसायिक क्षेत्र
प्रसौनी,5 गाउँ,139,व्यावसायिक क्षेत्र
प्रसौनी,5 गाउँ,140,आवासीय क्षेत्र
प्रसौनी,5 गाउँ,142,आवासीय क्षेत्र
प्रसौनी,5 गाउँ,146,आवासीय क्षेत्र
प्रसौनी,5 गाउँ,147,आवासीय क्षेत्र
प्रसौनी,5 गाउँ,149,आवासीय क्षेत्र
प्रसौनी,5 गाउँ,151,आवासीय क्षेत्र
प्रसौनी,5 गाउँ,152,आवासीय क्षेत्र
प्रसौनी,5 गाउँ,153,आवासीय क्षेत्र
प्रसौनी,5 गाउँ,154,आवासीय क्षेत्र
प्रसौनी,5 गाउँ,155,आवासीय क्षेत्र
प्रसौनी,5 गाउँ,156,आवासीय क्षेत्र
प्रसौनी,5 गाउँ,188,व्यावसायिक क्षेत्र
प्रसौनी,5 गाउँ,189,व्यावसायिक क्षेत्र
प्रसौनी,5 गाउँ,190,व्यावसायिक क्षेत्र
प्रसौनी,5 गाउँ,191,व्यावसायिक क्षेत्र
प्रसौनी,5 गाउँ,204,आवासीय क्षेत्र
प्रसौनी,5 गाउँ,205,आवासीय क्षेत्र
प्रसौनी,5 गाउँ,206,सार्वजनिक उपयोगको क्षेत्र
प्रसौनी,5 गाउँ,207,सार्वजनिक उपयोगको क्षेत्र
प्रसौनी,5 गाउँ,208,सार्वजनिक उपयोगको क्षेत्र
प्रसौनी,5 गाउँ,209,आवासीय क्षेत्र
प्रसौनी,5 गाउँ,210,आवासीय क्षेत्र
प्रसौनी,5 गाउँ,211,आवासीय क्षेत्र
प्रसौनी,5 गाउँ,212,आवासीय क्षेत्र
प्रसौनी,5 गाउँ,221,आवासीय क्षेत्र
प्रसौनी,5 गाउँ,222,आवासीय क्षेत्र
प्रसौनी,5 गाउँ,223,आवासीय क्षेत्र
प्रसौनी,5 गाउँ,224,आवासीय क्षेत्र
प्रसौनी,5 गाउँ,225,आवासीय क्षेत्र
प्रसौनी,5 गाउँ,226,आवासीय क्षेत्र
प्रसौनी,5 गाउँ,227,आवासीय क्षेत्र
प्रसौनी,5 गाउँ,228,आवासीय क्षेत्र
प्रसौनी,5 गाउँ,229,आवासीय क्षेत्र
प्रसौनी,5 गाउँ,231,आवासीय क्षेत्र
प्रसौनी,5 गाउँ,232,आवासीय क्षेत्र
प्रसौनी,5 गाउँ,234,आवासीय क्षेत्र
प्रसौनी,5 गाउँ,235,आवासीय क्षेत्र
प्रसौनी,5 गाउँ,236,व्यावसायिक क्षेत्र
प्रसौनी,5 गाउँ,237,व्यावसायिक क्षेत्र
प्रसौनी,5 गाउँ,238,आवासीय क्षेत्र
प्रसौनी,5 गाउँ,239,व्यावसायिक क्षेत्र
प्रसौनी,5 गाउँ,241,व्यावसायिक क्षेत्र
प्रसौनी,5 गाउँ,242,व्यावसायिक क्षेत्र
प्रसौनी,5 गाउँ,244,व्यावसायिक क्षेत्र
प्रसौनी,5 गाउँ,245,व्यावसायिक क्षेत्र
प्रसौनी,5 गाउँ,247,व्यावसायिक क्षेत्र
प्रसौनी,5 गाउँ,248,व्यावसायिक क्षेत्र
प्रसौनी,5 गाउँ,249,व्यावसायिक क्षेत्र
प्रसौनी,5 गाउँ,250,आवासीय क्षेत्र
प्रसौनी,5 गाउँ,251,आवासीय क्षेत्र
प्रसौनी,5 गाउँ,252,आवासीय क्षेत्र
प्रसौनी,5 गाउँ,253,आवासीय क्षेत्र
प्रसौनी,5 गाउँ,254,आवासीय क्षेत्र
प्रसौनी,5 गाउँ,255,आवासीय क्षेत्र
प्रसौनी,5 गाउँ,256,व्यावसायिक क्षेत्र
प्रसौनी,5 गाउँ,257,व्यावसायिक क्षेत्र
प्रसौनी,5 गाउँ,258,व्यावसायिक क्षेत्र
प्रसौनी,5 गाउँ,259,व्यावसायिक क्षेत्र
प्रसौनी,5 गाउँ,260,व्यावसायिक क्षेत्र
प्रसौनी,5 गाउँ,261,व्यावसायिक क्षेत्र
प्रसौनी,5 गाउँ,262,व्यावसायिक क्षेत्र
प्रसौनी,5 गाउँ,263,व्यावसायिक क्षेत्र
प्रसौनी,5 गाउँ,264,आवासीय क्षेत्र
प्रसौनी,6,0,कृषि क्षेत्र
प्रसौनी,6,1,आवासीय क्षेत्र
प्रसौनी,6,3,आवासीय क्षेत्र
प्रसौनी,6,5,आवासीय क्षेत्र
प्रसौनी,6,6,आवासीय क्षेत्र
प्रसौनी,6,7,कृषि क्षेत्र
प्रसौनी,6,8,कृषि क्षेत्र
प्रसौनी,6,14,कृषि क्षेत्र
प्रसौनी,6,33,कृषि क्षेत्र
प्रसौनी,6,34,कृषि क्षेत्र
प्रसौनी,6,35,कृषि क्षेत्र
प्रसौनी,6,36,कृषि क्षेत्र
प्रसौनी,6,37,कृषि क्षेत्र
प्रसौनी,6,38,कृषि क्षेत्र
प्रसौनी,6,40,कृषि क्षेत्र
प्रसौनी,6,41,कृषि क्षेत्र
प्रसौनी,6,42,कृषि क्षेत्र
प्रसौनी,6,43,आवासीय क्षेत्र
प्रसौनी,6,44,आवासीय क्षेत्र
प्रसौनी,6,45,आवासीय क्षेत्र
प्रसौनी,6,46,कृषि क्षेत्र
प्रसौनी,6,48,आवासीय क्षेत्र
प्रसौनी,6,49,आवासीय क्षेत्र
प्रसौनी,6,52,कृषि क्षेत्र
प्रसौनी,6,53,कृषि क्षेत्र
प्रसौनी,6,54,आवासीय क्षेत्र
प्रसौनी,6,56,आवासीय क्षेत्र
प्रसौनी,6,57,आवासीय क्षेत्र
प्रसौनी,6,58,आवासीय क्षेत्र
प्रसौनी,6,59,आवासीय क्षेत्र
प्रसौनी,6,60,आवासीय क्षेत्र
प्रसौनी,6,62,आवासीय क्षेत्र
प्रसौनी,6,63,आवासीय क्षेत्र
प्रसौनी,6,64,आवासीय क्षेत्र
प्रसौनी,6,65,आवासीय क्षेत्र
प्रसौनी,6,66,आवासीय क्षेत्र
प्रसौनी,6,67,आवासीय क्षेत्र
प्रसौनी,6,68,आवासीय क्षेत्र
प्रसौनी,6,70,आवासीय क्षेत्र
प्रसौनी,6,71,आवासीय क्षेत्र
प्रसौनी,6,72,सार्वजनिक उपयोगको क्षेत्र
प्रसौनी,6,73,आवासीय क्षेत्र
प्रसौनी,6,74,कृषि क्षेत्र
प्रसौनी,6,75,कृषि क्षेत्र
प्रसौनी,6,76,आवासीय क्षेत्र
प्रसौनी,6,77,आवासीय क्षेत्र
प्रसौनी,6,79,कृषि क्षेत्र
प्रसौनी,6,80,कृषि क्षेत्र
प्रसौनी,6,82,कृषि क्षेत्र
प्रसौनी,6,83,कृषि क्षेत्र
प्रसौनी,6,86,कृषि क्षेत्र
प्रसौनी,6,87,कृषि क्षेत्र
प्रसौनी,6,89,कृषि क्षेत्र
प्रसौनी,6,90,कृषि क्षेत्र
प्रसौनी,6,91,कृषि क्षेत्र
प्रसौनी,6,92,कृषि क्षेत्र
प्रसौनी,6,93,कृषि क्षेत्र
प्रसौनी,6,94,कृषि क्षेत्र
प्रसौनी,6,95,कृषि क्षेत्र
प्रसौनी,6,97,कृषि क्षेत्र
प्रसौनी,6,98,कृषि क्षेत्र
प्रसौनी,6,101,आवासीय क्षेत्र
प्रसौनी,6,103,आवासीय क्षेत्र
प्रसौनी,6,106,आवासीय क्षेत्र
प्रसौनी,6,107,आवासीय क्षेत्र
प्रसौनी,6,108,आवासीय क्षेत्र
प्रसौनी,6,109,आवासीय क्षेत्र
प्रसौनी,6,114,आवासीय क्षेत्र
प्रसौनी,6,115,आवासीय क्षेत्र
प्रसौनी,6,116,कृषि क्षेत्र
प्रसौनी,6,117,कृषि क्षेत्र
प्रसौनी,6,118,कृषि क्षेत्र
प्रसौनी,6,119,कृषि क्षेत्र
प्रसौनी,6,120,कृषि क्षेत्र
प्रसौनी,6,121,कृषि क्षेत्र
प्रसौनी,6,122,कृषि क्षेत्र
प्रसौनी,6,123,कृषि क्षेत्र
प्रसौनी,6,124,कृषि क्षेत्र
प्रसौनी,6,125,कृषि क्षेत्र
प्रसौनी,6,126,कृषि क्षेत्र
प्रसौनी,6,127,कृषि क्षेत्र
प्रसौनी,6,127,कृषि क्षेत्र
प्रसौनी,6,131,कृषि क्षेत्र
प्रसौनी,6,132,कृषि क्षेत्र
प्रसौनी,6,133,कृषि क्षेत्र
प्रसौनी,6,134,कृषि क्षेत्र
प्रसौनी,6,134,कृषि क्षेत्र
प्रसौनी,6,135,कृषि क्षेत्र
प्रसौनी,6,136,कृषि क्षेत्र
प्रसौनी,6,137,कृषि क्षेत्र
प्रसौनी,6,139,कृषि क्षेत्र
प्रसौनी,6,140,कृषि क्षेत्र
प्रसौनी,6,142,कृषि क्षेत्र
प्रसौनी,6,180,कृषि क्षेत्र
प्रसौनी,6,182,कृषि क्षेत्र
प्रसौनी,6,183,कृषि क्षेत्र
प्रसौनी,6,186,कृषि क्षेत्र
प्रसौनी,6,187,कृषि क्षेत्र
प्रसौनी,6,204,आवासीय क्षेत्र
प्रसौनी,6,242,कृषि क्षेत्र
प्रसौनी,6,243,कृषि क्षेत्र
प्रसौनी,6,244,कृषि क्षेत्र
प्रसौनी,6,255,कृषि क्षेत्र
प्रसौनी,6,256,कृषि क्षेत्र
प्रसौनी,6,257,कृषि क्षेत्र
प्रसौनी,6,258,कृषि क्षेत्र
प्रसौनी,6,259,कृषि क्षेत्र
प्रसौनी,6,260,कृषि क्षेत्र
प्रसौनी,6,260,आवासीय क्षेत्र
प्रसौनी,6,261,कृषि क्षेत्र
प्रसौनी,6,264,कृषि क्षेत्र
प्रसौनी,6,265,कृषि क्षेत्र
प्रसौनी,6,266,कृषि क्षेत्र
प्रसौनी,6,268,आवासीय क्षेत्र
प्रसौनी,6,269,आवासीय क्षेत्र
प्रसौनी,6,272,आवासीय क्षेत्र
प्रसौनी,6,273,आवासीय क्षेत्र
प्रसौनी,6,274,कृषि क्षेत्र
प्रसौनी,6,275,कृषि क्षेत्र
प्रसौनी,6,281,आवासीय क्षेत्र
प्रसौनी,6,282,आवासीय क्षेत्र
प्रसौनी,6,285,कृषि क्षेत्र
प्रसौनी,6,286,कृषि क्षेत्र
प्रसौनी,6,321,आवासीय क्षेत्र
प्रसौनी,6,323,आवासीय क्षेत्र
प्रसौनी,6,324,आवासीय क्षेत्र
प्रसौनी,6,340,आवासीय क्षेत्र
प्रसौनी,6,341,आवासीय क्षेत्र
प्रसौनी,6,342,कृषि क्षेत्र
प्रसौनी,6,343,कृषि क्षेत्र
प्रसौनी,6,344,कृषि क्षेत्र
प्रसौनी,6,345,कृषि क्षेत्र
प्रसौनी,6,351,आवासीय क्षेत्र
प्रसौनी,6,400,कृषि क्षेत्र
प्रसौनी,6,401,कृषि क्षेत्र
प्रसौनी,6,447,कृषि क्षेत्र
प्रसौनी,6,448,कृषि क्षेत्र
प्रसौनी,6,449,कृषि क्षेत्र
प्रसौनी,6,450,कृषि क्षेत्र
प्रसौनी,6,451,कृषि क्षेत्र
प्रसौनी,6,453,आवासीय क्षेत्र
प्रसौनी,6,455,आवासीय क्षेत्र
प्रसौनी,6,456,आवासीय क्षेत्र
प्रसौनी,6,457,आवासीय क्षेत्र
प्रसौनी,6,458,कृषि क्षेत्र
प्रसौनी,6,459,आवासीय क्षेत्र
प्रसौनी,6,461,आवासीय क्षेत्र
प्रसौनी,6,476,कृषि क्षेत्र
प्रसौनी,6,477,कृषि क्षेत्र
प्रसौनी,6,495,कृषि क्षेत्र
प्रसौनी,6,496,कृषि क्षेत्र
प्रसौनी,6,505,आवासीय क्षेत्र
प्रसौनी,6,506,आवासीय क्षेत्र
प्रसौनी,6,568,कृषि क्षेत्र
प्रसौनी,6,570,कृषि क्षेत्र
प्रसौनी,6,597,आवासीय क्षेत्र
प्रसौनी,6,598,आवासीय क्षेत्र
प्रसौनी,6,626,आवासीय क्षेत्र
प्रसौनी,6,627,आवासीय क्षेत्र
प्रसौनी,6,690,आवासीय क्षेत्र
प्रसौनी,6,691,आवासीय क्षेत्र
प्रसौनी,6,705,कृषि क्षेत्र
प्रसौनी,6,757,कृषि क्षेत्र
प्रसौनी,6,758,कृषि क्षेत्र
प्रसौनी,6,805,आवासीय क्षेत्र
प्रसौनी,6,806,आवासीय क्षेत्र
प्रसौनी,6,808,आवासीय क्षेत्र
प्रसौनी,6,809,आवासीय क्षेत्र
प्रसौनी,6,810,आवासीय क्षेत्र
प्रसौनी,6,815,कृषि क्षेत्र
प्रसौनी,6,816,कृषि क्षेत्र
प्रसौनी,6,832,कृषि क्षेत्र
प्रसौनी,6,833,कृषि क्षेत्र
प्रसौनी,6,834,कृषि क्षेत्र
प्रसौनी,6,835,कृषि क्षेत्र
प्रसौनी,6,836,कृषि क्षेत्र
प्रसौनी,6,841,कृषि क्षेत्र
प्रसौनी,6,842,कृषि क्षेत्र
प्रसौनी,6,849,कृषि क्षेत्र
प्रसौनी,6 ख गाउँ 1,0,आवासीय क्षेत्र
प्रसौनी,6 ख गाउँ 1,0,आवासीय क्षेत्र
प्रसौनी,6 ख गाउँ 1,0,आवासीय क्षेत्र
प्रसौनी,6 ख गाउँ 1,0,आवासीय क्षेत्र
प्रसौनी,6 ख गाउँ 1,0,सार्वजनिक उपयोगको क्षेत्र
प्रसौनी,6 ख गाउँ 1,0,सार्वजनिक उपयोगको क्षेत्र
प्रसौनी,6 ख गाउँ 1,1,आवासीय क्षेत्र
प्रसौनी,6 ख गाउँ 1,2,आवासीय क्षेत्र
प्रसौनी,6 ख गाउँ 1,4,आवासीय क्षेत्र
प्रसौनी,6 ख गाउँ 1,5,आवासीय क्षेत्र
प्रसौनी,6 ख गाउँ 1,6,आवासीय क्षेत्र
प्रसौनी,6 ख गाउँ 1,6,आवासीय क्षेत्र
प्रसौनी,6 ख गाउँ 1,7,आवासीय क्षेत्र
प्रसौनी,6 ख गाउँ 1,7,आवासीय क्षेत्र
प्रसौनी,6 ख गाउँ 1,8,आवासीय क्षेत्र
प्रसौनी,6 ख गाउँ 1,8,आवासीय क्षेत्र
प्रसौनी,6 ख गाउँ 1,9,आवासीय क्षेत्र
प्रसौनी,6 ख गाउँ 1,9,आवासीय क्षेत्र
प्रसौनी,6 ख गाउँ 1,10,आवासीय क्षेत्र
प्रसौनी,6 ख गाउँ 1,10,आवासीय क्षेत्र
प्रसौनी,6 ख गाउँ 1,11,आवासीय क्षेत्र
प्रसौनी,6 ख गाउँ 1,11,आवासीय क्षेत्र
प्रसौनी,6 ख गाउँ 1,12,आवासीय क्षेत्र
प्रसौनी,6 ख गाउँ 1,12,आवासीय क्षेत्र
प्रसौनी,6 ख गाउँ 1,13,आवासीय क्षेत्र
प्रसौनी,6 ख गाउँ 1,13,आवासीय क्षेत्र
प्रसौनी,6 ख गाउँ 1,14,आवासीय क्षेत्र
प्रसौनी,6 ख गाउँ 1,14,आवासीय क्षेत्र
प्रसौनी,6 ख गाउँ 1,15,आवासीय क्षेत्र
प्रसौनी,6 ख गाउँ 1,15,आवासीय क्षेत्र
प्रसौनी,6 ख गाउँ 1,16,आवासीय क्षेत्र
प्रसौनी,6 ख गाउँ 1,16,आवासीय क्षेत्र
प्रसौनी,6 ख गाउँ 1,17,आवासीय क्षेत्र
प्रसौनी,6 ख गाउँ 1,17,आवासीय क्षेत्र
प्रसौनी,6 ख गाउँ 1,18,आवासीय क्षेत्र
प्रसौनी,6 ख गाउँ 1,18,आवासीय क्षेत्र
प्रसौनी,6 ख गाउँ 1,19,आवासीय क्षेत्र
प्रसौनी,6 ख गाउँ 1,19,आवासीय क्षेत्र
प्रसौनी,6 ख गाउँ 1,20,आवासीय क्षेत्र
प्रसौनी,6 ख गाउँ 1,20,आवासीय क्षेत्र
प्रसौनी,6 ख गाउँ 1,21,आवासीय क्षेत्र
प्रसौनी,6 ख गाउँ 1,22,आवासीय क्षेत्र
प्रसौनी,6 ख गाउँ 1,22,आवासीय क्षेत्र
प्रसौनी,6 ख गाउँ 1,23,आवासीय क्षेत्र
प्रसौनी,6 ख गाउँ 1,24,सार्वजनिक उपयोगको क्षेत्र
प्रसौनी,6 ख गाउँ 1,24,आवासीय क्षेत्र
प्रसौनी,6 ख गाउँ 1,28,आवासीय क्षेत्र
प्रसौनी,6 ख गाउँ 1,31,आवासीय क्षेत्र
प्रसौनी,6 ख गाउँ 1,32,आवासीय क्षेत्र
प्रसौनी,6 ख गाउँ 1,33,आवासीय क्षेत्र
प्रसौनी,6 ख गाउँ 1,34,आवासीय क्षेत्र
प्रसौनी,6 ख गाउँ 1,36,आवासीय क्षेत्र
प्रसौनी,6 ख गाउँ 1,38,आवासीय क्षेत्र
प्रसौनी,6 ख गाउँ 1,39,आवासीय क्षेत्र
प्रसौनी,6 ख गाउँ 1,41,आवासीय क्षेत्र
प्रसौनी,6 ख गाउँ 1,44,आवासीय क्षेत्र
प्रसौनी,6 ख गाउँ 1,45,आवासीय क्षेत्र
प्रसौनी,6 ख गाउँ 1,47,आवासीय क्षेत्र
प्रसौनी,6 ख गाउँ 1,48,आवासीय क्षेत्र
प्रसौनी,6 ख गाउँ 1,49,आवासीय क्षेत्र
प्रसौनी,6 ख गाउँ 1,50,आवासीय क्षेत्र
प्रसौनी,6 ख गाउँ 1,51,आवासीय क्षेत्र
प्रसौनी,6 ख गाउँ 1,52,आवासीय क्षेत्र
प्रसौनी,6 ख गाउँ 1,53,आवासीय क्षेत्र
प्रसौनी,6 ख गाउँ 1,54,आवासीय क्षेत्र
प्रसौनी,6 ख गाउँ 1,55,आवासीय क्षेत्र
प्रसौनी,6 ख गाउँ 1,56,आवासीय क्षेत्र
प्रसौनी,6 ख गाउँ 1,57,आवासीय क्षेत्र
प्रसौनी,6 ख गाउँ 1,58,आवासीय क्षेत्र
प्रसौनी,6 ख गाउँ 1,63,आवासीय क्षेत्र
प्रसौनी,6 ख गाउँ 1,64,आवासीय क्षेत्र
प्रसौनी,6 ख गाउँ 1,65,आवासीय क्षेत्र
प्रसौनी,6 ख गाउँ 1,66,आवासीय क्षेत्र
प्रसौनी,6 ख गाउँ 1,67,आवासीय क्षेत्र
प्रसौनी,6 ख गाउँ 2,0,व्यावसायिक क्षेत्र
प्रसौनी,6 ख गाउँ 2,0,व्यावसायिक क्षेत्र
प्रसौनी,6 ख गाउँ 2,0,व्यावसायिक क्षेत्र
प्रसौनी,6 ख गाउँ 2,0,सार्वजनिक उपयोगको क्षेत्र
प्रसौनी,6 ख गाउँ 2,1,व्यावसायिक क्षेत्र
प्रसौनी,6 ख गाउँ 2,2,व्यावसायिक क्षेत्र
प्रसौनी,6 ख गाउँ 2,4,व्यावसायिक क्षेत्र
प्रसौनी,6 ख गाउँ 2,6,व्यावसायिक क्षेत्र
प्रसौनी,6 ख गाउँ 2,7,व्यावसायिक क्षेत्र
प्रसौनी,6 ख गाउँ 2,8,व्यावसायिक क्षेत्र
प्रसौनी,6 ख गाउँ 2,9,व्यावसायिक क्षेत्र
प्रसौनी,6 ख गाउँ 2,10,व्यावसायिक क्षेत्र
प्रसौनी,6 ख गाउँ 2,11,सार्वजनिक उपयोगको क्षेत्र
प्रसौनी,6 ख गाउँ 2,12,व्यावसायिक क्षेत्र
प्रसौनी,6 ख गाउँ 2,13,व्यावसायिक क्षेत्र
प्रसौनी,6 ख गाउँ 2,14,व्यावसायिक क्षेत्र
प्रसौनी,6 ख गाउँ 2,15,व्यावसायिक क्षेत्र
प्रसौनी,6 ख गाउँ 2,16,व्यावसायिक क्षेत्र
प्रसौनी,6 ख गाउँ 2,17,व्यावसायिक क्षेत्र
प्रसौनी,6 ख गाउँ 2,18,व्यावसायिक क्षेत्र
प्रसौनी,6 ख गाउँ 2,21,आवासीय क्षेत्र
प्रसौनी,6 ख गाउँ 2,22,आवासीय क्षेत्र
प्रसौनी,6 ख गाउँ 2,23,व्यावसायिक क्षेत्र
प्रसौनी,6 ख गाउँ 2,30,व्यावसायिक क्षेत्र
प्रसौनी,6 ख गाउँ 2,31,व्यावसायिक क्षेत्र
प्रसौनी,6 ख गाउँ 2,32,आवासीय क्षेत्र
प्रसौनी,6 ख गाउँ 2,33,आवासीय क्षेत्र
प्रसौनी,6 ख गाउँ 2,34,व्यावसायिक क्षेत्र
प्रसौनी,6 ख गाउँ 2,35,व्यावसायिक क्षेत्र
प्रसौनी,6 ख गाउँ 2,36,व्यावसायिक क्षेत्र
प्रसौनी,6 ख गाउँ 2,40,व्यावसायिक क्षेत्र
प्रसौनी,6 ख गाउँ 2,41,व्यावसायिक क्षेत्र
प्रसौनी,6 ख गाउँ 2,42,व्यावसायिक क्षेत्र
प्रसौनी,6 ख गाउँ 2,43,व्यावसायिक क्षेत्र
प्रसौनी,6 ख गाउँ 2,317,व्यावसायिक क्षेत्र
प्रसौनी,6 ख गाउँ 2,319,व्यावसायिक क्षेत्र
प्रसौनी,6 ख गाउँ 2,321,व्यावसायिक क्षेत्र
प्रसौनी,6 ख गाउँ 2,322,व्यावसायिक क्षेत्र
प्रसौनी,6 ख गाउँ 2,323,व्यावसायिक क्षेत्र
प्रसौनी,6 ख गाउँ 2,324,व्यावसायिक क्षेत्र
प्रसौनी,6 ख गाउँ 2,330,व्यावसायिक क्षेत्र
प्रसौनी,6 ख गाउँ 2,331,व्यावसायिक क्षेत्र
प्रसौनी,6 ख गाउँ 2,332,व्यावसायिक क्षेत्र
प्रसौनी,6 ख गाउँ 2,333,व्यावसायिक क्षेत्र
प्रसौनी,6 ख गाउँ 2,334,व्यावसायिक क्षेत्र
प्रसौनी,6 गाउँ,0,सार्वजनिक उपयोगको क्षेत्र
प्रसौनी,6 गाउँ,1,आवासीय क्षेत्र
प्रसौनी,6 गाउँ,2,आवासीय क्षेत्र
प्रसौनी,6 गाउँ,4,आवासीय क्षेत्र
प्रसौनी,6 गाउँ,5,आवासीय क्षेत्र
प्रसौनी,6 गाउँ,6,आवासीय क्षेत्र
प्रसौनी,6 गाउँ,7,आवासीय क्षेत्र
प्रसौनी,6 गाउँ,8,आवासीय क्षेत्र
प्रसौनी,6 गाउँ,9,आवासीय क्षेत्र
प्रसौनी,6 गाउँ,10,आवासीय क्षेत्र
प्रसौनी,6 गाउँ,11,आवासीय क्षेत्र
प्रसौनी,6 गाउँ,12,आवासीय क्षेत्र
प्रसौनी,6 गाउँ,13,आवासीय क्षेत्र
प्रसौनी,6 गाउँ,14,आवासीय क्षेत्र
प्रसौनी,6 गाउँ,15,आवासीय क्षेत्र
प्रसौनी,6 गाउँ,16,आवासीय क्षेत्र
प्रसौनी,6 गाउँ,17,आवासीय क्षेत्र
प्रसौनी,6 गाउँ,18,आवासीय क्षेत्र
प्रसौनी,6 गाउँ,19,आवासीय क्षेत्र
प्रसौनी,6 गाउँ,20,आवासीय क्षेत्र
प्रसौनी,6 गाउँ,22,आवासीय क्षेत्र
प्रसौनी,6 गाउँ,23,आवासीय क्षेत्र
प्रसौनी,6 गाउँ,24,आवासीय क्षेत्र
प्रसौनी,6 नहर,0,आवासीय क्षेत्र
प्रसौनी,6 नहर,290,आवासीय क्षेत्र
प्रसौनी,6 नहर,291,आवासीय क्षेत्र
प्रसौनी,6 नहर,292,आवासीय क्षेत्र
प्रसौनी,6 नहर,296,कृषि क्षेत्र
प्रसौनी,6 नहर,313,कृषि क्षेत्र
प्रसौनी,6 नहर,378,कृषि क्षेत्र
प्रसौनी,6 नहर,379,कृषि क्षेत्र
प्रसौनी,6 नहर,380,कृषि क्षेत्र
प्रसौनी,6 नहर,381,कृषि क्षेत्र
प्रसौनी,6 नहर,464,कृषि क्षेत्र
प्रसौनी,6 नहर,465,कृषि क्षेत्र
प्रसौनी,6 नहर,578,कृषि क्षेत्र
प्रसौनी,6 नहर,579,कृषि क्षेत्र
प्रसौनी,6 नहर,580,कृषि क्षेत्र
प्रसौनी,6 नहर,581,कृषि क्षेत्र
प्रसौनी,6 नहर,582,कृषि क्षेत्र
प्रसौनी,6 नहर,583,कृषि क्षेत्र
प्रसौनी,6 नहर,584,कृषि क्षेत्र
प्रसौनी,6 नहर,585,कृषि क्षेत्र
प्रसौनी,6 नहर,825,आवासीय क्षेत्र
प्रसौनी,6 नहर,826,आवासीय क्षेत्र
प्रसौनी,6 नहर,99910,आवासीय क्षेत्र
प्रसौनी,6 नहर,99999,सार्वजनिक उपयोगको क्षेत्र
प्रसौनी,7,0,आवासीय क्षेत्र
प्रसौनी,7,0,सार्वजनिक उपयोगको क्षेत्र
प्रसौनी,7,0,आवासीय क्षेत्र
प्रसौनी,7,0,आवासीय क्षेत्र
प्रसौनी,7,0,सार्वजनिक उपयोगको क्षेत्र
प्रसौनी,7,0,सार्वजनिक उपयोगको क्षेत्र
प्रसौनी,7,0,सार्वजनिक उपयोगको क्षेत्र
प्रसौनी,7,0,सार्वजनिक उपयोगको क्षेत्र
प्रसौनी,7,0,सार्वजनिक उपयोगको क्षेत्र
प्रसौनी,7,1,आवासीय क्षेत्र
प्रसौनी,7,2,आवासीय क्षेत्र
प्रसौनी,7,3,आवासीय क्षेत्र
प्रसौनी,7,5,आवासीय क्षेत्र
प्रसौनी,7,6,आवासीय क्षेत्र
प्रसौनी,7,7,आवासीय क्षेत्र
प्रसौनी,7,8,आवासीय क्षेत्र
प्रसौनी,7,9,आवासीय क्षेत्र
प्रसौनी,7,11,व्यावसायिक क्षेत्र
प्रसौनी,7,12,व्यावसायिक क्षेत्र
प्रसौनी,7,14,आवासीय क्षेत्र
प्रसौनी,7,15,आवासीय क्षेत्र
प्रसौनी,7,16,आवासीय क्षेत्र
प्रसौनी,7,17,आवासीय क्षेत्र
प्रसौनी,7,19,आवासीय क्षेत्र
प्रसौनी,7,20,आवासीय क्षेत्र
प्रसौनी,7,21,आवासीय क्षेत्र
प्रसौनी,7,22,आवासीय क्षेत्र
प्रसौनी,7,23,सार्वजनिक उपयोगको क्षेत्र
प्रसौनी,7,25,आवासीय क्षेत्र
प्रसौनी,7,30,आवासीय क्षेत्र
प्रसौनी,7,35,व्यावसायिक क्षेत्र
प्रसौनी,7,36,सार्वजनिक उपयोगको क्षेत्र
प्रसौनी,7,39,आवासीय क्षेत्र
प्रसौनी,7,41,आवासीय क्षेत्र
प्रसौनी,7,42,आवासीय क्षेत्र
प्रसौनी,7,44,आवासीय क्षेत्र
प्रसौनी,7,45,आवासीय क्षेत्र
प्रसौनी,7,48,आवासीय क्षेत्र
प्रसौनी,7,49,आवासीय क्षेत्र
प्रसौनी,7,50,कृषि क्षेत्र
प्रसौनी,7,52,कृषि क्षेत्र
प्रसौनी,7,53,कृषि क्षेत्र
प्रसौनी,7,54,कृषि क्षेत्र
प्रसौनी,7,55,कृषि क्षेत्र
प्रसौनी,7,56,कृषि क्षेत्र
प्रसौनी,7,57,कृषि क्षेत्र
प्रसौनी,7,58,आवासीय क्षेत्र
प्रसौनी,7,59,आवासीय क्षेत्र
प्रसौनी,7,60,आवासीय क्षेत्र
प्रसौनी,7,62,कृषि क्षेत्र
प्रसौनी,7,67,आवासीय क्षेत्र
प्रसौनी,7,68,आवासीय क्षेत्र
प्रसौनी,7,71,आवासीय क्षेत्र
प्रसौनी,7,74,आवासीय क्षेत्र
प्रसौनी,7,75,आवासीय क्षेत्र
प्रसौनी,7,76,आवासीय क्षेत्र
प्रसौनी,7,77,आवासीय क्षेत्र
प्रसौनी,7,79,आवासीय क्षेत्र
प्रसौनी,7,82,आवासीय क्षेत्र
प्रसौनी,7,83,आवासीय क्षेत्र
प्रसौनी,7,85,आवासीय क्षेत्र
प्रसौनी,7,86,आवासीय क्षेत्र
प्रसौनी,7,87,आवासीय क्षेत्र
प्रसौनी,7,88,आवासीय क्षेत्र
प्रसौनी,7,89,आवासीय क्षेत्र
प्रसौनी,7,91,आवासीय क्षेत्र
प्रसौनी,7,104,कृषि क्षेत्र
प्रसौनी,7,105,व्यावसायिक क्षेत्र
प्रसौनी,7,106,व्यावसायिक क्षेत्र
प्रसौनी,7,107,व्यावसायिक क्षेत्र
प्रसौनी,7,108,आवासीय क्षेत्र
प्रसौनी,7,109,कृषि क्षेत्र
प्रसौनी,7,118,आवासीय क्षेत्र
प्रसौनी,7,119,आवासीय क्षेत्र
प्रसौनी,7,120,आवासीय क्षेत्र
प्रसौनी,7,399,आवासीय क्षेत्र
प्रसौनी,7,400,आवासीय क्षेत्र
प्रसौनी,7,422,आवासीय क्षेत्र
प्रसौनी,7,423,आवासीय क्षेत्र
प्रसौनी,7,424,आवासीय क्षेत्र
प्रसौनी,7,425,आवासीय क्षेत्र
प्रसौनी,7,426,आवासीय क्षेत्र
प्रसौनी,7,427,आवासीय क्षेत्र
प्रसौनी,7,439,आवासीय क्षेत्र
प्रसौनी,7,440,आवासीय क्षेत्र
प्रसौनी,7,515,आवासीय क्षेत्र
प्रसौनी,7,516,आवासीय क्षेत्र
प्रसौनी,7,517,आवासीय क्षेत्र
प्रसौनी,7,634,आवासीय क्षेत्र
प्रसौनी,7,635,आवासीय क्षेत्र
प्रसौनी,7,699,आवासीय क्षेत्र
प्रसौनी,7,704,आवासीय क्षेत्र
प्रसौनी,7,705,आवासीय क्षेत्र
प्रसौनी,7,713,आवासीय क्षेत्र
प्रसौनी,7,714,आवासीय क्षेत्र
प्रसौनी,7,715,आवासीय क्षेत्र
प्रसौनी,7,716,आवासीय क्षेत्र
प्रसौनी,7,728,आवासीय क्षेत्र
प्रसौनी,7,729,आवासीय क्षेत्र
प्रसौनी,7,730,आवासीय क्षेत्र
प्रसौनी,7,731,आवासीय क्षेत्र
प्रसौनी,7,732,आवासीय क्षेत्र
प्रसौनी,7,733,आवासीय क्षेत्र
प्रसौनी,7,734,आवासीय क्षेत्र
प्रसौनी,7 गाउँ,0,सार्वजनिक उपयोगको क्षेत्र
प्रसौनी,7 गाउँ,0,व्यावसायिक क्षेत्र
प्रसौनी,7 गाउँ,0,आवासीय क्षेत्र
प्रसौनी,7 गाउँ,0,आवासीय क्षेत्र
प्रसौनी,7 गाउँ,0,आवासीय क्षेत्र
प्रसौनी,7 गाउँ,0,आवासीय क्षेत्र
प्रसौनी,7 गाउँ,0,आवासीय क्षेत्र
प्रसौनी,7 गाउँ,1,आवासीय क्षेत्र
प्रसौनी,7 गाउँ,4,आवासीय क्षेत्र
प्रसौनी,7 गाउँ,5,आवासीय क्षेत्र
प्रसौनी,7 गाउँ,7,व्यावसायिक क्षेत्र
प्रसौनी,7 गाउँ,9,व्यावसायिक क्षेत्र
प्रसौनी,7 गाउँ,10,व्यावसायिक क्षेत्र
प्रसौनी,7 गाउँ,11,व्यावसायिक क्षेत्र
प्रसौनी,7 गाउँ,12,व्यावसायिक क्षेत्र
प्रसौनी,7 गाउँ,15,आवासीय क्षेत्र
प्रसौनी,7 गाउँ,19,आवासीय क्षेत्र
प्रसौनी,7 गाउँ,20,सार्वजनिक उपयोगको क्षेत्र
प्रसौनी,7 गाउँ,27,आवासीय क्षेत्र
प्रसौनी,7 गाउँ,28,आवासीय क्षेत्र
प्रसौनी,7 गाउँ,29,आवासीय क्षेत्र
प्रसौनी,7 गाउँ,31,आवासीय क्षेत्र
प्रसौनी,7 गाउँ,32,आवासीय क्षेत्र
प्रसौनी,7 गाउँ,33,आवासीय क्षेत्र
प्रसौनी,7 गाउँ,34,आवासीय क्षेत्र
प्रसौनी,7 गाउँ,35,आवासीय क्षेत्र
प्रसौनी,7 गाउँ,36,आवासीय क्षेत्र
प्रसौनी,7 गाउँ,37,आवासीय क्षेत्र
प्रसौनी,7 गाउँ,38,आवासीय क्षेत्र
प्रसौनी,7 गाउँ,39,व्यावसायिक क्षेत्र
प्रसौनी,7 गाउँ,40,व्यावसायिक क्षेत्र
प्रसौनी,7 गाउँ,41,व्यावसायिक क्षेत्र
प्रसौनी,7 गाउँ,42,आवासीय क्षेत्र
प्रसौनी,7 गाउँ,44,आवासीय क्षेत्र
प्रसौनी,7 गाउँ,46,आवासीय क्षेत्र
प्रसौनी,7 गाउँ,49,व्यावसायिक क्षेत्र
प्रसौनी,7 गाउँ,51,आवासीय क्षेत्र
प्रसौनी,7 गाउँ,52,आवासीय क्षेत्र
प्रसौनी,7 गाउँ,53,आवासीय क्षेत्र
प्रसौनी,7 गाउँ,54,आवासीय क्षेत्र
प्रसौनी,7 गाउँ,55,आवासीय क्षेत्र
प्रसौनी,7 गाउँ,61,आवासीय क्षेत्र
प्रसौनी,7 गाउँ,62,आवासीय क्षेत्र
प्रसौनी,7 गाउँ,63,आवासीय क्षेत्र
प्रसौनी,7 गाउँ,64,आवासीय क्षेत्र
प्रसौनी,7 गाउँ,65,आवासीय क्षेत्र
प्रसौनी,7 गाउँ,66,आवासीय क्षेत्र
प्रसौनी,7 गाउँ,67,व्यावसायिक क्षेत्र
प्रसौनी,7 गाउँ,69,व्यावसायिक क्षेत्र
प्रसौनी,7 गाउँ,70,व्यावसायिक क्षेत्र
प्रसौनी,7 गाउँ,71,आवासीय क्षेत्र
प्रसौनी,7 गाउँ,72,आवासीय क्षेत्र
प्रसौनी,7 गाउँ,73,व्यावसायिक क्षेत्र
प्रसौनी,7 गाउँ,77,व्यावसायिक क्षेत्र
प्रसौनी,7 गाउँ,78,व्यावसायिक क्षेत्र
प्रसौनी,7 गाउँ,79,व्यावसायिक क्षेत्र
प्रसौनी,7 गाउँ,82,व्यावसायिक क्षेत्र
प्रसौनी,7 गाउँ,83,व्यावसायिक क्षेत्र
प्रसौनी,7 गाउँ,84,आवासीय क्षेत्र
प्रसौनी,7 गाउँ,85,आवासीय क्षेत्र
प्रसौनी,7 गाउँ,86,व्यावसायिक क्षेत्र
प्रसौनी,7 गाउँ,91,आवासीय क्षेत्र
प्रसौनी,7 गाउँ,92,व्यावसायिक क्षेत्र
प्रसौनी,7 गाउँ,93,आवासीय क्षेत्र
प्रसौनी,7 गाउँ,94,व्यावसायिक क्षेत्र
प्रसौनी,7 गाउँ,95,व्यावसायिक क्षेत्र
प्रसौनी,7 गाउँ,96,व्यावसायिक क्षेत्र
प्रसौनी,7 गाउँ,201,आवासीय क्षेत्र
प्रसौनी,7 गाउँ,202,व्यावसायिक क्षेत्र
प्रसौनी,7 गाउँ,203,व्यावसायिक क्षेत्र
प्रसौनी,7 गाउँ,204,व्यावसायिक क्षेत्र
प्रसौनी,7 गाउँ,205,आवासीय क्षेत्र
प्रसौनी,7 गाउँ,206,आवासीय क्षेत्र
प्रसौनी,7 गाउँ,207,आवासीय क्षेत्र
प्रसौनी,7 गाउँ,209,आवासीय क्षेत्र
प्रसौनी,7 गाउँ,210,आवासीय क्षेत्र
प्रसौनी,7 गाउँ,213,आवासीय क्षेत्र
प्रसौनी,7 गाउँ,218,आवासीय क्षेत्र
प्रसौनी,7 गाउँ,219,आवासीय क्षेत्र
प्रसौनी,7 गाउँ,220,आवासीय क्षेत्र
प्रसौनी,7 गाउँ,221,आवासीय क्षेत्र
प्रसौनी,7 गाउँ,222,आवासीय क्षेत्र
प्रसौनी,7 गाउँ,223,आवासीय क्षेत्र
प्रसौनी,7 गाउँ,226,व्यावसायिक क्षेत्र
प्रसौनी,7 गाउँ,227,व्यावसायिक क्षेत्र
प्रसौनी,7 गाउँ,228,आवासीय क्षेत्र
प्रसौनी,7 गाउँ,229,आवासीय क्षेत्र
प्रसौनी,7 गाउँ,230,आवासीय क्षेत्र
प्रसौनी,7 गाउँ,231,व्यावसायिक क्षेत्र
प्रसौनी,7 गाउँ,232,व्यावसायिक क्षेत्र
प्रसौनी,7 गाउँ,233,आवासीय क्षेत्र
प्रसौनी,7 गाउँ,234,आवासीय क्षेत्र
प्रसौनी,7 गाउँ,235,व्यावसायिक क्षेत्र
प्रसौनी,7 गाउँ,236,व्यावसायिक क्षेत्र
प्रसौनी,7 गाउँ,237,व्यावसायिक क्षेत्र
प्रसौनी,7 गाउँ,238,व्यावसायिक क्षेत्र
प्रसौनी,7 गाउँ,239,व्यावसायिक क्षेत्र
प्रसौनी,7 गाउँ,240,आवासीय क्षेत्र
प्रसौनी,7 गाउँ,241,आवासीय क्षेत्र
प्रसौनी,7 नहर,0,आवासीय क्षेत्र
प्रसौनी,7 नहर,0,आवासीय क्षेत्र
प्रसौनी,7 नहर,0,आवासीय क्षेत्र
प्रसौनी,7 नहर,0,आवासीय क्षेत्र
प्रसौनी,7 नहर,0,आवासीय क्षेत्र
प्रसौनी,7 नहर,0,आवासीय क्षेत्र
प्रसौनी,7 नहर,0,आवासीय क्षेत्र
प्रसौनी,7 नहर,0,आवासीय क्षेत्र
प्रसौनी,7 नहर,0,आवासीय क्षेत्र
प्रसौनी,7 नहर,0,आवासीय क्षेत्र
प्रसौनी,7 नहर,0,आवासीय क्षेत्र
प्रसौनी,7 नहर,0,आवासीय क्षेत्र
प्रसौनी,7 नहर,0,आवासीय क्षेत्र
प्रसौनी,7 नहर,0,आवासीय क्षेत्र
प्रसौनी,7 नहर,0,आवासीय क्षेत्र
प्रसौनी,7 नहर,0,आवासीय क्षेत्र
प्रसौनी,7 नहर,0,आवासीय क्षेत्र
प्रसौनी,7 नहर,0,आवासीय क्षेत्र
प्रसौनी,7 नहर,0,आवासीय क्षेत्र
प्रसौनी,7 नहर,0,आवासीय क्षेत्र
प्रसौनी,7 नहर,0,आवासीय क्षेत्र
प्रसौनी,7 नहर,0,आवासीय क्षेत्र
प्रसौनी,7 नहर,0,आवासीय क्षेत्र
प्रसौनी,7 नहर,0,आवासीय क्षेत्र
प्रसौनी,7 नहर,0,आवासीय क्षेत्र
प्रसौनी,7 नहर,0,आवासीय क्षेत्र
प्रसौनी,7 नहर,0,आवासीय क्षेत्र
प्रसौनी,7 नहर,0,आवासीय क्षेत्र
प्रसौनी,7 नहर,0,आवासीय क्षेत्र
प्रसौनी,7 नहर,0,आवासीय क्षेत्र
प्रसौनी,7 नहर,0,आवासीय क्षेत्र
प्रसौनी,7 नहर,0,आवासीय क्षेत्र
प्रसौनी,7 नहर,0,आवासीय क्षेत्र
प्रसौनी,7 नहर,0,आवासीय क्षेत्र
प्रसौनी,7 नहर,0,आवासीय क्षेत्र
प्रसौनी,7 नहर,0,आवासीय क्षेत्र
प्रसौनी,7 नहर,0,आवासीय क्षेत्र
प्रसौनी,7 नहर,0,आवासीय क्षेत्र
प्रसौनी,7 नहर,0,आवासीय क्षेत्र
प्रसौनी,7 नहर,0,आवासीय क्षेत्र
प्रसौनी,7 नहर,0,आवासीय क्षेत्र
प्रसौनी,7 नहर,0,आवासीय क्षेत्र
प्रसौनी,7 नहर,0,आवासीय क्षेत्र
प्रसौनी,7 नहर,0,आवासीय क्षेत्र
प्रसौनी,7 नहर,143,आवासीय क्षेत्र
प्रसौनी,7 नहर,145,आवासीय क्षेत्र
प्रसौनी,7 नहर,145,आवासीय क्षेत्र
प्रसौनी,7 नहर,147,आवासीय क्षेत्र
प्रसौनी,7 नहर,149,आवासीय क्षेत्र
प्रसौनी,7 नहर,153,आवासीय क्षेत्र
प्रसौनी,7 नहर,158,आवासीय क्षेत्र
प्रसौनी,7 नहर,164,आवासीय क्षेत्र
प्रसौनी,7 नहर,167,आवासीय क्षेत्र
प्रसौनी,7 नहर,168,आवासीय क्षेत्र
प्रसौनी,7 नहर,169,आवासीय क्षेत्र
प्रसौनी,7 नहर,176,आवासीय क्षेत्र
प्रसौनी,7 नहर,178,आवासीय क्षेत्र
प्रसौनी,7 नहर,180,आवासीय क्षेत्र
प्रसौनी,7 नहर,181,आवासीय क्षेत्र
प्रसौनी,7 नहर,183,आवासीय क्षेत्र
प्रसौनी,7 नहर,184,आवासीय क्षेत्र
प्रसौनी,7 नहर,185,आवासीय क्षेत्र
प्रसौनी,7 नहर,187,आवासीय क्षेत्र
प्रसौनी,7 नहर,188,आवासीय क्षेत्र
प्रसौनी,7 नहर,190,आवासीय क्षेत्र
प्रसौनी,7 नहर,191,आवासीय क्षेत्र
प्रसौनी,7 नहर,193,आवासीय क्षेत्र
प्रसौनी,7 नहर,194,आवासीय क्षेत्र
प्रसौनी,7 नहर,196,आवासीय क्षेत्र
प्रसौनी,7 नहर,197,आवासीय क्षेत्र
प्रसौनी,7 नहर,200,आवासीय क्षेत्र
प्रसौनी,7 नहर,202,आवासीय क्षेत्र
प्रसौनी,7 नहर,203,आवासीय क्षेत्र
प्रसौनी,7 नहर,205,आवासीय क्षेत्र
प्रसौनी,7 नहर,207,आवासीय क्षेत्र
प्रसौनी,7 नहर,216,आवासीय क्षेत्र
प्रसौनी,7 नहर,218,आवासीय क्षेत्र
प्रसौनी,7 नहर,219,आवासीय क्षेत्र
प्रसौनी,7 नहर,229,आवासीय क्षेत्र
प्रसौनी,7 नहर,280,आवासीय क्षेत्र
प्रसौनी,7 नहर,282,आवासीय क्षेत्र
प्रसौनी,7 नहर,284,आवासीय क्षेत्र
प्रसौनी,7 नहर,288,आवासीय क्षेत्र
प्रसौनी,7 नहर,290,आवासीय क्षेत्र
प्रसौनी,7 नहर,291,आवासीय क्षेत्र
प्रसौनी,7 नहर,294,आवासीय क्षेत्र
प्रसौनी,7 नहर,295,आवासीय क्षेत्र
प्रसौनी,7 नहर,296,आवासीय क्षेत्र
प्रसौनी,7 नहर,297,आवासीय क्षेत्र
प्रसौनी,7 नहर,297,आवासीय क्षेत्र
प्रसौनी,7 नहर,298,आवासीय क्षेत्र
प्रसौनी,7 नहर,299,आवासीय क्षेत्र
प्रसौनी,7 नहर,300,आवासीय क्षेत्र
प्रसौनी,7 नहर,301,आवासीय क्षेत्र
प्रसौनी,7 नहर,303,आवासीय क्षेत्र
प्रसौनी,7 नहर,305,आवासीय क्षेत्र
प्रसौनी,7 नहर,306,आवासीय क्षेत्र
प्रसौनी,7 नहर,350,आवासीय क्षेत्र
प्रसौनी,7 नहर,351,आवासीय क्षेत्र
प्रसौनी,7 नहर,355,आवासीय क्षेत्र
प्रसौनी,7 नहर,357,आवासीय क्षेत्र
प्रसौनी,7 नहर,358,आवासीय क्षेत्र
प्रसौनी,7 नहर,360,आवासीय क्षेत्र
प्रसौनी,7 नहर,385,आवासीय क्षेत्र
प्रसौनी,7 नहर,387,आवासीय क्षेत्र
प्रसौनी,7 नहर,397,आवासीय क्षेत्र
प्रसौनी,7 नहर,418,आवासीय क्षेत्र
प्रसौनी,7 नहर,420,आवासीय क्षेत्र
प्रसौनी,7 नहर,430,आवासीय क्षेत्र
प्रसौनी,7 नहर,431,आवासीय क्षेत्र
प्रसौनी,7 नहर,432,आवासीय क्षेत्र
प्रसौनी,7 नहर,438,आवासीय क्षेत्र
प्रसौनी,7 नहर,445,आवासीय क्षेत्र
प्रसौनी,7 नहर,447,आवासीय क्षेत्र
प्रसौनी,7 नहर,451,आवासीय क्षेत्र
प्रसौनी,7 नहर,464,आवासीय क्षेत्र
प्रसौनी,7 नहर,465,आवासीय क्षेत्र
प्रसौनी,7 नहर,466,आवासीय क्षेत्र
प्रसौनी,7 नहर,468,आवासीय क्षेत्र
प्रसौनी,7 नहर,469,आवासीय क्षेत्र
प्रसौनी,7 नहर,485,आवासीय क्षेत्र
प्रसौनी,7 नहर,487,आवासीय क्षेत्र
प्रसौनी,7 नहर,498,आवासीय क्षेत्र
प्रसौनी,7 नहर,499,आवासीय क्षेत्र
प्रसौनी,7 नहर,503,आवासीय क्षेत्र
प्रसौनी,7 नहर,504,आवासीय क्षेत्र
प्रसौनी,7 नहर,510,आवासीय क्षेत्र
प्रसौनी,7 नहर,512,आवासीय क्षेत्र
प्रसौनी,7 नहर,518,आवासीय क्षेत्र
प्रसौनी,7 नहर,519,आवासीय क्षेत्र
प्रसौनी,7 नहर,531,आवासीय क्षेत्र
प्रसौनी,7 नहर,532,आवासीय क्षेत्र
प्रसौनी,7 नहर,534,आवासीय क्षेत्र
प्रसौनी,7 नहर,535,आवासीय क्षेत्र
प्रसौनी,7 नहर,535,आवासीय क्षेत्र
प्रसौनी,7 नहर,536,आवासीय क्षेत्र
प्रसौनी,7 नहर,539,आवासीय क्षेत्र
प्रसौनी,7 नहर,540,आवासीय क्षेत्र
प्रसौनी,7 नहर,542,आवासीय क्षेत्र
प्रसौनी,7 नहर,543,आवासीय क्षेत्र
प्रसौनी,7 नहर,544,आवासीय क्षेत्र
प्रसौनी,7 नहर,559,आवासीय क्षेत्र
प्रसौनी,7 नहर,560,आवासीय क्षेत्र
प्रसौनी,7 नहर,561,आवासीय क्षेत्र
प्रसौनी,7 नहर,577,आवासीय क्षेत्र
प्रसौनी,7 नहर,578,आवासीय क्षेत्र
प्रसौनी,7 नहर,579,आवासीय क्षेत्र
प्रसौनी,7 नहर,580,आवासीय क्षेत्र
प्रसौनी,7 नहर,581,आवासीय क्षेत्र
प्रसौनी,7 नहर,582,आवासीय क्षेत्र
प्रसौनी,7 नहर,583,आवासीय क्षेत्र
प्रसौनी,7 नहर,584,आवासीय क्षेत्र
प्रसौनी,7 नहर,585,आवासीय क्षेत्र
प्रसौनी,7 नहर,586,आवासीय क्षेत्र
प्रसौनी,7 नहर,587,आवासीय क्षेत्र
प्रसौनी,7 नहर,600,आवासीय क्षेत्र
प्रसौनी,7 नहर,618,आवासीय क्षेत्र
प्रसौनी,7 नहर,619,आवासीय क्षेत्र
प्रसौनी,7 नहर,620,आवासीय क्षेत्र
प्रसौनी,7 नहर,621,आवासीय क्षेत्र
प्रसौनी,7 नहर,637,आवासीय क्षेत्र
प्रसौनी,7 नहर,638,आवासीय क्षेत्र
प्रसौनी,7 नहर,641,आवासीय क्षेत्र
प्रसौनी,7 नहर,642,आवासीय क्षेत्र
प्रसौनी,7 नहर,645,आवासीय क्षेत्र
प्रसौनी,7 नहर,646,आवासीय क्षेत्र
प्रसौनी,7 नहर,658,आवासीय क्षेत्र
प्रसौनी,7 नहर,659,आवासीय क्षेत्र
प्रसौनी,7 नहर,668,आवासीय क्षेत्र
प्रसौनी,7 नहर,669,आवासीय क्षेत्र
प्रसौनी,7 नहर,670,आवासीय क्षेत्र
प्रसौनी,7 नहर,671,आवासीय क्षेत्र
प्रसौनी,7 नहर,702,आवासीय क्षेत्र
प्रसौनी,7 नहर,703,आवासीय क्षेत्र
प्रसौनी,7 नहर,707,आवासीय क्षेत्र
प्रसौनी,7 नहर,708,आवासीय क्षेत्र
प्रसौनी,7 नहर,709,आवासीय क्षेत्र
प्रसौनी,7 नहर,710,आवासीय क्षेत्र
प्रसौनी,7 नहर,725,आवासीय क्षेत्र
प्रसौनी,8,0,आवासीय क्षेत्र
प्रसौनी,8,0,आवासीय क्षेत्र
प्रसौनी,8,0,आवासीय क्षेत्र
प्रसौनी,8,0,आवासीय क्षेत्र
प्रसौनी,8,0,आवासीय क्षेत्र
प्रसौनी,8,0,आवासीय क्षेत्र
प्रसौनी,8,0,कृषि क्षेत्र
प्रसौनी,8,0,कृषि क्षेत्र
प्रसौनी,8,0,सार्वजनिक उपयोगको क्षेत्र
प्रसौनी,8,0,कृषि क्षेत्र
प्रसौनी,8,0,कृषि क्षेत्र
प्रसौनी,8,0,कृषि क्षेत्र
प्रसौनी,8,0,कृषि क्षेत्र
प्रसौनी,8,0,कृषि क्षेत्र
प्रसौनी,8,0,कृषि क्षेत्र
प्रसौनी,8,0,कृषि क्षेत्र
प्रसौनी,8,0,कृषि क्षेत्र
प्रसौनी,8,0,कृषि क्षेत्र
प्रसौनी,8,0,कृषि क्षेत्र
प्रसौनी,8,0,कृषि क्षेत्र
प्रसौनी,8,0,कृषि क्षेत्र
प्रसौनी,8,1,कृषि क्षेत्र
प्रसौनी,8,2,कृषि क्षेत्र
प्रसौनी,8,5,कृषि क्षेत्र
प्रसौनी,8,6,कृषि क्षेत्र
प्रसौनी,8,7,कृषि क्षेत्र
प्रसौनी,8,10,कृषि क्षेत्र
प्रसौनी,8,11,कृषि क्षेत्र
प्रसौनी,8,12,कृषि क्षेत्र
प्रसौनी,8,13,कृषि क्षेत्र
प्रसौनी,8,17,कृषि क्षेत्र
प्रसौनी,8,20,कृषि क्षेत्र
प्रसौनी,8,21,कृषि क्षेत्र
प्रसौनी,8,22,कृषि क्षेत्र
प्रसौनी,8,23,कृषि क्षेत्र
प्रसौनी,8,24,कृषि क्षेत्र
प्रसौनी,8,25,कृषि क्षेत्र
प्रसौनी,8,27,कृषि क्षेत्र
प्रसौनी,8,28,कृषि क्षेत्र
प्रसौनी,8,29,कृषि क्षेत्र
प्रसौनी,8,30,कृषि क्षेत्र
प्रसौनी,8,31,कृषि क्षेत्र
प्रसौनी,8,33,कृषि क्षेत्र
प्रसौनी,8,34,कृषि क्षेत्र
प्रसौनी,8,35,कृषि क्षेत्र
प्रसौनी,8,36,कृषि क्षेत्र
प्रसौनी,8,37,कृषि क्षेत्र
प्रसौनी,8,42,कृषि क्षेत्र
प्रसौनी,8,44,कृषि क्षेत्र
प्रसौनी,8,45,कृषि क्षेत्र
प्रसौनी,8,48,कृषि क्षेत्र
प्रसौनी,8,57,कृषि क्षेत्र
प्रसौनी,8,58,कृषि क्षेत्र
प्रसौनी,8,60,कृषि क्षेत्र
प्रसौनी,8,61,कृषि क्षेत्र
प्रसौनी,8,62,कृषि क्षेत्र
प्रसौनी,8,63,कृषि क्षेत्र
प्रसौनी,8,65,कृषि क्षेत्र
प्रसौनी,8,66,कृषि क्षेत्र
प्रसौनी,8,69,कृषि क्षेत्र
प्रसौनी,8,70,कृषि क्षेत्र
प्रसौनी,8,70,कृषि क्षेत्र
प्रसौनी,8,71,कृषि क्षेत्र
प्रसौनी,8,73,कृषि क्षेत्र
प्रसौनी,8,75,कृषि क्षेत्र
प्रसौनी,8,76,आवासीय क्षेत्र
प्रसौनी,8,80,कृषि क्षेत्र
प्रसौनी,8,81,आवासीय क्षेत्र
प्रसौनी,8,82,आवासीय क्षेत्र
प्रसौनी,8,85,कृषि क्षेत्र
प्रसौनी,8,91,कृषि क्षेत्र
प्रसौनी,8,92,कृषि क्षेत्र
प्रसौनी,8,94,कृषि क्षेत्र
प्रसौनी,8,95,कृषि क्षेत्र
प्रसौनी,8,96,आवासीय क्षेत्र
प्रसौनी,8,99,कृषि क्षेत्र
प्रसौनी,8,100,कृषि क्षेत्र
प्रसौनी,8,101,आवासीय क्षेत्र
प्रसौनी,8,102,आवासीय क्षेत्र
प्रसौनी,8,103,आवासीय क्षेत्र
प्रसौनी,8,104,आवासीय क्षेत्र
प्रसौनी,8,105,आवासीय क्षेत्र
प्रसौनी,8,108,आवासीय क्षेत्र
प्रसौनी,8,110,आवासीय क्षेत्र
प्रसौनी,8,111,कृषि क्षेत्र
प्रसौनी,8,113,कृषि क्षेत्र
प्रसौनी,8,114,कृषि क्षेत्र
प्रसौनी,8,115,कृषि क्षेत्र
प्रसौनी,8,116,कृषि क्षेत्र
प्रसौनी,8,117,कृषि क्षेत्र
प्रसौनी,8,120,आवासीय क्षेत्र
प्रसौनी,8,121,आवासीय क्षेत्र
प्रसौनी,8,122,कृषि क्षेत्र
प्रसौनी,8,124,आवासीय क्षेत्र
प्रसौनी,8,125,आवासीय क्षेत्र
प्रसौनी,8,126,आवासीय क्षेत्र
प्रसौनी,8,126,आवासीय क्षेत्र
प्रसौनी,8,128,आवासीय क्षेत्र
प्रसौनी,8,129,आवासीय क्षेत्र
प्रसौनी,8,130,आवासीय क्षेत्र
प्रसौनी,8,131,आवासीय क्षेत्र
प्रसौनी,8,133,आवासीय क्षेत्र
प्रसौनी,8,140,आवासीय क्षेत्र
प्रसौनी,8,142,आवासीय क्षेत्र
प्रसौनी,8,143,आवासीय क्षेत्र
प्रसौनी,8,144,आवासीय क्षेत्र
प्रसौनी,8,145,आवासीय क्षेत्र
प्रसौनी,8,147,आवासीय क्षेत्र
प्रसौनी,8,148,आवासीय क्षेत्र
प्रसौनी,8,149,सार्वजनिक उपयोगको क्षेत्र
प्रसौनी,8,150,आवासीय क्षेत्र
प्रसौनी,8,151,आवासीय क्षेत्र
प्रसौनी,8,157,कृषि क्षेत्र
प्रसौनी,8,158,कृषि क्षेत्र
प्रसौनी,8,159,कृषि क्षेत्र
प्रसौनी,8,160,कृषि क्षेत्र
प्रसौनी,8,161,आवासीय क्षेत्र
प्रसौनी,8,163,आवासीय क्षेत्र
प्रसौनी,8,169,कृषि क्षेत्र
प्रसौनी,8,171,कृषि क्षेत्र
प्रसौनी,8,173,आवासीय क्षेत्र
प्रसौनी,8,174,कृषि क्षेत्र
प्रसौनी,8,175,कृषि क्षेत्र
प्रसौनी,8,176,आवासीय क्षेत्र
प्रसौनी,8,177,आवासीय क्षेत्र
प्रसौनी,8,178,आवासीय क्षेत्र
प्रसौनी,8,179,आवासीय क्षेत्र
प्रसौनी,8,180,आवासीय क्षेत्र
प्रसौनी,8,181,आवासीय क्षेत्र
प्रसौनी,8,182,आवासीय क्षेत्र
प्रसौनी,8,183,आवासीय क्षेत्र
प्रसौनी,8,185,कृषि क्षेत्र
प्रसौनी,8,186,कृषि क्षेत्र
प्रसौनी,8,187,कृषि क्षेत्र
प्रसौनी,8,188,कृषि क्षेत्र
प्रसौनी,8,191,आवासीय क्षेत्र
प्रसौनी,8,192,आवासीय क्षेत्र
प्रसौनी,8,198,आवासीय क्षेत्र
प्रसौनी,8,199,आवासीय क्षेत्र
प्रसौनी,8,200,कृषि क्षेत्र
प्रसौनी,8,201,आवासीय क्षेत्र
प्रसौनी,8,203,आवासीय क्षेत्र
प्रसौनी,8,207,आवासीय क्षेत्र
प्रसौनी,8,207,आवासीय क्षेत्र
प्रसौनी,8,208,आवासीय क्षेत्र
प्रसौनी,8,209,आवासीय क्षेत्र
प्रसौनी,8,210,आवासीय क्षेत्र
प्रसौनी,8,211,आवासीय क्षेत्र
प्रसौनी,8,213,आवासीय क्षेत्र
प्रसौनी,8,214,आवासीय क्षेत्र
प्रसौनी,8,215,आवासीय क्षेत्र
प्रसौनी,8,216,आवासीय क्षेत्र
प्रसौनी,8,217,आवासीय क्षेत्र
प्रसौनी,8,218,आवासीय क्षेत्र
प्रसौनी,8,220,कृषि क्षेत्र
प्रसौनी,8,221,कृषि क्षेत्र
प्रसौनी,8,223,कृषि क्षेत्र
प्रसौनी,8,225,आवासीय क्षेत्र
प्रसौनी,8,226,आवासीय क्षेत्र
प्रसौनी,8,227,आवासीय क्षेत्र
प्रसौनी,8,228,आवासीय क्षेत्र
प्रसौनी,8,229,कृषि क्षेत्र
प्रसौनी,8,230,कृषि क्षेत्र
प्रसौनी,8,231,आवासीय क्षेत्र
प्रसौनी,8,232,आवासीय क्षेत्र
प्रसौनी,8,233,आवासीय क्षेत्र
प्रसौनी,8,234,आवासीय क्षेत्र
प्रसौनी,8,239,कृषि क्षेत्र
प्रसौनी,8,240,कृषि क्षेत्र
प्रसौनी,8,240,कृषि क्षेत्र
प्रसौनी,8,241,कृषि क्षेत्र
प्रसौनी,8,243,कृषि क्षेत्र
प्रसौनी,8,246,कृषि क्षेत्र
प्रसौनी,8,247,आवासीय क्षेत्र
प्रसौनी,8,249,आवासीय क्षेत्र
प्रसौनी,8,250,आवासीय क्षेत्र
प्रसौनी,8,251,आवासीय क्षेत्र
प्रसौनी,8,251,कृषि क्षेत्र
प्रसौनी,8,253,कृषि क्षेत्र
प्रसौनी,8,254,कृषि क्षेत्र
प्रसौनी,8,256,कृषि क्षेत्र
प्रसौनी,8,258,कृषि क्षेत्र
प्रसौनी,8,259,कृषि क्षेत्र
प्रसौनी,8,260,कृषि क्षेत्र
प्रसौनी,8,262,आवासीय क्षेत्र
प्रसौनी,8,264,कृषि क्षेत्र
प्रसौनी,8,265,कृषि क्षेत्र
प्रसौनी,8,266,कृषि क्षेत्र
प्रसौनी,8,267,कृषि क्षेत्र
प्रसौनी,8,268,कृषि क्षेत्र
प्रसौनी,8,269,आवासीय क्षेत्र
प्रसौनी,8,270,आवासीय क्षेत्र
प्रसौनी,8,273,आवासीय क्षेत्र
प्रसौनी,8,276,कृषि क्षेत्र
प्रसौनी,8,277,कृषि क्षेत्र
प्रसौनी,8,279,कृषि क्षेत्र
प्रसौनी,8,280,कृषि क्षेत्र
प्रसौनी,8,281,कृषि क्षेत्र
प्रसौनी,8,282,कृषि क्षेत्र
प्रसौनी,8,283,कृषि क्षेत्र
प्रसौनी,8,284,कृषि क्षेत्र
प्रसौनी,8,288,आवासीय क्षेत्र
प्रसौनी,8,289,आवासीय क्षेत्र
प्रसौनी,8,290,आवासीय क्षेत्र
प्रसौनी,8,290,कृषि क्षेत्र
प्रसौनी,8,293,कृषि क्षेत्र
प्रसौनी,8,293,आवासीय क्षेत्र
प्रसौनी,8,293,आवासीय क्षेत्र
प्रसौनी,8,294,आवासीय क्षेत्र
प्रसौनी,8,296,आवासीय क्षेत्र
प्रसौनी,8,297,आवासीय क्षेत्र
प्रसौनी,8,298,आवासीय क्षेत्र
प्रसौनी,8,299,आवासीय क्षेत्र
प्रसौनी,8,300,आवासीय क्षेत्र
प्रसौनी,8,302,आवासीय क्षेत्र
प्रसौनी,8,307,कृषि क्षेत्र
प्रसौनी,8,308,आवासीय क्षेत्र
प्रसौनी,8,309,कृषि क्षेत्र
प्रसौनी,8,313,आवासीय क्षेत्र
प्रसौनी,8,314,आवासीय क्षेत्र
प्रसौनी,8,316,आवासीय क्षेत्र
प्रसौनी,8,317,आवासीय क्षेत्र
प्रसौनी,8,322,कृषि क्षेत्र
प्रसौनी,8,323,कृषि क्षेत्र
प्रसौनी,8,327,कृषि क्षेत्र
प्रसौनी,8,328,कृषि क्षेत्र
प्रसौनी,8,330,कृषि क्षेत्र
प्रसौनी,8,335,कृषि क्षेत्र
प्रसौनी,8,338,कृषि क्षेत्र
प्रसौनी,8,339,कृषि क्षेत्र
प्रसौनी,8,340,कृषि क्षेत्र
प्रसौनी,8,344,कृषि क्षेत्र
प्रसौनी,8,345,कृषि क्षेत्र
प्रसौनी,8,354,कृषि क्षेत्र
प्रसौनी,8,355,कृषि क्षेत्र
प्रसौनी,8,358,कृषि क्षेत्र
प्रसौनी,8,359,कृषि क्षेत्र
प्रसौनी,8,395,कृषि क्षेत्र
प्रसौनी,8,396,आवासीय क्षेत्र
प्रसौनी,8,399,कृषि क्षेत्र
प्रसौनी,8,400,कृषि क्षेत्र
प्रसौनी,8,413,आवासीय क्षेत्र
प्रसौनी,8,414,आवासीय क्षेत्र
प्रसौनी,8,422,कृषि क्षेत्र
प्रसौनी,8,426,कृषि क्षेत्र
प्रसौनी,8,430,कृषि क्षेत्र
प्रसौनी,8,431,आवासीय क्षेत्र
प्रसौनी,8,441,कृषि क्षेत्र
प्रसौनी,8,446,कृषि क्षेत्र
प्रसौनी,8,447,आवासीय क्षेत्र
प्रसौनी,8,448,कृषि क्षेत्र
प्रसौनी,8,452,कृषि क्षेत्र
प्रसौनी,8,453,कृषि क्षेत्र
प्रसौनी,8,454,आवासीय क्षेत्र
प्रसौनी,8,455,आवासीय क्षेत्र
प्रसौनी,8,456,आवासीय क्षेत्र
प्रसौनी,8,459,आवासीय क्षेत्र
प्रसौनी,8,460,आवासीय क्षेत्र
प्रसौनी,8,461,आवासीय क्षेत्र
प्रसौनी,8,469,कृषि क्षेत्र
प्रसौनी,8,470,कृषि क्षेत्र
प्रसौनी,8,474,कृषि क्षेत्र
प्रसौनी,8,475,कृषि क्षेत्र
प्रसौनी,8,476,कृषि क्षेत्र
प्रसौनी,8,477,कृषि क्षेत्र
प्रसौनी,8,478,आवासीय क्षेत्र
प्रसौनी,8,479,आवासीय क्षेत्र
प्रसौनी,8,482,कृषि क्षेत्र
प्रसौनी,8,483,कृषि क्षेत्र
प्रसौनी,8,484,कृषि क्षेत्र
प्रसौनी,8,485,कृषि क्षेत्र
प्रसौनी,8,493,कृषि क्षेत्र
प्रसौनी,8,494,कृषि क्षेत्र
प्रसौनी,8,500,कृषि क्षेत्र
प्रसौनी,8,501,आवासीय क्षेत्र
प्रसौनी,8,502,आवासीय क्षेत्र
प्रसौनी,8,519,आवासीय क्षेत्र
प्रसौनी,8,522,आवासीय क्षेत्र
प्रसौनी,8,523,कृषि क्षेत्र
प्रसौनी,8,525,आवासीय क्षेत्र
प्रसौनी,8,526,आवासीय क्षेत्र
प्रसौनी,8,541,कृषि क्षेत्र
प्रसौनी,8,542,आवासीय क्षेत्र
प्रसौनी,8,543,आवासीय क्षेत्र
प्रसौनी,8,550,कृषि क्षेत्र
प्रसौनी,8,550,कृषि क्षेत्र
प्रसौनी,8,551,कृषि क्षेत्र
प्रसौनी,8,555,कृषि क्षेत्र
प्रसौनी,8,556,कृषि क्षेत्र
प्रसौनी,8,557,कृषि क्षेत्र
प्रसौनी,8,561,कृषि क्षेत्र
प्रसौनी,8,563,आवासीय क्षेत्र
प्रसौनी,8,580,कृषि क्षेत्र
प्रसौनी,8,581,कृषि क्षेत्र
प्रसौनी,8,582,कृषि क्षेत्र
प्रसौनी,8,583,कृषि क्षेत्र
प्रसौनी,8,584,कृषि क्षेत्र
प्रसौनी,8,585,कृषि क्षेत्र
प्रसौनी,8,586,कृषि क्षेत्र
प्रसौनी,8,587,कृषि क्षेत्र
प्रसौनी,8,588,कृषि क्षेत्र
प्रसौनी,8,589,कृषि क्षेत्र
प्रसौनी,8,590,कृषि क्षेत्र
प्रसौनी,8,591,कृषि क्षेत्र
प्रसौनी,8,592,कृषि क्षेत्र
प्रसौनी,8,593,कृषि क्षेत्र
प्रसौनी,8,596,कृषि क्षेत्र
प्रसौनी,8,598,कृषि क्षेत्र
प्रसौनी,8,600,कृषि क्षेत्र
प्रसौनी,8,601,कृषि क्षेत्र
प्रसौनी,8,602,कृषि क्षेत्र
प्रसौनी,8,603,कृषि क्षेत्र
प्रसौनी,8,608,आवासीय क्षेत्र
प्रसौनी,8,609,आवासीय क्षेत्र
प्रसौनी,8,610,कृषि क्षेत्र
प्रसौनी,8,611,कृषि क्षेत्र
प्रसौनी,8,612,कृषि क्षेत्र
प्रसौनी,8,613,आवासीय क्षेत्र
प्रसौनी,8,615,आवासीय क्षेत्र
प्रसौनी,8,651,आवासीय क्षेत्र
प्रसौनी,8,652,आवासीय क्षेत्र
प्रसौनी,8,656,कृषि क्षेत्र
प्रसौनी,8,668,कृषि क्षेत्र
प्रसौनी,8,669,कृषि क्षेत्र
प्रसौनी,8,673,कृषि क्षेत्र
प्रसौनी,8,674,कृषि क्षेत्र
प्रसौनी,8,705,कृषि क्षेत्र
प्रसौनी,8,706,कृषि क्षेत्र
प्रसौनी,8,707,कृषि क्षेत्र
प्रसौनी,8,708,कृषि क्षेत्र
प्रसौनी,8,737,आवासीय क्षेत्र
प्रसौनी,8,739,आवासीय क्षेत्र
प्रसौनी,8,782,आवासीय क्षेत्र
प्रसौनी,8,783,आवासीय क्षेत्र
प्रसौनी,8,784,आवासीय क्षेत्र
प्रसौनी,8,785,आवासीय क्षेत्र
प्रसौनी,8,786,आवासीय क्षेत्र
प्रसौनी,8,805,कृषि क्षेत्र
प्रसौनी,8,811,कृषि क्षेत्र
प्रसौनी,8,812,कृषि क्षेत्र
प्रसौनी,8,813,कृषि क्षेत्र
प्रसौनी,8,814,कृषि क्षेत्र
प्रसौनी,8,817,आवासीय क्षेत्र
प्रसौनी,8,818,आवासीय क्षेत्र
प्रसौनी,8,839,कृषि क्षेत्र
प्रसौनी,8,840,कृषि क्षेत्र
प्रसौनी,8,846,आवासीय क्षेत्र
प्रसौनी,8,847,आवासीय क्षेत्र
प्रसौनी,8,848,आवासीय क्षेत्र
प्रसौनी,8,849,आवासीय क्षेत्र
प्रसौनी,8,850,आवासीय क्षेत्र
प्रसौनी,8,864,आवासीय क्षेत्र
प्रसौनी,8,865,आवासीय क्षेत्र
प्रसौनी,8,870,आवासीय क्षेत्र
प्रसौनी,8,871,आवासीय क्षेत्र
प्रसौनी,8,872,आवासीय क्षेत्र
प्रसौनी,8,873,आवासीय क्षेत्र
प्रसौनी,8,874,आवासीय क्षेत्र
प्रसौनी,8,875,आवासीय क्षेत्र
प्रसौनी,8,876,कृषि क्षेत्र
प्रसौनी,8,877,कृषि क्षेत्र
प्रसौनी,8,885,कृषि क्षेत्र
प्रसौनी,8,885,कृषि क्षेत्र
प्रसौनी,8,886,कृषि क्षेत्र
प्रसौनी,8,894,आवासीय क्षेत्र
प्रसौनी,8,895,आवासीय क्षेत्र
प्रसौनी,8,896,आवासीय क्षेत्र
प्रसौनी,8,897,आवासीय क्षेत्र
प्रसौनी,8,898,आवासीय क्षेत्र
प्रसौनी,8,899,कृषि क्षेत्र
प्रसौनी,8,900,आवासीय क्षेत्र
प्रसौनी,8,901,आवासीय क्षेत्र
प्रसौनी,8,902,आवासीय क्षेत्र
प्रसौनी,8,903,कृषि क्षेत्र
प्रसौनी,8,904,कृषि क्षेत्र
प्रसौनी,8,905,कृषि क्षेत्र
प्रसौनी,8,906,आवासीय क्षेत्र
प्रसौनी,8,907,कृषि क्षेत्र
प्रसौनी,8,910,कृषि क्षेत्र
प्रसौनी,8,911,कृषि क्षेत्र
प्रसौनी,8,912,कृषि क्षेत्र
प्रसौनी,8,914,कृषि क्षेत्र
प्रसौनी,8,915,कृषि क्षेत्र
प्रसौनी,8,917,आवासीय क्षेत्र
प्रसौनी,8,918,कृषि क्षेत्र
प्रसौनी,8,919,कृषि क्षेत्र
प्रसौनी,8,920,आवासीय क्षेत्र
प्रसौनी,8,921,आवासीय क्षेत्र
प्रसौनी,8,922,आवासीय क्षेत्र
प्रसौनी,8,923,आवासीय क्षेत्र
प्रसौनी,8,924,आवासीय क्षेत्र
प्रसौनी,8,927,आवासीय क्षेत्र
प्रसौनी,8,928,आवासीय क्षेत्र
प्रसौनी,8,929,आवासीय क्षेत्र
प्रसौनी,8,930,आवासीय क्षेत्र
प्रसौनी,8,930,आवासीय क्षेत्र
प्रसौनी,8,931,आवासीय क्षेत्र
प्रसौनी,8,940,आवासीय क्षेत्र
प्रसौनी,8,941,आवासीय क्षेत्र
प्रसौनी,8,942,आवासीय क्षेत्र
प्रसौनी,8,947,आवासीय क्षेत्र
प्रसौनी,8,948,कृषि क्षेत्र
प्रसौनी,8,949,आवासीय क्षेत्र
प्रसौनी,8,950,आवासीय क्षेत्र
प्रसौनी,8,951,आवासीय क्षेत्र
प्रसौनी,8,952,आवासीय क्षेत्र
प्रसौनी,8,953,आवासीय क्षेत्र
प्रसौनी,8,954,आवासीय क्षेत्र
प्रसौनी,8,955,आवासीय क्षेत्र
प्रसौनी,8,956,आवासीय क्षेत्र
प्रसौनी,8 गाउँ,0,आवासीय क्षेत्र
प्रसौनी,8 गाउँ,0,आवासीय क्षेत्र
प्रसौनी,8 गाउँ,1,आवासीय क्षेत्र
प्रसौनी,8 गाउँ,2,आवासीय क्षेत्र
प्रसौनी,8 गाउँ,3,आवासीय क्षेत्र
प्रसौनी,8 गाउँ,4,आवासीय क्षेत्र
प्रसौनी,8 गाउँ,6,आवासीय क्षेत्र
प्रसौनी,8 गाउँ,7,आवासीय क्षेत्र
प्रसौनी,8 गाउँ,8,आवासीय क्षेत्र
प्रसौनी,8 गाउँ,9,आवासीय क्षेत्र
प्रसौनी,8 गाउँ,10,आवासीय क्षेत्र
प्रसौनी,8 गाउँ,11,आवासीय क्षेत्र
प्रसौनी,8 गाउँ,12,आवासीय क्षेत्र
प्रसौनी,8 गाउँ,13,आवासीय क्षेत्र
प्रसौनी,8 गाउँ,14,आवासीय क्षेत्र
प्रसौनी,8 गाउँ,15,आवासीय क्षेत्र
प्रसौनी,8 गाउँ,16,आवासीय क्षेत्र
प्रसौनी,8 गाउँ,19,सार्वजनिक उपयोगको क्षेत्र
प्रसौनी,8 गाउँ,20,आवासीय क्षेत्र
प्रसौनी,8 गाउँ,21,आवासीय क्षेत्र
प्रसौनी,8 गाउँ,22,आवासीय क्षेत्र
प्रसौनी,8 गाउँ,23,आवासीय क्षेत्र
प्रसौनी,8 गाउँ,24,आवासीय क्षेत्र
प्रसौनी,8 गाउँ,25,आवासीय क्षेत्र
प्रसौनी,8 गाउँ,26,आवासीय क्षेत्र
प्रसौनी,8 गाउँ,27,आवासीय क्षेत्र
प्रसौनी,8 गाउँ,28,आवासीय क्षेत्र
प्रसौनी,8 गाउँ,29,आवासीय क्षेत्र
प्रसौनी,8 गाउँ,31,आवासीय क्षेत्र
प्रसौनी,8 गाउँ,32,आवासीय क्षेत्र
प्रसौनी,8 गाउँ,33,आवासीय क्षेत्र
प्रसौनी,8 गाउँ,34,आवासीय क्षेत्र
प्रसौनी,8 गाउँ,35,आवासीय क्षेत्र
प्रसौनी,8 गाउँ,36,आवासीय क्षेत्र
प्रसौनी,8 गाउँ,38,आवासीय क्षेत्र
प्रसौनी,8 गाउँ,39,आवासीय क्षेत्र
प्रसौनी,8 गाउँ,41,आवासीय क्षेत्र
प्रसौनी,8 गाउँ,42,आवासीय क्षेत्र
प्रसौनी,8 गाउँ,43,आवासीय क्षेत्र
प्रसौनी,8 गाउँ,44,आवासीय क्षेत्र
प्रसौनी,8 गाउँ,45,आवासीय क्षेत्र
प्रसौनी,8 गाउँ,46,आवासीय क्षेत्र
प्रसौनी,8 गाउँ,47,आवासीय क्षेत्र
प्रसौनी,8 गाउँ,49,आवासीय क्षेत्र
प्रसौनी,8 गाउँ,50,आवासीय क्षेत्र
प्रसौनी,8 गाउँ,51,आवासीय क्षेत्र
प्रसौनी,8 गाउँ,52,आवासीय क्षेत्र
प्रसौनी,8 गाउँ,54,आवासीय क्षेत्र
प्रसौनी,8 गाउँ,55,आवासीय क्षेत्र
प्रसौनी,8 गाउँ,56,आवासीय क्षेत्र
प्रसौनी,8 गाउँ,57,आवासीय क्षेत्र
प्रसौनी,8 गाउँ,59,आवासीय क्षेत्र
प्रसौनी,8 गाउँ,60,आवासीय क्षेत्र
प्रसौनी,8 गाउँ,61,आवासीय क्षेत्र
प्रसौनी,8 गाउँ,63,आवासीय क्षेत्र
प्रसौनी,8 गाउँ,64,आवासीय क्षेत्र
प्रसौनी,8 गाउँ,65,आवासीय क्षेत्र
प्रसौनी,8 गाउँ,66,आवासीय क्षेत्र
प्रसौनी,8 गाउँ,67,आवासीय क्षेत्र
प्रसौनी,8 गाउँ,68,आवासीय क्षेत्र
प्रसौनी,8 गाउँ,69,आवासीय क्षेत्र
प्रसौनी,8 गाउँ,70,आवासीय क्षेत्र
प्रसौनी,8 गाउँ,73,आवासीय क्षेत्र
प्रसौनी,8 गाउँ,74,आवासीय क्षेत्र
प्रसौनी,8 गाउँ,75,आवासीय क्षेत्र
प्रसौनी,8 गाउँ,76,आवासीय क्षेत्र
प्रसौनी,8 गाउँ,77,आवासीय क्षेत्र
प्रसौनी,8 गाउँ,78,आवासीय क्षेत्र
प्रसौनी,8 गाउँ,106,आवासीय क्षेत्र
प्रसौनी,8 गाउँ,107,आवासीय क्षेत्र
प्रसौनी,8 नहर,0,आवासीय क्षेत्र
प्रसौनी,8 नहर,83,कृषि क्षेत्र
प्रसौनी,8 नहर,93,कृषि क्षेत्र
प्रसौनी,8 नहर,94,कृषि क्षेत्र
प्रसौनी,8 नहर,95,कृषि क्षेत्र
प्रसौनी,8 नहर,106,कृषि क्षेत्र
प्रसौनी,8 नहर,122,कृषि क्षेत्र
प्रसौनी,8 नहर,129,आवासीय क्षेत्र
प्रसौनी,8 नहर,131,आवासीय क्षेत्र
प्रसौनी,8 नहर,141,आवासीय क्षेत्र
प्रसौनी,8 नहर,143,आवासीय क्षेत्र
प्रसौनी,8 नहर,233,आवासीय क्षेत्र
प्रसौनी,8 नहर,293,आवासीय क्षेत्र
प्रसौनी,8 नहर,361,आवासीय क्षेत्र
प्रसौनी,8 नहर,363,आवासीय क्षेत्र
प्रसौनी,8 नहर,365,आवासीय क्षेत्र
प्रसौनी,8 नहर,366,आवासीय क्षेत्र
प्रसौनी,8 नहर,367,आवासीय क्षेत्र
प्रसौनी,8 नहर,368,आवासीय क्षेत्र
प्रसौनी,8 नहर,370,कृषि क्षेत्र
प्रसौनी,8 नहर,373,कृषि क्षेत्र
प्रसौनी,8 नहर,375,कृषि क्षेत्र
प्रसौनी,8 नहर,376,आवासीय क्षेत्र
प्रसौनी,8 नहर,377,आवासीय क्षेत्र
प्रसौनी,8 नहर,378,आवासीय क्षेत्र
प्रसौनी,8 नहर,381,आवासीय क्षेत्र
प्रसौनी,8 नहर,382,आवासीय क्षेत्र
प्रसौनी,8 नहर,383,आवासीय क्षेत्र
प्रसौनी,8 नहर,384,आवासीय क्षेत्र
प्रसौनी,8 नहर,385,आवासीय क्षेत्र
प्रसौनी,8 नहर,386,आवासीय क्षेत्र
प्रसौनी,8 नहर,388,आवासीय क्षेत्र
प्रसौनी,8 नहर,390,आवासीय क्षेत्र
प्रसौनी,8 नहर,391,आवासीय क्षेत्र
प्रसौनी,8 नहर,392,आवासीय क्षेत्र
प्रसौनी,8 नहर,420,कृषि क्षेत्र
प्रसौनी,8 नहर,421,कृषि क्षेत्र
प्रसौनी,8 नहर,546,आवासीय क्षेत्र
प्रसौनी,8 नहर,547,आवासीय क्षेत्र
प्रसौनी,8 नहर,559,कृषि क्षेत्र
प्रसौनी,8 नहर,560,कृषि क्षेत्र
प्रसौनी,8 नहर,565,कृषि क्षेत्र
प्रसौनी,8 नहर,566,कृषि क्षेत्र
प्रसौनी,8 नहर,567,कृषि क्षेत्र
प्रसौनी,8 नहर,568,कृषि क्षेत्र
प्रसौनी,8 नहर,569,कृषि क्षेत्र
प्रसौनी,8 नहर,570,आवासीय क्षेत्र
प्रसौनी,8 नहर,572,कृषि क्षेत्र
प्रसौनी,8 नहर,573,कृषि क्षेत्र
प्रसौनी,8 नहर,574,कृषि क्षेत्र
प्रसौनी,8 नहर,575,कृषि क्षेत्र
प्रसौनी,8 नहर,576,कृषि क्षेत्र
प्रसौनी,8 नहर,577,कृषि क्षेत्र
प्रसौनी,8 नहर,631,आवासीय क्षेत्र
प्रसौनी,8 नहर,633,आवासीय क्षेत्र
प्रसौनी,8 नहर,634,आवासीय क्षेत्र
प्रसौनी,8 नहर,635,आवासीय क्षेत्र
प्रसौनी,8 नहर,636,आवासीय क्षेत्र
प्रसौनी,8 नहर,637,आवासीय क्षेत्र
प्रसौनी,8 नहर,670,कृषि क्षेत्र
प्रसौनी,8 नहर,671,कृषि क्षेत्र
प्रसौनी,8 नहर,672,कृषि क्षेत्र
प्रसौनी,8 नहर,701,आवासीय क्षेत्र
प्रसौनी,8 नहर,702,आवासीय क्षेत्र
प्रसौनी,8 नहर,744,आवासीय क्षेत्र
प्रसौनी,8 नहर,745,आवासीय क्षेत्र
प्रसौनी,8 नहर,747,आवासीय क्षेत्र
प्रसौनी,8 नहर,748,आवासीय क्षेत्र
प्रसौनी,8 नहर,825,आवासीय क्षेत्र
प्रसौनी,8 नहर,826,आवासीय क्षेत्र
प्रसौनी,8 नहर,833,कृषि क्षेत्र
प्रसौनी,8 नहर,834,कृषि क्षेत्र
प्रसौनी,8 नहर,866,कृषि क्षेत्र
प्रसौनी,8 नहर,867,कृषि क्षेत्र
प्रसौनी,8 नहर,880,आवासीय क्षेत्र
प्रसौनी,8 नहर,881,आवासीय क्षेत्र
प्रसौनी,8 नहर,883,आवासीय क्षेत्र
प्रसौनी,8 नहर,889,आवासीय क्षेत्र
प्रसौनी,8 नहर,890,आवासीय क्षेत्र
प्रसौनी,8 नहर,891,आवासीय क्षेत्र
प्रसौनी,8 नहर,892,आवासीय क्षेत्र
प्रसौनी,8 नहर,893,आवासीय क्षेत्र
प्रसौनी,8 नहर,99994,सार्वजनिक उपयोगको क्षेत्र
प्रसौनी,9,0,सार्वजनिक उपयोगको क्षेत्र
प्रसौनी,9,0,सार्वजनिक उपयोगको क्षेत्र
प्रसौनी,9,0,सार्वजनिक उपयोगको क्षेत्र
प्रसौनी,9,0,सार्वजनिक उपयोगको क्षेत्र
प्रसौनी,9,0,सार्वजनिक उपयोगको क्षेत्र
प्रसौनी,9,0,सार्वजनिक उपयोगको क्षेत्र
प्रसौनी,9,0,औद्योगिक क्षेत्र
प्रसौनी,9,0,कृषि क्षेत्र
प्रसौनी,9,0,कृषि क्षेत्र
प्रसौनी,9,1,औद्योगिक क्षेत्र
प्रसौनी,9,3,औद्योगिक क्षेत्र
प्रसौनी,9,4,औद्योगिक क्षेत्र
प्रसौनी,9,5,औद्योगिक क्षेत्र
प्रसौनी,9,6,औद्योगिक क्षेत्र
प्रसौनी,9,7,औद्योगिक क्षेत्र
प्रसौनी,9,8,औद्योगिक क्षेत्र
प्रसौनी,9,10,"नदी, खोला, ताल, सिमसार क्षेत्र"
प्रसौनी,9,11,आवासीय क्षेत्र
प्रसौनी,9,14,औद्योगिक क्षेत्र
प्रसौनी,9,15,औद्योगिक क्षेत्र
प्रसौनी,9,16,औद्योगिक क्षेत्र
प्रसौनी,9,17,औद्योगिक क्षेत्र
प्रसौनी,9,18,औद्योगिक क्षेत्र
प्रसौनी,9,20,औद्योगिक क्षेत्र
प्रसौनी,9,21,औद्योगिक क्षेत्र
प्रसौनी,9,22,औद्योगिक क्षेत्र
प्रसौनी,9,23,औद्योगिक क्षेत्र
प्रसौनी,9,24,औद्योगिक क्षेत्र
प्रसौनी,9,25,औद्योगिक क्षेत्र
प्रसौनी,9,26,औद्योगिक क्षेत्र
प्रसौनी,9,27,औद्योगिक क्षेत्र
प्रसौनी,9,28,आवासीय क्षेत्र
प्रसौनी,9,29,आवासीय क्षेत्र
प्रसौनी,9,30,आवासीय क्षेत्र
प्रसौनी,9,32,औद्योगिक क्षेत्र
प्रसौनी,9,33,औद्योगिक क्षेत्र
प्रसौनी,9,34,औद्योगिक क्षेत्र
प्रसौनी,9,35,व्यावसायिक क्षेत्र
प्रसौनी,9,36,व्यावसायिक क्षेत्र
प्रसौनी,9,37,व्यावसायिक क्षेत्र
प्रसौनी,9,38,औद्योगिक क्षेत्र
प्रसौनी,9,40,औद्योगिक क्षेत्र
प्रसौनी,9,43,कृषि क्षेत्र
प्रसौनी,9,44,कृषि क्षेत्र
प्रसौनी,9,46,कृषि क्षेत्र
प्रसौनी,9,47,कृषि क्षेत्र
प्रसौनी,9,50,आवासीय क्षेत्र
प्रसौनी,9,52,आवासीय क्षेत्र
प्रसौनी,9,54,आवासीय क्षेत्र
प्रसौनी,9,55,आवासीय क्षेत्र
प्रसौनी,9,56,आवासीय क्षेत्र
प्रसौनी,9,57,आवासीय क्षेत्र
प्रसौनी,9,58,आवासीय क्षेत्र
प्रसौनी,9,59,आवासीय क्षेत्र
प्रसौनी,9,60,आवासीय क्षेत्र
प्रसौनी,9,61,आवासीय क्षेत्र
प्रसौनी,9,62,आवासीय क्षेत्र
प्रसौनी,9,66,आवासीय क्षेत्र
प्रसौनी,9,67,आवासीय क्षेत्र
प्रसौनी,9,68,आवासीय क्षेत्र
प्रसौनी,9,69,आवासीय क्षेत्र
प्रसौनी,9,70,आवासीय क्षेत्र
प्रसौनी,9,72,आवासीय क्षेत्र
प्रसौनी,9,73,सार्वजनिक उपयोगको क्षेत्र
प्रसौनी,9,75,औद्योगिक क्षेत्र
प्रसौनी,9,76,औद्योगिक क्षेत्र
प्रसौनी,9,77,औद्योगिक क्षेत्र
प्रसौनी,9,78,कृषि क्षेत्र
प्रसौनी,9,80,आवासीय क्षेत्र
प्रसौनी,9,81,आवासीय क्षेत्र
प्रसौनी,9,106,आवासीय क्षेत्र
प्रसौनी,9,107,आवासीय क्षेत्र
प्रसौनी,9,108,आवासीय क्षेत्र
प्रसौनी,9,109,आवासीय क्षेत्र
प्रसौनी,9,119,आवासीय क्षेत्र
प्रसौनी,9,120,कृषि क्षेत्र
प्रसौनी,9,121,कृषि क्षेत्र
प्रसौनी,9,130,कृषि क्षेत्र
प्रसौनी,9,131,कृषि क्षेत्र
प्रसौनी,9,134,औद्योगिक क्षेत्र
प्रसौनी,9,136,व्यावसायिक क्षेत्र
प्रसौनी,9,137,व्यावसायिक क्षेत्र
प्रसौनी,9,177,औद्योगिक क्षेत्र
प्रसौनी,9,178,औद्योगिक क्षेत्र
प्रसौनी,9,179,कृषि क्षेत्र
प्रसौनी,9,180,कृषि क्षेत्र
प्रसौनी,9,188,कृषि क्षेत्र
प्रसौनी,9,189,कृषि क्षेत्र
प्रसौनी,9,190,कृषि क्षेत्र
प्रसौनी,9,191,कृषि क्षेत्र
प्रसौनी,9,202,आवासीय क्षेत्र
प्रसौनी,9,203,औद्योगिक क्षेत्र
प्रसौनी,9,204,औद्योगिक क्षेत्र
प्रसौनी,9,205,औद्योगिक क्षेत्र
प्रसौनी,9,206,औद्योगिक क्षेत्र
प्रसौनी,9,223,कृषि क्षेत्र
प्रसौनी,9,225,औद्योगिक क्षेत्र
प्रसौनी,9,230,आवासीय क्षेत्र
प्रसौनी,9,231,आवासीय क्षेत्र
प्रसौनी,9,236,आवासीय क्षेत्र
प्रसौनी,9,237,आवासीय क्षेत्र
प्रसौनी,9,250,औद्योगिक क्षेत्र
प्रसौनी,9,252,औद्योगिक क्षेत्र
प्रसौनी,9,253,औद्योगिक क्षेत्र
प्रसौनी,9,262,औद्योगिक क्षेत्र
प्रसौनी,9,263,औद्योगिक क्षेत्र
प्रसौनी,9,345,औद्योगिक क्षेत्र
प्रसौनी,9,347,औद्योगिक क्षेत्र
प्रसौनी,9,353,औद्योगिक क्षेत्र
प्रसौनी,9,354,औद्योगिक क्षेत्र
प्रसौनी,9,355,औद्योगिक क्षेत्र
प्रसौनी,9,356,औद्योगिक क्षेत्र
प्रसौनी,9,357,औद्योगिक क्षेत्र
प्रसौनी,9,358,औद्योगिक क्षेत्र
प्रसौनी,9,359,औद्योगिक क्षेत्र
प्रसौनी,9,379,कृषि क्षेत्र
प्रसौनी,9,380,कृषि क्षेत्र
प्रसौनी,9 गाउँ,0,सार्वजनिक उपयोगको क्षेत्र
प्रसौनी,9 गाउँ,0,आवासीय क्षेत्र
प्रसौनी,9 गाउँ,0,आवासीय क्षेत्र
प्रसौनी,9 गाउँ,0,आवासीय क्षेत्र
प्रसौनी,9 गाउँ,0,व्यावसायिक क्षेत्र
प्रसौनी,9 गाउँ,0,व्यावसायिक क्षेत्र
प्रसौनी,9 गाउँ,3,सार्वजनिक उपयोगको क्षेत्र
प्रसौनी,9 गाउँ,13,आवासीय क्षेत्र
प्रसौनी,9 गाउँ,14,आवासीय क्षेत्र
प्रसौनी,9 गाउँ,16,आवासीय क्षेत्र
प्रसौनी,9 गाउँ,17,आवासीय क्षेत्र
प्रसौनी,9 गाउँ,18,आवासीय क्षेत्र
प्रसौनी,9 गाउँ,19,आवासीय क्षेत्र
प्रसौनी,9 गाउँ,20,आवासीय क्षेत्र
प्रसौनी,9 गाउँ,21,आवासीय क्षेत्र
प्रसौनी,9 गाउँ,23,आवासीय क्षेत्र
प्रसौनी,9 गाउँ,23,आवासीय क्षेत्र
प्रसौनी,9 गाउँ,23,आवासीय क्षेत्र
प्रसौनी,9 गाउँ,24,आवासीय क्षेत्र
प्रसौनी,9 गाउँ,25,आवासीय क्षेत्र
प्रसौनी,9 गाउँ,27,आवासीय क्षेत्र
प्रसौनी,9 गाउँ,28,आवासीय क्षेत्र
प्रसौनी,9 गाउँ,29,आवासीय क्षेत्र
प्रसौनी,9 गाउँ,31,आवासीय क्षेत्र
प्रसौनी,9 गाउँ,32,आवासीय क्षेत्र
प्रसौनी,9 गाउँ,33,आवासीय क्षेत्र
प्रसौनी,9 गाउँ,34,आवासीय क्षेत्र
प्रसौनी,9 गाउँ,35,आवासीय क्षेत्र
प्रसौनी,9 गाउँ,36,आवासीय क्षेत्र
प्रसौनी,9 गाउँ,37,आवासीय क्षेत्र
प्रसौनी,9 गाउँ,38,आवासीय क्षेत्र
प्रसौनी,9 गाउँ,40,आवासीय क्षेत्र
प्रसौनी,9 गाउँ,41,आवासीय क्षेत्र
प्रसौनी,9 गाउँ,42,आवासीय क्षेत्र
प्रसौनी,9 गाउँ,42,आवासीय क्षेत्र
प्रसौनी,9 गाउँ,42,आवासीय क्षेत्र
प्रसौनी,9 गाउँ,43,आवासीय क्षेत्र
प्रसौनी,9 गाउँ,44,आवासीय क्षेत्र
प्रसौनी,9 गाउँ,45,आवासीय क्षेत्र
प्रसौनी,9 गाउँ,46,आवासीय क्षेत्र
प्रसौनी,9 गाउँ,48,आवासीय क्षेत्र
प्रसौनी,9 गाउँ,49,सार्वजनिक उपयोगको क्षेत्र
प्रसौनी,9 गाउँ,52,व्यावसायिक क्षेत्र
प्रसौनी,9 गाउँ,59,व्यावसायिक क्षेत्र
प्रसौनी,9 गाउँ,62,व्यावसायिक क्षेत्र
प्रसौनी,9 गाउँ,69,व्यावसायिक क्षेत्र
प्रसौनी,9 गाउँ,70,आवासीय क्षेत्र
प्रसौनी,9 गाउँ,71,व्यावसायिक क्षेत्र
प्रसौनी,9 गाउँ,72,व्यावसायिक क्षेत्र
प्रसौनी,9 गाउँ,73,आवासीय क्षेत्र
प्रसौनी,9 गाउँ,74,आवासीय क्षेत्र
प्रसौनी,9 गाउँ,75,आवासीय क्षेत्र
प्रसौनी,9 गाउँ,76,आवासीय क्षेत्र
प्रसौनी,9 गाउँ,77,आवासीय क्षेत्र
प्रसौनी,9 गाउँ,78,आवासीय क्षेत्र
प्रसौनी,9 गाउँ,83,व्यावसायिक क्षेत्र
प्रसौनी,9 गाउँ,85,व्यावसायिक क्षेत्र
प्रसौनी,9 गाउँ,88,व्यावसायिक क्षेत्र
प्रसौनी,9 गाउँ,89,व्यावसायिक क्षेत्र
प्रसौनी,9 गाउँ,90,व्यावसायिक क्षेत्र
प्रसौनी,9 गाउँ,91,व्यावसायिक क्षेत्र
प्रसौनी,9 गाउँ,92,व्यावसायिक क्षेत्र
प्रसौनी,9 गाउँ,94,व्यावसायिक क्षेत्र
प्रसौनी,9 गाउँ,97,व्यावसायिक क्षेत्र
प्रसौनी,9 गाउँ,99,व्यावसायिक क्षेत्र
प्रसौनी,9 गाउँ,100,व्यावसायिक क्षेत्र
प्रसौनी,9 गाउँ,101,व्यावसायिक क्षेत्र
प्रसौनी,9 गाउँ,102,व्यावसायिक क्षेत्र
प्रसौनी,9 गाउँ,104,आवासीय क्षेत्र
प्रसौनी,9 गाउँ,105,आवासीय क्षेत्र
प्रसौनी,9 गाउँ,108,आवासीय क्षेत्र
प्रसौनी,9 गाउँ,109,व्यावसायिक क्षेत्र
प्रसौनी,9 गाउँ,112,व्यावसायिक क्षेत्र
प्रसौनी,9 गाउँ,113,व्यावसायिक क्षेत्र
प्रसौनी,9 गाउँ,114,व्यावसायिक क्षेत्र
प्रसौनी,9 गाउँ,116,आवासीय क्षेत्र
प्रसौनी,9 गाउँ,118,व्यावसायिक क्षेत्र
प्रसौनी,9 गाउँ,120,आवासीय क्षेत्र
प्रसौनी,9 गाउँ,125,व्यावसायिक क्षेत्र
प्रसौनी,9 गाउँ,126,व्यावसायिक क्षेत्र
प्रसौनी,9 गाउँ,127,व्यावसायिक क्षेत्र
प्रसौनी,9 गाउँ,129,आवासीय क्षेत्र
प्रसौनी,9 गाउँ,130,आवासीय क्षेत्र
प्रसौनी,9 गाउँ,131,व्यावसायिक क्षेत्र
प्रसौनी,9 गाउँ,132,व्यावसायिक क्षेत्र
प्रसौनी,9 गाउँ,133,आवासीय क्षेत्र
प्रसौनी,9 गाउँ,134,आवासीय क्षेत्र
प्रसौनी,9 गाउँ,136,आवासीय क्षेत्र
प्रसौनी,9 गाउँ,137,आवासीय क्षेत्र
प्रसौनी,9 गाउँ,138,आवासीय क्षेत्र
प्रसौनी,9 गाउँ,141,आवासीय क्षेत्र
प्रसौनी,9 गाउँ,142,आवासीय क्षेत्र
प्रसौनी,9 गाउँ,143,आवासीय क्षेत्र
प्रसौनी,9 गाउँ,146,आवासीय क्षेत्र
प्रसौनी,9 गाउँ,147,आवासीय क्षेत्र
प्रसौनी,9 गाउँ,148,आवासीय क्षेत्र
प्रसौनी,9 गाउँ,149,आवासीय क्षेत्र
प्रसौनी,9 गाउँ,150,आवासीय क्षेत्र
प्रस्टोका,2,0,कृषि क्षेत्र
प्रस्टोका,2,0,कृषि क्षेत्र
प्रस्टोका,2,0,कृषि क्षेत्र
प्रस्टोका,2,125,कृषि क्षेत्र
प्रस्टोका,2,217,कृषि क्षेत्र
प्रस्टोका,2,227,कृषि क्षेत्र
प्रस्टोका,2,229,कृषि क्षेत्र
प्रस्टोका,2,232,कृषि क्षेत्र
प्रस्टोका,2,235,कृषि क्षेत्र
प्रस्टोका,2,244,कृषि क्षेत्र
प्रस्टोका,2,318,कृषि क्षेत्र
प्रस्टोका,2,338,कृषि क्षेत्र
प्रस्टोका,2,354,कृषि क्षेत्र
प्रस्टोका,2,355,कृषि क्षेत्र
प्रस्टोका,2,420,कृषि क्षेत्र
प्रस्टोका,2,421,कृषि क्षेत्र
प्रस्टोका,2,440,कृषि क्षेत्र
प्रस्टोका,2,441,कृषि क्षेत्र
प्रस्टोका,2,465,कृषि क्षेत्र
प्रस्टोका,2,467,कृषि क्षेत्र
प्रस्टोका,2,501,कृषि क्षेत्र
प्रस्टोका,2,615,कृषि क्षेत्र
प्रस्टोका,2,616,कृषि क्षेत्र
प्रस्टोका,2,701,कृषि क्षेत्र
प्रस्टोका,2,723,कृषि क्षेत्र
प्रस्टोका,2,725,कृषि क्षेत्र
प्रस्टोका,2,727,कृषि क्षेत्र
प्रस्टोका,2,843,कृषि क्षेत्र
प्रस्टोका,2,844,कृषि क्षेत्र
प्रस्टोका,2,852,कृषि क्षेत्र
प्रस्टोका,2,883,कृषि क्षेत्र
प्रस्टोका,2,884,कृषि क्षेत्र
प्रस्टोका,2,1104,कृषि क्षेत्र
प्रस्टोका,2,1105,कृषि क्षेत्र
प्रस्टोका,2,1106,कृषि क्षेत्र
प्रस्टोका,2,1107,कृषि क्षेत्र
प्रस्टोका,2,1312,कृषि क्षेत्र
प्रस्टोका,2,1313,कृषि क्षेत्र
प्रस्टोका,2,1336,कृषि क्षेत्र
प्रस्टोका,2,1437,कृषि क्षेत्र
प्रस्टोका,2,1438,कृषि क्षेत्र
प्रस्टोका,2,1554,कृषि क्षेत्र
प्रस्टोका,2,1555,कृषि क्षेत्र
प्रस्टोका,2,1614,कृषि क्षेत्र
प्रस्टोका,2,1615,कृषि क्षेत्र
प्रस्टोका,3,0,आवासीय क्षेत्र
प्रस्टोका,3,0,व्यावसायिक क्षेत्र
प्रस्टोका,3,0,व्यावसायिक क्षेत्र
प्रस्टोका,3,0,कृषि क्षेत्र
प्रस्टोका,3,0,आवासीय क्षेत्र
प्रस्टोका,3,0,कृषि क्षेत्र
प्रस्टोका,3,0,सार्वजनिक उपयोगको क्षेत्र
प्रस्टोका,3,0,"नदी, खोला, ताल, सिमसार क्षेत्र"
प्रस्टोका,3,1,कृषि क्षेत्र
प्रस्टोका,3,2,कृषि क्षेत्र
प्रस्टोका,3,3,कृषि क्षेत्र
प्रस्टोका,3,5,कृषि क्षेत्र
प्रस्टोका,3,8,कृषि क्षेत्र
प्रस्टोका,3,9,कृषि क्षेत्र
प्रस्टोका,3,10,कृषि क्षेत्र
प्रस्टोका,3,11,कृषि क्षेत्र
प्रस्टोका,3,12,कृषि क्षेत्र
प्रस्टोका,3,15,कृषि क्षेत्र
प्रस्टोका,3,16,कृषि क्षेत्र
प्रस्टोका,3,17,कृषि क्षेत्र
प्रस्टोका,3,18,कृषि क्षेत्र
प्रस्टोका,3,21,कृषि क्षेत्र
प्रस्टोका,3,27,कृषि क्षेत्र
प्रस्टोका,3,28,कृषि क्षेत्र
प्रस्टोका,3,30,कृषि क्षेत्र
प्रस्टोका,3,35,कृषि क्षेत्र
प्रस्टोका,3,38,कृषि क्षेत्र
प्रस्टोका,3,39,कृषि क्षेत्र
प्रस्टोका,3,40,कृषि क्षेत्र
प्रस्टोका,3,42,कृषि क्षेत्र
प्रस्टोका,3,45,कृषि क्षेत्र
प्रस्टोका,3,46,कृषि क्षेत्र
प्रस्टोका,3,51,कृषि क्षेत्र
प्रस्टोका,3,52,कृषि क्षेत्र
प्रस्टोका,3,54,कृषि क्षेत्र
प्रस्टोका,3,55,कृषि क्षेत्र
प्रस्टोका,3,56,कृषि क्षेत्र
प्रस्टोका,3,58,कृषि क्षेत्र
प्रस्टोका,3,59,कृषि क्षेत्र
प्रस्टोका,3,60,कृषि क्षेत्र
प्रस्टोका,3,61,कृषि क्षेत्र
प्रस्टोका,3,64,कृषि क्षेत्र
प्रस्टोका,3,65,कृषि क्षेत्र
प्रस्टोका,3,66,कृषि क्षेत्र
प्रस्टोका,3,67,कृषि क्षेत्र
प्रस्टोका,3,68,कृषि क्षेत्र
प्रस्टोका,3,69,कृषि क्षेत्र
प्रस्टोका,3,70,कृषि क्षेत्र
प्रस्टोका,3,71,कृषि क्षेत्र
प्रस्टोका,3,72,कृषि क्षेत्र
प्रस्टोका,3,73,कृषि क्षेत्र
प्रस्टोका,3,74,कृषि क्षेत्र
प्रस्टोका,3,76,कृषि क्षेत्र
प्रस्टोका,3,77,आवासीय क्षेत्र
प्रस्टोका,3,78,आवासीय क्षेत्र
प्रस्टोका,3,80,कृषि क्षेत्र
प्रस्टोका,3,82,आवासीय क्षेत्र
प्रस्टोका,3,86,कृषि क्षेत्र
प्रस्टोका,3,87,कृषि क्षेत्र
प्रस्टोका,3,88,कृषि क्षेत्र
प्रस्टोका,3,89,कृषि क्षेत्र
प्रस्टोका,3,92,कृषि क्षेत्र
प्रस्टोका,3,93,कृषि क्षेत्र
प्रस्टोका,3,94,कृषि क्षेत्र
प्रस्टोका,3,96,कृषि क्षेत्र
प्रस्टोका,3,98,कृषि क्षेत्र
प्रस्टोका,3,99,कृषि क्षेत्र
प्रस्टोका,3,100,कृषि क्षेत्र
प्रस्टोका,3,102,कृषि क्षेत्र
प्रस्टोका,3,103,कृषि क्षेत्र
प्रस्टोका,3,106,कृषि क्षेत्र
प्रस्टोका,3,107,कृषि क्षेत्र
प्रस्टोका,3,108,कृषि क्षेत्र
प्रस्टोका,3,111,कृषि क्षेत्र
प्रस्टोका,3,114,आवासीय क्षेत्र
प्रस्टोका,3,116,कृषि क्षेत्र
प्रस्टोका,3,118,आवासीय क्षेत्र
प्रस्टोका,3,119,कृषि क्षेत्र
प्रस्टोका,3,120,आवासीय क्षेत्र
प्रस्टोका,3,123,कृषि क्षेत्र
प्रस्टोका,3,125,कृषि क्षेत्र
प्रस्टोका,3,127,कृषि क्षेत्र
प्रस्टोका,3,131,आवासीय क्षेत्र
प्रस्टोका,3,132,आवासीय क्षेत्र
प्रस्टोका,3,133,आवासीय क्षेत्र
प्रस्टोका,3,134,आवासीय क्षेत्र
प्रस्टोका,3,135,आवासीय क्षेत्र
प्रस्टोका,3,138,आवासीय क्षेत्र
प्रस्टोका,3,138,आवासीय क्षेत्र
प्रस्टोका,3,139,कृषि क्षेत्र
प्रस्टोका,3,139,आवासीय क्षेत्र
प्रस्टोका,3,141,कृषि क्षेत्र
प्रस्टोका,3,142,आवासीय क्षेत्र
प्रस्टोका,3,143,कृषि क्षेत्र
प्रस्टोका,3,144,कृषि क्षेत्र
प्रस्टोका,3,145,कृषि क्षेत्र
प्रस्टोका,3,146,कृषि क्षेत्र
प्रस्टोका,3,147,कृषि क्षेत्र
प्रस्टोका,3,148,आवासीय क्षेत्र
प्रस्टोका,3,149,आवासीय क्षेत्र
प्रस्टोका,3,151,आवासीय क्षेत्र
प्रस्टोका,3,152,आवासीय क्षेत्र
प्रस्टोका,3,153,आवासीय क्षेत्र
प्रस्टोका,3,154,व्यावसायिक क्षेत्र
प्रस्टोका,3,155,आवासीय क्षेत्र
प्रस्टोका,3,156,व्यावसायिक क्षेत्र
प्रस्टोका,3,157,व्यावसायिक क्षेत्र
प्रस्टोका,3,159,आवासीय क्षेत्र
प्रस्टोका,3,159,आवासीय क्षेत्र
प्रस्टोका,3,160,आवासीय क्षेत्र
प्रस्टोका,3,160,आवासीय क्षेत्र
प्रस्टोका,3,163,व्यावसायिक क्षेत्र
प्रस्टोका,3,164,व्यावसायिक क्षेत्र
प्रस्टोका,3,165,व्यावसायिक क्षेत्र
प्रस्टोका,3,166,व्यावसायिक क्षेत्र
प्रस्टोका,3,166,व्यावसायिक क्षेत्र
प्रस्टोका,3,167,व्यावसायिक क्षेत्र
प्रस्टोका,3,167,आवासीय क्षेत्र
प्रस्टोका,3,168,व्यावसायिक क्षेत्र
प्रस्टोका,3,177,व्यावसायिक क्षेत्र
प्रस्टोका,3,178,व्यावसायिक क्षेत्र
प्रस्टोका,3,179,आवासीय क्षेत्र
प्रस्टोका,3,180,आवासीय क्षेत्र
प्रस्टोका,3,181,आवासीय क्षेत्र
प्रस्टोका,3,182,आवासीय क्षेत्र
प्रस्टोका,3,183,आवासीय क्षेत्र
प्रस्टोका,3,184,आवासीय क्षेत्र
प्रस्टोका,3,185,आवासीय क्षेत्र
प्रस्टोका,3,185,व्यावसायिक क्षेत्र
प्रस्टोका,3,186,व्यावसायिक क्षेत्र
प्रस्टोका,3,186,व्यावसायिक क्षेत्र
प्रस्टोका,3,188,आवासीय क्षेत्र
प्रस्टोका,3,189,आवासीय क्षेत्र
प्रस्टोका,3,190,आवासीय क्षेत्र
प्रस्टोका,3,191,आवासीय क्षेत्र
प्रस्टोका,3,192,आवासीय क्षेत्र
प्रस्टोका,3,193,आवासीय क्षेत्र
प्रस्टोका,3,194,आवासीय क्षेत्र
प्रस्टोका,3,198,आवासीय क्षेत्र
प्रस्टोका,3,199,आवासीय क्षेत्र
प्रस्टोका,3,200,आवासीय क्षेत्र
प्रस्टोका,3,201,आवासीय क्षेत्र
प्रस्टोका,3,203,आवासीय क्षेत्र
प्रस्टोका,3,204,आवासीय क्षेत्र
प्रस्टोका,3,205,आवासीय क्षेत्र
प्रस्टोका,3,206,आवासीय क्षेत्र
प्रस्टोका,3,207,आवासीय क्षेत्र
प्रस्टोका,3,208,आवासीय क्षेत्र
प्रस्टोका,3,209,आवासीय क्षेत्र
प्रस्टोका,3,210,आवासीय क्षेत्र
प्रस्टोका,3,211,आवासीय क्षेत्र
प्रस्टोका,3,212,आवासीय क्षेत्र
प्रस्टोका,3,213,आवासीय क्षेत्र
प्रस्टोका,3,214,आवासीय क्षेत्र
प्रस्टोका,3,215,आवासीय क्षेत्र
प्रस्टोका,3,216,आवासीय क्षेत्र
प्रस्टोका,3,217,आवासीय क्षेत्र
प्रस्टोका,3,218,आवासीय क्षेत्र
प्रस्टोका,3,219,आवासीय क्षेत्र
प्रस्टोका,3,220,आवासीय क्षेत्र
प्रस्टोका,3,224,आवासीय क्षेत्र
प्रस्टोका,3,225,आवासीय क्षेत्र
प्रस्टोका,3,226,आवासीय क्षेत्र
प्रस्टोका,3,227,आवासीय क्षेत्र
प्रस्टोका,3,228,कृषि क्षेत्र
प्रस्टोका,3,229,कृषि क्षेत्र
प्रस्टोका,3,230,कृषि क्षेत्र
प्रस्टोका,3,231,कृषि क्षेत्र
प्रस्टोका,3,233,कृषि क्षेत्र
प्रस्टोका,3,234,कृषि क्षेत्र
प्रस्टोका,3,235,कृषि क्षेत्र
प्रस्टोका,3,236,कृषि क्षेत्र
प्रस्टोका,3,237,कृषि क्षेत्र
प्रस्टोका,3,238,कृषि क्षेत्र
प्रस्टोका,3,239,कृषि क्षेत्र
प्रस्टोका,3,241,कृषि क्षेत्र
प्रस्टोका,3,242,कृषि क्षेत्र
प्रस्टोका,3,244,कृषि क्षेत्र
प्रस्टोका,3,245,कृषि क्षेत्र
प्रस्टोका,3,246,कृषि क्षेत्र
प्रस्टोका,3,247,कृषि क्षेत्र
प्रस्टोका,3,248,कृषि क्षेत्र
प्रस्टोका,3,250,कृषि क्षेत्र
प्रस्टोका,3,252,आवासीय क्षेत्र
प्रस्टोका,3,259,कृषि क्षेत्र
प्रस्टोका,3,260,कृषि क्षेत्र
प्रस्टोका,3,266,कृषि क्षेत्र
प्रस्टोका,3,268,कृषि क्षेत्र
प्रस्टोका,3,272,कृषि क्षेत्र
प्रस्टोका,3,278,कृषि क्षेत्र
प्रस्टोका,3,280,कृषि क्षेत्र
प्रस्टोका,3,284,आवासीय क्षेत्र
प्रस्टोका,3,285,आवासीय क्षेत्र
प्रस्टोका,3,293,कृषि क्षेत्र
प्रस्टोका,3,294,कृषि क्षेत्र
प्रस्टोका,3,295,आवासीय क्षेत्र
प्रस्टोका,3,296,आवासीय क्षेत्र
प्रस्टोका,3,297,कृषि क्षेत्र
प्रस्टोका,3,298,कृषि क्षेत्र
प्रस्टोका,3,300,कृषि क्षेत्र
प्रस्टोका,3,301,कृषि क्षेत्र
प्रस्टोका,3,321,कृषि क्षेत्र
प्रस्टोका,3,322,आवासीय क्षेत्र
प्रस्टोका,3,323,कृषि क्षेत्र
प्रस्टोका,3,325,कृषि क्षेत्र
प्रस्टोका,3,328,कृषि क्षेत्र
प्रस्टोका,3,329,आवासीय क्षेत्र
प्रस्टोका,3,329,कृषि क्षेत्र
प्रस्टोका,3,330,आवासीय क्षेत्र
प्रस्टोका,3,341,कृषि क्षेत्र
प्रस्टोका,3,341,कृषि क्षेत्र
प्रस्टोका,3,342,कृषि क्षेत्र
प्रस्टोका,3,342,कृषि क्षेत्र
प्रस्टोका,3,343,कृषि क्षेत्र
प्रस्टोका,3,344,कृषि क्षेत्र
प्रस्टोका,3,345,कृषि क्षेत्र
प्रस्टोका,3,346,कृषि क्षेत्र
प्रस्टोका,3,348,कृषि क्षेत्र
प्रस्टोका,3,349,कृषि क्षेत्र
प्रस्टोका,3,350,कृषि क्षेत्र
प्रस्टोका,3,355,कृषि क्षेत्र
प्रस्टोका,3,359,कृषि क्षेत्र
प्रस्टोका,3,360,कृषि क्षेत्र
प्रस्टोका,3,361,कृषि क्षेत्र
प्रस्टोका,3,362,आवासीय क्षेत्र
प्रस्टोका,3,363,आवासीय क्षेत्र
प्रस्टोका,3,368,कृषि क्षेत्र
प्रस्टोका,3,369,कृषि क्षेत्र
प्रस्टोका,3,371,आवासीय क्षेत्र
प्रस्टोका,3,374,कृषि क्षेत्र
प्रस्टोका,3,375,कृषि क्षेत्र
प्रस्टोका,3,376,कृषि क्षेत्र
प्रस्टोका,3,378,कृषि क्षेत्र
प्रस्टोका,3,380,आवासीय क्षेत्र
प्रस्टोका,3,381,आवासीय क्षेत्र
प्रस्टोका,3,385,आवासीय क्षेत्र
प्रस्टोका,3,386,आवासीय क्षेत्र
प्रस्टोका,3,397,कृषि क्षेत्र
प्रस्टोका,3,398,आवासीय क्षेत्र
प्रस्टोका,3,399,आवासीय क्षेत्र
प्रस्टोका,3,415,कृषि क्षेत्र
प्रस्टोका,3,420,कृषि क्षेत्र
प्रस्टोका,3,421,कृषि क्षेत्र
प्रस्टोका,3,432,कृषि क्षेत्र
प्रस्टोका,3,433,कृषि क्षेत्र
प्रस्टोका,3,436,कृषि क्षेत्र
प्रस्टोका,3,437,कृषि क्षेत्र
प्रस्टोका,3,438,कृषि क्षेत्र
प्रस्टोका,3,458,कृषि क्षेत्र
प्रस्टोका,3,459,कृषि क्षेत्र
प्रस्टोका,3,462,कृषि क्षेत्र
प्रस्टोका,3,464,कृषि क्षेत्र
प्रस्टोका,3,465,कृषि क्षेत्र
प्रस्टोका,3,465,कृषि क्षेत्र
प्रस्टोका,3,466,आवासीय क्षेत्र
प्रस्टोका,3,466,कृषि क्षेत्र
प्रस्टोका,3,467,आवासीय क्षेत्र
प्रस्टोका,3,468,आवासीय क्षेत्र
प्रस्टोका,3,469,आवासीय क्षेत्र
प्रस्टोका,3,472,कृषि क्षेत्र
प्रस्टोका,3,473,आवासीय क्षेत्र
प्रस्टोका,3,474,कृषि क्षेत्र
प्रस्टोका,3,476,कृषि क्षेत्र
प्रस्टोका,3,477,कृषि क्षेत्र
प्रस्टोका,3,493,कृषि क्षेत्र
प्रस्टोका,3,494,कृषि क्षेत्र
प्रस्टोका,3,497,कृषि क्षेत्र
प्रस्टोका,3,498,कृषि क्षेत्र
प्रस्टोका,3,501,आवासीय क्षेत्र
प्रस्टोका,3,503,कृषि क्षेत्र
प्रस्टोका,3,504,कृषि क्षेत्र
प्रस्टोका,3,513,कृषि क्षेत्र
प्रस्टोका,3,517,आवासीय क्षेत्र
प्रस्टोका,3,518,आवासीय क्षेत्र
प्रस्टोका,3,519,आवासीय क्षेत्र
प्रस्टोका,3,520,कृषि क्षेत्र
प्रस्टोका,3,526,कृषि क्षेत्र
प्रस्टोका,3,527,कृषि क्षेत्र
प्रस्टोका,3,536,कृषि क्षेत्र
प्रस्टोका,3,537,कृषि क्षेत्र
प्रस्टोका,3,546,कृषि क्षेत्र
प्रस्टोका,3,547,कृषि क्षेत्र
प्रस्टोका,3,550,कृषि क्षेत्र
प्रस्टोका,3,551,कृषि क्षेत्र
प्रस्टोका,3,552,कृषि क्षेत्र
प्रस्टोका,3,553,कृषि क्षेत्र
प्रस्टोका,3,560,व्यावसायिक क्षेत्र
प्रस्टोका,3,561,आवासीय क्षेत्र
प्रस्टोका,3,567,आवासीय क्षेत्र
प्रस्टोका,3,579,कृषि क्षेत्र
प्रस्टोका,3,580,कृषि क्षेत्र
प्रस्टोका,3,581,कृषि क्षेत्र
प्रस्टोका,3,582,कृषि क्षेत्र
प्रस्टोका,3,585,कृषि क्षेत्र
प्रस्टोका,3,586,कृषि क्षेत्र
प्रस्टोका,3,587,कृषि क्षेत्र
प्रस्टोका,3,592,कृषि क्षेत्र
प्रस्टोका,3,593,कृषि क्षेत्र
प्रस्टोका,3,594,कृषि क्षेत्र
प्रस्टोका,3,595,कृषि क्षेत्र
प्रस्टोका,3,598,कृषि क्षेत्र
प्रस्टोका,3,602,कृषि क्षेत्र
प्रस्टोका,3,603,कृषि क्षेत्र
प्रस्टोका,3,604,कृषि क्षेत्र
प्रस्टोका,3,616,कृषि क्षेत्र
प्रस्टोका,3,617,कृषि क्षेत्र
प्रस्टोका,3,626,कृषि क्षेत्र
प्रस्टोका,3,627,कृषि क्षेत्र
प्रस्टोका,3,635,कृषि क्षेत्र
प्रस्टोका,3,636,कृषि क्षेत्र
प्रस्टोका,3,647,आवासीय क्षेत्र
प्रस्टोका,3,648,आवासीय क्षेत्र
प्रस्टोका,3,667,कृषि क्षेत्र
प्रस्टोका,3,668,कृषि क्षेत्र
प्रस्टोका,3,669,आवासीय क्षेत्र
प्रस्टोका,3,672,कृषि क्षेत्र
प्रस्टोका,3,673,कृषि क्षेत्र
प्रस्टोका,3,677,कृषि क्षेत्र
प्रस्टोका,3,678,कृषि क्षेत्र
प्रस्टोका,3,909,कृषि क्षेत्र
प्रस्टोका,3,910,कृषि क्षेत्र
प्रस्टोका,3,911,कृषि क्षेत्र
प्रस्टोका,3,913,कृषि क्षेत्र
प्रस्टोका,3,914,कृषि क्षेत्र
प्रस्टोका,3,916,कृषि क्षेत्र
प्रस्टोका,3,917,कृषि क्षेत्र
प्रस्टोका,3,920,आवासीय क्षेत्र
प्रस्टोका,3,921,आवासीय क्षेत्र
प्रस्टोका,3,945,कृषि क्षेत्र
प्रस्टोका,3,946,कृषि क्षेत्र
प्रस्टोका,3,947,कृषि क्षेत्र
प्रस्टोका,3,959,कृषि क्षेत्र
प्रस्टोका,3,960,कृषि क्षेत्र
प्रस्टोका,3,961,कृषि क्षेत्र
प्रस्टोका,3,962,कृषि क्षेत्र
प्रस्टोका,3,972,कृषि क्षेत्र
प्रस्टोका,3,973,कृषि क्षेत्र
प्रस्टोका,3,974,कृषि क्षेत्र
प्रस्टोका,3,976,कृषि क्षेत्र
प्रस्टोका,3,985,कृषि क्षेत्र
प्रस्टोका,3,986,कृषि क्षेत्र
प्रस्टोका,3,993,कृषि क्षेत्र
प्रस्टोका,3,994,कृषि क्षेत्र
प्रस्टोका,3,995,कृषि क्षेत्र
प्रस्टोका,3,996,कृषि क्षेत्र
प्रस्टोका,3,997,कृषि क्षेत्र
प्रस्टोका,3,998,कृषि क्षेत्र
प्रस्टोका,3,999,कृषि क्षेत्र
प्रस्टोका,3,1000,कृषि क्षेत्र
प्रस्टोका,3,1001,कृषि क्षेत्र
प्रस्टोका,3,1002,कृषि क्षेत्र
प्रस्टोका,3,1003,कृषि क्षेत्र
प्रस्टोका,3,1004,कृषि क्षेत्र
प्रस्टोका,3,1005,कृषि क्षेत्र
प्रस्टोका,3,1006,कृषि क्षेत्र
प्रस्टोका,3,1007,कृषि क्षेत्र
प्रस्टोका,3,1008,कृषि क्षेत्र
प्रस्टोका,3,1009,कृषि क्षेत्र
प्रस्टोका,3,1010,कृषि क्षेत्र
प्रस्टोका,3,1011,कृषि क्षेत्र
प्रस्टोका,3,1014,कृषि क्षेत्र
प्रस्टोका,3,1015,कृषि क्षेत्र
प्रस्टोका,3,1016,कृषि क्षेत्र
प्रस्टोका,3,1027,कृषि क्षेत्र
प्रस्टोका,3,1028,कृषि क्षेत्र
प्रस्टोका,3,1029,आवासीय क्षेत्र
प्रस्टोका,3,1030,आवासीय क्षेत्र
प्रस्टोका,3,1031,आवासीय क्षेत्र
प्रस्टोका,3,1041,आवासीय क्षेत्र
प्रस्टोका,3,1042,आवासीय क्षेत्र
प्रस्टोका,3,1043,कृषि क्षेत्र
प्रस्टोका,3,1110,आवासीय क्षेत्र
प्रस्टोका,3,1111,आवासीय क्षेत्र
प्रस्टोका,3,1112,आवासीय क्षेत्र
प्रस्टोका,3,1113,कृषि क्षेत्र
प्रस्टोका,3,1114,कृषि क्षेत्र
प्रस्टोका,3,1117,आवासीय क्षेत्र
प्रस्टोका,3,1118,आवासीय क्षेत्र
प्रस्टोका,3,1119,आवासीय क्षेत्र
प्रस्टोका,3,1120,आवासीय क्षेत्र
प्रस्टोका,3 गाउँ,0,आवासीय क्षेत्र
प्रस्टोका,3 गाउँ,3,आवासीय क्षेत्र
प्रस्टोका,3 गाउँ,4,आवासीय क्षेत्र
प्रस्टोका,3 गाउँ,7,आवासीय क्षेत्र
प्रस्टोका,3 गाउँ,8,आवासीय क्षेत्र
प्रस्टोका,3 गाउँ,10,आवासीय क्षेत्र
प्रस्टोका,3 गाउँ,10,आवासीय क्षेत्र
प्रस्टोका,3 गाउँ,12,आवासीय क्षेत्र
प्रस्टोका,3 गाउँ,13,आवासीय क्षेत्र
प्रस्टोका,3 गाउँ,14,आवासीय क्षेत्र
प्रस्टोका,3 गाउँ,15,आवासीय क्षेत्र
प्रस्टोका,3 गाउँ,16,आवासीय क्षेत्र
प्रस्टोका,3 गाउँ,17,आवासीय क्षेत्र
प्रस्टोका,3 गाउँ,18,आवासीय क्षेत्र
प्रस्टोका,3 गाउँ,19,आवासीय क्षेत्र
प्रस्टोका,3 गाउँ,21,आवासीय क्षेत्र
प्रस्टोका,3 गाउँ,22,आवासीय क्षेत्र
प्रस्टोका,3 गाउँ,23,आवासीय क्षेत्र
प्रस्टोका,3 गाउँ,24,आवासीय क्षेत्र
प्रस्टोका,3 गाउँ,25,आवासीय क्षेत्र
प्रस्टोका,3 गाउँ,26,आवासीय क्षेत्र
प्रस्टोका,3 गाउँ,27,आवासीय क्षेत्र
प्रस्टोका,3 गाउँ,28,आवासीय क्षेत्र
प्रस्टोका,3 गाउँ,29,आवासीय क्षेत्र
प्रस्टोका,3 गाउँ,30,आवासीय क्षेत्र
प्रस्टोका,3 गाउँ,31,आवासीय क्षेत्र
प्रस्टोका,3 गाउँ,33,आवासीय क्षेत्र
प्रस्टोका,3 गाउँ,34,आवासीय क्षेत्र
प्रस्टोका,3 गाउँ,35,आवासीय क्षेत्र
प्रस्टोका,3 गाउँ,36,आवासीय क्षेत्र
प्रस्टोका,3 गाउँ,37,आवासीय क्षेत्र
प्रस्टोका,3 गाउँ,39,आवासीय क्षेत्र
प्रस्टोका,3 गाउँ,40,आवासीय क्षेत्र
प्रस्टोका,3 गाउँ,41,आवासीय क्षेत्र
प्रस्टोका,3 गाउँ,42,आवासीय क्षेत्र
प्रस्टोका,3 गाउँ,43,आवासीय क्षेत्र
प्रस्टोका,3 गाउँ,44,आवासीय क्षेत्र
प्रस्टोका,3 गाउँ,45,आवासीय क्षेत्र
प्रस्टोका,3 गाउँ,46,आवासीय क्षेत्र
प्रस्टोका,3 गाउँ,47,आवासीय क्षेत्र
प्रस्टोका,3 गाउँ,48,आवासीय क्षेत्र
प्रस्टोका,3 गाउँ,49,आवासीय क्षेत्र
प्रस्टोका,3 गाउँ,50,आवासीय क्षेत्र
प्रस्टोका,3 गाउँ,51,आवासीय क्षेत्र
प्रस्टोका,3 गाउँ,52,आवासीय क्षेत्र
प्रस्टोका,3 गाउँ,53,आवासीय क्षेत्र
प्रस्टोका,3 गाउँ,54,आवासीय क्षेत्र
प्रस्टोका,3 गाउँ,55,आवासीय क्षेत्र
प्रस्टोका,3 गाउँ,56,आवासीय क्षेत्र
प्रस्टोका,3 गाउँ,57,आवासीय क्षेत्र
प्रस्टोका,3 गाउँ,58,आवासीय क्षेत्र
प्रस्टोका,3 गाउँ,59,आवासीय क्षेत्र
प्रस्टोका,3 गाउँ,60,आवासीय क्षेत्र
प्रस्टोका,3 गाउँ,61,आवासीय क्षेत्र
प्रस्टोका,3 गाउँ,62,आवासीय क्षेत्र
प्रस्टोका,3 गाउँ,63,आवासीय क्षेत्र
प्रस्टोका,3 गाउँ,64,आवासीय क्षेत्र
प्रस्टोका,3 गाउँ,65,आवासीय क्षेत्र
प्रस्टोका,3 गाउँ,66,आवासीय क्षेत्र
प्रस्टोका,3 गाउँ,67,आवासीय क्षेत्र
प्रस्टोका,3 गाउँ,68,आवासीय क्षेत्र
प्रस्टोका,3 गाउँ,69,आवासीय क्षेत्र
प्रस्टोका,3 गाउँ,71,आवासीय क्षेत्र
प्रस्टोका,3 गाउँ,72,आवासीय क्षेत्र
प्रस्टोका,3 गाउँ,73,आवासीय क्षेत्र
प्रस्टोका,3 गाउँ,74,आवासीय क्षेत्र
प्रस्टोका,3 गाउँ,75,आवासीय क्षेत्र
प्रस्टोका,3 गाउँ,76,आवासीय क्षेत्र
प्रस्टोका,3 गाउँ,78,आवासीय क्षेत्र
प्रस्टोका,3 गाउँ,79,आवासीय क्षेत्र
प्रस्टोका,3 गाउँ,80,आवासीय क्षेत्र
प्रस्टोका,3 गाउँ,81,आवासीय क्षेत्र
प्रस्टोका,3 गाउँ,83,आवासीय क्षेत्र
प्रस्टोका,3 गाउँ,85,आवासीय क्षेत्र
प्रस्टोका,3 गाउँ,88,आवासीय क्षेत्र
प्रस्टोका,3 गाउँ,89,आवासीय क्षेत्र
प्रस्टोका,3 गाउँ,90,आवासीय क्षेत्र
प्रस्टोका,3 गाउँ,91,आवासीय क्षेत्र
प्रस्टोका,3 गाउँ,93,आवासीय क्षेत्र
प्रस्टोका,3 गाउँ,96,आवासीय क्षेत्र
प्रस्टोका,3 गाउँ,99,आवासीय क्षेत्र
प्रस्टोका,3 गाउँ,101,आवासीय क्षेत्र
प्रस्टोका,3 गाउँ,105,आवासीय क्षेत्र
प्रस्टोका,3 गाउँ,106,आवासीय क्षेत्र
प्रस्टोका,3 गाउँ,107,आवासीय क्षेत्र
प्रस्टोका,3 गाउँ,108,आवासीय क्षेत्र
प्रस्टोका,3 गाउँ,109,आवासीय क्षेत्र
प्रस्टोका,3 गाउँ,109,आवासीय क्षेत्र
प्रस्टोका,3 गाउँ,110,आवासीय क्षेत्र
प्रस्टोका,3 गाउँ,111,आवासीय क्षेत्र
प्रस्टोका,3 गाउँ,112,आवासीय क्षेत्र
प्रस्टोका,3 गाउँ,113,आवासीय क्षेत्र
प्रस्टोका,3 गाउँ,114,आवासीय क्षेत्र
प्रस्टोका,3 गाउँ,115,आवासीय क्षेत्र
प्रस्टोका,3 गाउँ,116,आवासीय क्षेत्र
प्रस्टोका,3 गाउँ,118,आवासीय क्षेत्र
प्रस्टोका,3 गाउँ,121,आवासीय क्षेत्र
प्रस्टोका,3 गाउँ,122,आवासीय क्षेत्र
प्रस्टोका,3 गाउँ,123,आवासीय क्षेत्र
प्रस्टोका,3 गाउँ,124,आवासीय क्षेत्र
प्रस्टोका,3 गाउँ,127,आवासीय क्षेत्र
प्रस्टोका,3 गाउँ,137,आवासीय क्षेत्र
प्रस्टोका,3 गाउँ,138,आवासीय क्षेत्र
प्रस्टोका,3 गाउँ,139,आवासीय क्षेत्र
प्रस्टोका,3 गाउँ,140,आवासीय क्षेत्र
प्रस्टोका,3 गाउँ,141,आवासीय क्षेत्र
प्रस्टोका,3 गाउँ,143,आवासीय क्षेत्र
प्रस्टोका,3 गाउँ,144,आवासीय क्षेत्र
प्रस्टोका,3 गाउँ,145,आवासीय क्षेत्र
प्रस्टोका,3 गाउँ,146,आवासीय क्षेत्र
प्रस्टोका,3 गाउँ,147,आवासीय क्षेत्र
प्रस्टोका,3 गाउँ,148,आवासीय क्षेत्र
प्रस्टोका,3 गाउँ,149,आवासीय क्षेत्र
प्रस्टोका,3 गाउँ,156,आवासीय क्षेत्र
प्रस्टोका,3 गाउँ,157,आवासीय क्षेत्र
प्रस्टोका,3 गाउँ,158,आवासीय क्षेत्र
प्रस्टोका,3 गाउँ,159,आवासीय क्षेत्र
प्रस्टोका,3 गाउँ,160,आवासीय क्षेत्र
प्रस्टोका,4,0,आवासीय क्षेत्र
प्रस्टोका,4,0,आवासीय क्षेत्र
प्रस्टोका,4,0,आवासीय क्षेत्र
प्रस्टोका,4,0,कृषि क्षेत्र
प्रस्टोका,4,0,कृषि क्षेत्र
प्रस्टोका,4,0,कृषि क्षेत्र
प्रस्टोका,4,0,आवासीय क्षेत्र
प्रस्टोका,4,0,कृषि क्षेत्र
प्रस्टोका,4,0,आवासीय क्षेत्र
प्रस्टोका,4,0,कृषि क्षेत्र
प्रस्टोका,4,0,कृषि क्षेत्र
प्रस्टोका,4,0,कृषि क्षेत्र
प्रस्टोका,4,0,कृषि क्षेत्र
प्रस्टोका,4,0,कृषि क्षेत्र
प्रस्टोका,4,0,कृषि क्षेत्र
प्रस्टोका,4,3,कृषि क्षेत्र
प्रस्टोका,4,7,कृषि क्षेत्र
प्रस्टोका,4,9,"नदी, खोला, ताल, सिमसार क्षेत्र"
प्रस्टोका,4,10,कृषि क्षेत्र
प्रस्टोका,4,14,आवासीय क्षेत्र
प्रस्टोका,4,18,कृषि क्षेत्र
प्रस्टोका,4,19,कृषि क्षेत्र
प्रस्टोका,4,21,कृषि क्षेत्र
प्रस्टोका,4,23,कृषि क्षेत्र
प्रस्टोका,4,24,कृषि क्षेत्र
प्रस्टोका,4,25,कृषि क्षेत्र
प्रस्टोका,4,29,कृषि क्षेत्र
प्रस्टोका,4,31,कृषि क्षेत्र
प्रस्टोका,4,32,कृषि क्षेत्र
प्रस्टोका,4,35,कृषि क्षेत्र
प्रस्टोका,4,37,कृषि क्षेत्र
प्रस्टोका,4,38,कृषि क्षेत्र
प्रस्टोका,4,39,कृषि क्षेत्र
प्रस्टोका,4,40,कृषि क्षेत्र
प्रस्टोका,4,42,कृषि क्षेत्र
प्रस्टोका,4,43,कृषि क्षेत्र
प्रस्टोका,4,44,"नदी, खोला, ताल, सिमसार क्षेत्र"
प्रस्टोका,4,44,सार्वजनिक उपयोगको क्षेत्र
प्रस्टोका,4,44,सार्वजनिक उपयोगको क्षेत्र
प्रस्टोका,4,53,कृषि क्षेत्र
प्रस्टोका,4,56,कृषि क्षेत्र
प्रस्टोका,4,56,कृषि क्षेत्र
प्रस्टोका,4,57,कृषि क्षेत्र
प्रस्टोका,4,58,कृषि क्षेत्र
प्रस्टोका,4,59,कृषि क्षेत्र
प्रस्टोका,4,62,कृषि क्षेत्र
प्रस्टोका,4,64,कृषि क्षेत्र
प्रस्टोका,4,66,कृषि क्षेत्र
प्रस्टोका,4,68,कृषि क्षेत्र
प्रस्टोका,4,69,कृषि क्षेत्र
प्रस्टोका,4,72,कृषि क्षेत्र
प्रस्टोका,4,74,कृषि क्षेत्र
प्रस्टोका,4,75,कृषि क्षेत्र
प्रस्टोका,4,76,कृषि क्षेत्र
प्रस्टोका,4,77,कृषि क्षेत्र
प्रस्टोका,4,78,कृषि क्षेत्र
प्रस्टोका,4,79,कृषि क्षेत्र
प्रस्टोका,4,80,कृषि क्षेत्र
प्रस्टोका,4,82,कृषि क्षेत्र
प्रस्टोका,4,83,कृषि क्षेत्र
प्रस्टोका,4,84,कृषि क्षेत्र
प्रस्टोका,4,85,कृषि क्षेत्र
प्रस्टोका,4,86,कृषि क्षेत्र
प्रस्टोका,4,86,कृषि क्षेत्र
प्रस्टोका,4,90,कृषि क्षेत्र
प्रस्टोका,4,92,कृषि क्षेत्र
प्रस्टोका,4,93,कृषि क्षेत्र
प्रस्टोका,4,94,कृषि क्षेत्र
प्रस्टोका,4,95,कृषि क्षेत्र
प्रस्टोका,4,96,कृषि क्षेत्र
प्रस्टोका,4,97,कृषि क्षेत्र
प्रस्टोका,4,98,कृषि क्षेत्र
प्रस्टोका,4,100,कृषि क्षेत्र
प्रस्टोका,4,101,कृषि क्षेत्र
प्रस्टोका,4,102,कृषि क्षेत्र
प्रस्टोका,4,103,कृषि क्षेत्र
प्रस्टोका,4,107,कृषि क्षेत्र
प्रस्टोका,4,108,कृषि क्षेत्र
प्रस्टोका,4,109,कृषि क्षेत्र
प्रस्टोका,4,110,कृषि क्षेत्र
प्रस्टोका,4,111,कृषि क्षेत्र
प्रस्टोका,4,113,कृषि क्षेत्र
प्रस्टोका,4,114,कृषि क्षेत्र
प्रस्टोका,4,115,कृषि क्षेत्र
प्रस्टोका,4,117,कृषि क्षेत्र
प्रस्टोका,4,118,कृषि क्षेत्र
प्रस्टोका,4,119,कृषि क्षेत्र
प्रस्टोका,4,120,कृषि क्षेत्र
प्रस्टोका,4,121,कृषि क्षेत्र
प्रस्टोका,4,123,कृषि क्षेत्र
प्रस्टोका,4,126,कृषि क्षेत्र
प्रस्टोका,4,127,कृषि क्षेत्र
प्रस्टोका,4,128,कृषि क्षेत्र
प्रस्टोका,4,130,आवासीय क्षेत्र
प्रस्टोका,4,131,आवासीय क्षेत्र
प्रस्टोका,4,131,आवासीय क्षेत्र
प्रस्टोका,4,132,कृषि क्षेत्र
प्रस्टोका,4,135,आवासीय क्षेत्र
प्रस्टोका,4,138,आवासीय क्षेत्र
प्रस्टोका,4,139,आवासीय क्षेत्र
प्रस्टोका,4,141,आवासीय क्षेत्र
प्रस्टोका,4,142,आवासीय क्षेत्र
प्रस्टोका,4,143,आवासीय क्षेत्र
प्रस्टोका,4,144,आवासीय क्षेत्र
प्रस्टोका,4,145,आवासीय क्षेत्र
प्रस्टोका,4,147,आवासीय क्षेत्र
प्रस्टोका,4,148,आवासीय क्षेत्र
प्रस्टोका,4,149,कृषि क्षेत्र
प्रस्टोका,4,150,कृषि क्षेत्र
प्रस्टोका,4,151,कृषि क्षेत्र
प्रस्टोका,4,152,कृषि क्षेत्र
प्रस्टोका,4,153,कृषि क्षेत्र
प्रस्टोका,4,154,कृषि क्षेत्र
प्रस्टोका,4,155,कृषि क्षेत्र
प्रस्टोका,4,156,कृषि क्षेत्र
प्रस्टोका,4,158,कृषि क्षेत्र
प्रस्टोका,4,159,कृषि क्षेत्र
प्रस्टोका,4,160,आवासीय क्षेत्र
प्रस्टोका,4,162,आवासीय क्षेत्र
प्रस्टोका,4,163,आवासीय क्षेत्र
प्रस्टोका,4,164,कृषि क्षेत्र
प्रस्टोका,4,167,कृषि क्षेत्र
प्रस्टोका,4,168,कृषि क्षेत्र
प्रस्टोका,4,170,कृषि क्षेत्र
प्रस्टोका,4,171,कृषि क्षेत्र
प्रस्टोका,4,172,कृषि क्षेत्र
प्रस्टोका,4,173,कृषि क्षेत्र
प्रस्टोका,4,174,कृषि क्षेत्र
प्रस्टोका,4,175,कृषि क्षेत्र
प्रस्टोका,4,176,कृषि क्षेत्र
प्रस्टोका,4,177,कृषि क्षेत्र
प्रस्टोका,4,178,कृषि क्षेत्र
प्रस्टोका,4,179,आवासीय क्षेत्र
प्रस्टोका,4,180,आवासीय क्षेत्र
प्रस्टोका,4,181,आवासीय क्षेत्र
प्रस्टोका,4,182,आवासीय क्षेत्र
प्रस्टोका,4,183,आवासीय क्षेत्र
प्रस्टोका,4,183,आवासीय क्षेत्र
प्रस्टोका,4,184,आवासीय क्षेत्र
प्रस्टोका,4,185,आवासीय क्षेत्र
प्रस्टोका,4,186,आवासीय क्षेत्र
प्रस्टोका,4,189,कृषि क्षेत्र
प्रस्टोका,4,191,कृषि क्षेत्र
प्रस्टोका,4,192,कृषि क्षेत्र
प्रस्टोका,4,193,कृषि क्षेत्र
प्रस्टोका,4,194,कृषि क्षेत्र
प्रस्टोका,4,195,आवासीय क्षेत्र
प्रस्टोका,4,196,आवासीय क्षेत्र
प्रस्टोका,4,197,आवासीय क्षेत्र
प्रस्टोका,4,198,आवासीय क्षेत्र
प्रस्टोका,4,199,आवासीय क्षेत्र
प्रस्टोका,4,201,आवासीय क्षेत्र
प्रस्टोका,4,202,आवासीय क्षेत्र
प्रस्टोका,4,203,आवासीय क्षेत्र
प्रस्टोका,4,204,आवासीय क्षेत्र
प्रस्टोका,4,205,आवासीय क्षेत्र
प्रस्टोका,4,206,आवासीय क्षेत्र
प्रस्टोका,4,207,आवासीय क्षेत्र
प्रस्टोका,4,208,आवासीय क्षेत्र
प्रस्टोका,4,210,आवासीय क्षेत्र
प्रस्टोका,4,211,आवासीय क्षेत्र
प्रस्टोका,4,212,आवासीय क्षेत्र
प्रस्टोका,4,214,आवासीय क्षेत्र
प्रस्टोका,4,215,आवासीय क्षेत्र
प्रस्टोका,4,218,आवासीय क्षेत्र
प्रस्टोका,4,222,कृषि क्षेत्र
प्रस्टोका,4,223,कृषि क्षेत्र
प्रस्टोका,4,225,कृषि क्षेत्र
प्रस्टोका,4,226,आवासीय क्षेत्र
प्रस्टोका,4,228,आवासीय क्षेत्र
प्रस्टोका,4,230,कृषि क्षेत्र
प्रस्टोका,4,237,कृषि क्षेत्र
प्रस्टोका,4,238,कृषि क्षेत्र
प्रस्टोका,4,244,कृषि क्षेत्र
प्रस्टोका,4,245,कृषि क्षेत्र
प्रस्टोका,4,247,कृषि क्षेत्र
प्रस्टोका,4,248,कृषि क्षेत्र
प्रस्टोका,4,253,कृषि क्षेत्र
प्रस्टोका,4,254,आवासीय क्षेत्र
प्रस्टोका,4,255,आवासीय क्षेत्र
प्रस्टोका,4,262,कृषि क्षेत्र
प्रस्टोका,4,265,आवासीय क्षेत्र
प्रस्टोका,4,274,कृषि क्षेत्र
प्रस्टोका,4,275,कृषि क्षेत्र
प्रस्टोका,4,277,कृषि क्षेत्र
प्रस्टोका,4,279,कृषि क्षेत्र
प्रस्टोका,4,280,कृषि क्षेत्र
प्रस्टोका,4,281,कृषि क्षेत्र
प्रस्टोका,4,293,कृषि क्षेत्र
प्रस्टोका,4,297,कृषि क्षेत्र
प्रस्टोका,4,298,कृषि क्षेत्र
प्रस्टोका,4,302,कृषि क्षेत्र
प्रस्टोका,4,303,कृषि क्षेत्र
प्रस्टोका,4,321,कृषि क्षेत्र
प्रस्टोका,4,323,कृषि क्षेत्र
प्रस्टोका,4,324,कृषि क्षेत्र
प्रस्टोका,4,325,कृषि क्षेत्र
प्रस्टोका,4,326,कृषि क्षेत्र
प्रस्टोका,4,330,कृषि क्षेत्र
प्रस्टोका,4,331,कृषि क्षेत्र
प्रस्टोका,4,332,कृषि क्षेत्र
प्रस्टोका,4,333,कृषि क्षेत्र
प्रस्टोका,4,335,कृषि क्षेत्र
प्रस्टोका,4,340,कृषि क्षेत्र
प्रस्टोका,4,342,कृषि क्षेत्र
प्रस्टोका,4,343,कृषि क्षेत्र
प्रस्टोका,4,344,कृषि क्षेत्र
प्रस्टोका,4,345,कृषि क्षेत्र
प्रस्टोका,4,346,कृषि क्षेत्र
प्रस्टोका,4,351,कृषि क्षेत्र
प्रस्टोका,4,352,कृषि क्षेत्र
प्रस्टोका,4,353,कृषि क्षेत्र
प्रस्टोका,4,354,कृषि क्षेत्र
प्रस्टोका,4,355,कृषि क्षेत्र
प्रस्टोका,4,356,कृषि क्षेत्र
प्रस्टोका,4,357,कृषि क्षेत्र
प्रस्टोका,4,358,कृषि क्षेत्र
प्रस्टोका,4,359,कृषि क्षेत्र
प्रस्टोका,4,360,कृषि क्षेत्र
प्रस्टोका,4,361,कृषि क्षेत्र
प्रस्टोका,4,362,कृषि क्षेत्र
प्रस्टोका,4,363,कृषि क्षेत्र
प्रस्टोका,4,364,कृषि क्षेत्र
प्रस्टोका,4,365,कृषि क्षेत्र
प्रस्टोका,4,366,कृषि क्षेत्र
प्रस्टोका,4,371,कृषि क्षेत्र
प्रस्टोका,4,390,कृषि क्षेत्र
प्रस्टोका,4,393,कृषि क्षेत्र
प्रस्टोका,4,402,आवासीय क्षेत्र
प्रस्टोका,4,403,आवासीय क्षेत्र
प्रस्टोका,4,404,आवासीय क्षेत्र
प्रस्टोका,4,405,आवासीय क्षेत्र
प्रस्टोका,4,407,आवासीय क्षेत्र
प्रस्टोका,4,408,आवासीय क्षेत्र
प्रस्टोका,4,409,कृषि क्षेत्र
प्रस्टोका,4,410,कृषि क्षेत्र
प्रस्टोका,4,411,कृषि क्षेत्र
प्रस्टोका,4,412,कृषि क्षेत्र
प्रस्टोका,4,428,कृषि क्षेत्र
प्रस्टोका,4,429,कृषि क्षेत्र
प्रस्टोका,4,430,कृषि क्षेत्र
प्रस्टोका,4,442,कृषि क्षेत्र
प्रस्टोका,4,444,कृषि क्षेत्र
प्रस्टोका,4,445,कृषि क्षेत्र
प्रस्टोका,4,446,कृषि क्षेत्र
प्रस्टोका,4,447,कृषि क्षेत्र
प्रस्टोका,4,448,कृषि क्षेत्र
प्रस्टोका,4,473,कृषि क्षेत्र
प्रस्टोका,4,474,कृषि क्षेत्र
प्रस्टोका,4,475,कृषि क्षेत्र
प्रस्टोका,4,476,कृषि क्षेत्र
प्रस्टोका,4,477,कृषि क्षेत्र
प्रस्टोका,4,478,कृषि क्षेत्र
प्रस्टोका,4,479,कृषि क्षेत्र
प्रस्टोका,4,480,कृषि क्षेत्र
प्रस्टोका,4,481,कृषि क्षेत्र
प्रस्टोका,4,482,कृषि क्षेत्र
प्रस्टोका,4,483,कृषि क्षेत्र
प्रस्टोका,4,484,कृषि क्षेत्र
प्रस्टोका,4,485,कृषि क्षेत्र
प्रस्टोका,4,486,आवासीय क्षेत्र
प्रस्टोका,4,487,आवासीय क्षेत्र
प्रस्टोका,4,488,आवासीय क्षेत्र
प्रस्टोका,4,489,आवासीय क्षेत्र
प्रस्टोका,4,490,कृषि क्षेत्र
प्रस्टोका,4,491,कृषि क्षेत्र
प्रस्टोका,4,492,कृषि क्षेत्र
प्रस्टोका,4,493,कृषि क्षेत्र
प्रस्टोका,4,494,कृषि क्षेत्र
प्रस्टोका,4,495,कृषि क्षेत्र
प्रस्टोका,4,496,कृषि क्षेत्र
प्रस्टोका,4,505,कृषि क्षेत्र
प्रस्टोका,4,506,कृषि क्षेत्र
प्रस्टोका,4,520,कृषि क्षेत्र
प्रस्टोका,4,521,कृषि क्षेत्र
प्रस्टोका,4,522,कृषि क्षेत्र
प्रस्टोका,4,523,कृषि क्षेत्र
प्रस्टोका,4,524,कृषि क्षेत्र
प्रस्टोका,4,525,कृषि क्षेत्र
प्रस्टोका,4,530,कृषि क्षेत्र
प्रस्टोका,4,531,कृषि क्षेत्र
प्रस्टोका,4,536,कृषि क्षेत्र
प्रस्टोका,4,537,कृषि क्षेत्र
प्रस्टोका,4,544,कृषि क्षेत्र
प्रस्टोका,4,554,कृषि क्षेत्र
प्रस्टोका,4,555,कृषि क्षेत्र
प्रस्टोका,4,556,कृषि क्षेत्र
प्रस्टोका,4,557,कृषि क्षेत्र
प्रस्टोका,4,558,कृषि क्षेत्र
प्रस्टोका,4,564,कृषि क्षेत्र
प्रस्टोका,4,566,कृषि क्षेत्र
प्रस्टोका,4,567,कृषि क्षेत्र
प्रस्टोका,4,583,कृषि क्षेत्र
प्रस्टोका,4,584,कृषि क्षेत्र
प्रस्टोका,4,590,कृषि क्षेत्र
प्रस्टोका,4,591,कृषि क्षेत्र
प्रस्टोका,4,603,आवासीय क्षेत्र
प्रस्टोका,4,606,कृषि क्षेत्र
प्रस्टोका,4,643,कृषि क्षेत्र
प्रस्टोका,4,644,कृषि क्षेत्र
प्रस्टोका,4,654,आवासीय क्षेत्र
प्रस्टोका,4,655,आवासीय क्षेत्र
प्रस्टोका,4,656,आवासीय क्षेत्र
प्रस्टोका,4,664,आवासीय क्षेत्र
प्रस्टोका,4,665,आवासीय क्षेत्र
प्रस्टोका,4,668,कृषि क्षेत्र
प्रस्टोका,4,669,कृषि क्षेत्र
प्रस्टोका,4,672,आवासीय क्षेत्र
प्रस्टोका,4,673,आवासीय क्षेत्र
प्रस्टोका,4,674,आवासीय क्षेत्र
प्रस्टोका,4,683,कृषि क्षेत्र
प्रस्टोका,4,684,कृषि क्षेत्र
प्रस्टोका,4,685,कृषि क्षेत्र
प्रस्टोका,4,686,कृषि क्षेत्र
प्रस्टोका,4,689,कृषि क्षेत्र
प्रस्टोका,4,690,कृषि क्षेत्र
प्रस्टोका,4,691,कृषि क्षेत्र
प्रस्टोका,4,692,कृषि क्षेत्र
प्रस्टोका,4,693,कृषि क्षेत्र
प्रस्टोका,4,694,कृषि क्षेत्र
प्रस्टोका,4,695,कृषि क्षेत्र
प्रस्टोका,4,696,कृषि क्षेत्र
प्रस्टोका,4,697,कृषि क्षेत्र
प्रस्टोका,4,698,कृषि क्षेत्र
प्रस्टोका,4,704,कृषि क्षेत्र
प्रस्टोका,4,705,कृषि क्षेत्र
प्रस्टोका,4,716,कृषि क्षेत्र
प्रस्टोका,4,758,कृषि क्षेत्र
प्रस्टोका,4,759,कृषि क्षेत्र
प्रस्टोका,4,761,कृषि क्षेत्र
प्रस्टोका,4,762,कृषि क्षेत्र
प्रस्टोका,4,773,कृषि क्षेत्र
प्रस्टोका,4,774,आवासीय क्षेत्र
प्रस्टोका,4,774,आवासीय क्षेत्र
प्रस्टोका,4,775,कृषि क्षेत्र
प्रस्टोका,4,776,कृषि क्षेत्र
प्रस्टोका,4,777,आवासीय क्षेत्र
प्रस्टोका,4,778,कृषि क्षेत्र
प्रस्टोका,4,800,कृषि क्षेत्र
प्रस्टोका,4,801,कृषि क्षेत्र
प्रस्टोका,4,806,कृषि क्षेत्र
प्रस्टोका,4,808,कृषि क्षेत्र
प्रस्टोका,4,809,कृषि क्षेत्र
प्रस्टोका,4,811,कृषि क्षेत्र
प्रस्टोका,4,817,कृषि क्षेत्र
प्रस्टोका,4,818,कृषि क्षेत्र
प्रस्टोका,4,819,कृषि क्षेत्र
प्रस्टोका,4,820,कृषि क्षेत्र
प्रस्टोका,4,823,कृषि क्षेत्र
प्रस्टोका,4,824,कृषि क्षेत्र
प्रस्टोका,4,827,आवासीय क्षेत्र
प्रस्टोका,4,828,आवासीय क्षेत्र
प्रस्टोका,4,829,आवासीय क्षेत्र
प्रस्टोका,4,830,कृषि क्षेत्र
प्रस्टोका,4,831,कृषि क्षेत्र
प्रस्टोका,4,832,कृषि क्षेत्र
प्रस्टोका,4,833,कृषि क्षेत्र
प्रस्टोका,4,840,कृषि क्षेत्र
प्रस्टोका,4,843,कृषि क्षेत्र
प्रस्टोका,4,844,कृषि क्षेत्र
प्रस्टोका,4,845,कृषि क्षेत्र
प्रस्टोका,4,846,कृषि क्षेत्र
प्रस्टोका,4,847,कृषि क्षेत्र
प्रस्टोका,4,853,आवासीय क्षेत्र
प्रस्टोका,4,854,आवासीय क्षेत्र
प्रस्टोका,4,855,आवासीय क्षेत्र
प्रस्टोका,4,856,आवासीय क्षेत्र
प्रस्टोका,4 गाउँ,0,आवासीय क्षेत्र
प्रस्टोका,4 गाउँ,0,आवासीय क्षेत्र
प्रस्टोका,4 गाउँ,0,आवासीय क्षेत्र
प्रस्टोका,4 गाउँ,0,आवासीय क्षेत्र
प्रस्टोका,4 गाउँ,0,आवासीय क्षेत्र
प्रस्टोका,4 गाउँ,0,आवासीय क्षेत्र
प्रस्टोका,4 गाउँ,0,आवासीय क्षेत्र
प्रस्टोका,4 गाउँ,1,आवासीय क्षेत्र
प्रस्टोका,4 गाउँ,2,आवासीय क्षेत्र
प्रस्टोका,4 गाउँ,3,आवासीय क्षेत्र
प्रस्टोका,4 गाउँ,4,आवासीय क्षेत्र
प्रस्टोका,4 गाउँ,5,आवासीय क्षेत्र
प्रस्टोका,4 गाउँ,6,आवासीय क्षेत्र
प्रस्टोका,4 गाउँ,7,आवासीय क्षेत्र
प्रस्टोका,4 गाउँ,8,आवासीय क्षेत्र
प्रस्टोका,4 गाउँ,9,आवासीय क्षेत्र
प्रस्टोका,4 गाउँ,10,आवासीय क्षेत्र
प्रस्टोका,4 गाउँ,11,आवासीय क्षेत्र
प्रस्टोका,4 गाउँ,12,आवासीय क्षेत्र
प्रस्टोका,4 गाउँ,13,आवासीय क्षेत्र
प्रस्टोका,4 गाउँ,14,आवासीय क्षेत्र
प्रस्टोका,4 गाउँ,15,आवासीय क्षेत्र
प्रस्टोका,4 गाउँ,16,आवासीय क्षेत्र
प्रस्टोका,4 गाउँ,18,आवासीय क्षेत्र
प्रस्टोका,4 गाउँ,20,आवासीय क्षेत्र
प्रस्टोका,4 गाउँ,21,आवासीय क्षेत्र
प्रस्टोका,4 गाउँ,22,आवासीय क्षेत्र
प्रस्टोका,4 गाउँ,23,आवासीय क्षेत्र
प्रस्टोका,4 गाउँ,26,आवासीय क्षेत्र
प्रस्टोका,4 गाउँ,28,आवासीय क्षेत्र
प्रस्टोका,4 गाउँ,29,आवासीय क्षेत्र
प्रस्टोका,4 गाउँ,30,आवासीय क्षेत्र
प्रस्टोका,4 गाउँ,31,आवासीय क्षेत्र
प्रस्टोका,4 गाउँ,32,आवासीय क्षेत्र
प्रस्टोका,4 गाउँ,33,आवासीय क्षेत्र
प्रस्टोका,4 गाउँ,34,आवासीय क्षेत्र
प्रस्टोका,4 गाउँ,35,आवासीय क्षेत्र
प्रस्टोका,4 गाउँ,36,आवासीय क्षेत्र
प्रस्टोका,4 गाउँ,37,आवासीय क्षेत्र
प्रस्टोका,4 गाउँ,38,आवासीय क्षेत्र
प्रस्टोका,4 गाउँ,40,आवासीय क्षेत्र
प्रस्टोका,4 गाउँ,41,आवासीय क्षेत्र
प्रस्टोका,4 गाउँ,42,आवासीय क्षेत्र
प्रस्टोका,4 गाउँ,43,आवासीय क्षेत्र
प्रस्टोका,4 गाउँ,44,आवासीय क्षेत्र
प्रस्टोका,4 गाउँ,45,आवासीय क्षेत्र
प्रस्टोका,4 गाउँ,46,आवासीय क्षेत्र
प्रस्टोका,4 गाउँ,47,आवासीय क्षेत्र
प्रस्टोका,4 गाउँ,48,आवासीय क्षेत्र
प्रस्टोका,4 गाउँ,49,आवासीय क्षेत्र
प्रस्टोका,4 गाउँ,50,आवासीय क्षेत्र
प्रस्टोका,4 गाउँ,51,आवासीय क्षेत्र
प्रस्टोका,4 गाउँ,52,आवासीय क्षेत्र
प्रस्टोका,4 गाउँ,53,आवासीय क्षेत्र
प्रस्टोका,4 गाउँ,54,आवासीय क्षेत्र
प्रस्टोका,4 गाउँ,55,आवासीय क्षेत्र
प्रस्टोका,4 गाउँ,56,आवासीय क्षेत्र
प्रस्टोका,4 गाउँ,57,आवासीय क्षेत्र
प्रस्टोका,4 गाउँ,58,आवासीय क्षेत्र
प्रस्टोका,4 गाउँ,59,आवासीय क्षेत्र
प्रस्टोका,4 गाउँ,60,आवासीय क्षेत्र
प्रस्टोका,4 गाउँ,61,आवासीय क्षेत्र
प्रस्टोका,4 गाउँ,62,आवासीय क्षेत्र
प्रस्टोका,4 गाउँ,63,आवासीय क्षेत्र
प्रस्टोका,4 गाउँ,64,आवासीय क्षेत्र
प्रस्टोका,4 गाउँ,65,आवासीय क्षेत्र
प्रस्टोका,4 गाउँ,66,आवासीय क्षेत्र
प्रस्टोका,4 गाउँ,67,आवासीय क्षेत्र
प्रस्टोका,4 गाउँ,68,आवासीय क्षेत्र
प्रस्टोका,4 गाउँ,69,आवासीय क्षेत्र
प्रस्टोका,4 गाउँ,70,आवासीय क्षेत्र
प्रस्टोका,4 गाउँ,72,आवासीय क्षेत्र
प्रस्टोका,4 गाउँ,73,आवासीय क्षेत्र
प्रस्टोका,4 गाउँ,74,आवासीय क्षेत्र
प्रस्टोका,4 गाउँ,75,आवासीय क्षेत्र
प्रस्टोका,4 गाउँ,76,आवासीय क्षेत्र
प्रस्टोका,4 गाउँ,77,आवासीय क्षेत्र
प्रस्टोका,4 गाउँ,78,आवासीय क्षेत्र
प्रस्टोका,4 गाउँ,79,आवासीय क्षेत्र
प्रस्टोका,4 गाउँ,80,आवासीय क्षेत्र
प्रस्टोका,4 गाउँ,81,आवासीय क्षेत्र
प्रस्टोका,4 गाउँ,82,आवासीय क्षेत्र
प्रस्टोका,4 गाउँ,83,आवासीय क्षेत्र
प्रस्टोका,4 गाउँ,84,आवासीय क्षेत्र
प्रस्टोका,4 गाउँ,85,आवासीय क्षेत्र
प्रस्टोका,4 गाउँ,86,आवासीय क्षेत्र
प्रस्टोका,4 गाउँ,87,आवासीय क्षेत्र
प्रस्टोका,4 गाउँ,88,सार्वजनिक उपयोगको क्षेत्र
प्रस्टोका,4 गाउँ,89,सार्वजनिक उपयोगको क्षेत्र
प्रस्टोका,4 गाउँ,91,आवासीय क्षेत्र
प्रस्टोका,4 गाउँ,93,आवासीय क्षेत्र
प्रस्टोका,4 गाउँ,94,आवासीय क्षेत्र
प्रस्टोका,4 गाउँ,95,आवासीय क्षेत्र
प्रस्टोका,4 गाउँ,102,आवासीय क्षेत्र
प्रस्टोका,4 गाउँ,110,आवासीय क्षेत्र
प्रस्टोका,4 गाउँ,111,आवासीय क्षेत्र
प्रस्टोका,4 गाउँ,112,आवासीय क्षेत्र
प्रस्टोका,4 गाउँ,113,आवासीय क्षेत्र
प्रस्टोका,4 गाउँ,114,आवासीय क्षेत्र
प्रस्टोका,4 गाउँ,115,आवासीय क्षेत्र
प्रस्टोका,5 क,0,कृषि क्षेत्र
प्रस्टोका,5 क,0,आवासीय क्षेत्र
प्रस्टोका,5 क,0,आवासीय क्षेत्र
प्रस्टोका,5 क,0,आवासीय क्षेत्र
प्रस्टोका,5 क,0,कृषि क्षेत्र
प्रस्टोका,5 क,0,आवासीय क्षेत्र
प्रस्टोका,5 क,0,कृषि क्षेत्र
प्रस्टोका,5 क,0,आवासीय क्षेत्र
प्रस्टोका,5 क,0,आवासीय क्षेत्र
प्रस्टोका,5 क,0,आवासीय क्षेत्र
प्रस्टोका,5 क,0,कृषि क्षेत्र
प्रस्टोका,5 क,0,कृषि क्षेत्र
प्रस्टोका,5 क,0,आवासीय क्षेत्र
प्रस्टोका,5 क,0,कृषि क्षेत्र
प्रस्टोका,5 क,0,आवासीय क्षेत्र
प्रस्टोका,5 क,0,कृषि क्षेत्र
प्रस्टोका,5 क,0,आवासीय क्षेत्र
प्रस्टोका,5 क,0,आवासीय क्षेत्र
प्रस्टोका,5 क,0,आवासीय क्षेत्र
प्रस्टोका,5 क,0,आवासीय क्षेत्र
प्रस्टोका,5 क,0,आवासीय क्षेत्र
प्रस्टोका,5 क,0,आवासीय क्षेत्र
प्रस्टोका,5 क,0,आवासीय क्षेत्र
प्रस्टोका,5 क,0,आवासीय क्षेत्र
प्रस्टोका,5 क,0,आवासीय क्षेत्र
प्रस्टोका,5 क,0,आवासीय क्षेत्र
प्रस्टोका,5 क,0,आवासीय क्षेत्र
प्रस्टोका,5 क,0,आवासीय क्षेत्र
प्रस्टोका,5 क,0,आवासीय क्षेत्र
प्रस्टोका,5 क,0,आवासीय क्षेत्र
प्रस्टोका,5 क,0,आवासीय क्षेत्र
प्रस्टोका,5 क,0,आवासीय क्षेत्र
प्रस्टोका,5 क,0,आवासीय क्षेत्र
प्रस्टोका,5 क,0,आवासीय क्षेत्र
प्रस्टोका,5 क,0,आवासीय क्षेत्र
प्रस्टोका,5 क,0,आवासीय क्षेत्र
प्रस्टोका,5 क,0,आवासीय क्षेत्र
प्रस्टोका,5 क,0,आवासीय क्षेत्र
प्रस्टोका,5 क,0,आवासीय क्षेत्र
प्रस्टोका,5 क,0,आवासीय क्षेत्र
प्रस्टोका,5 क,0,आवासीय क्षेत्र
प्रस्टोका,5 क,0,कृषि क्षेत्र
प्रस्टोका,5 क,0,आवासीय क्षेत्र
प्रस्टोका,5 क,0,आवासीय क्षेत्र
प्रस्टोका,5 क,0,आवासीय क्षेत्र
प्रस्टोका,5 क,0,आवासीय क्षेत्र
प्रस्टोका,5 क,0,आवासीय क्षेत्र
प्रस्टोका,5 क,0,कृषि क्षेत्र
प्रस्टोका,5 क,0,कृषि क्षेत्र
प्रस्टोका,5 क,0,आवासीय क्षेत्र
प्रस्टोका,5 क,0,आवासीय क्षेत्र
प्रस्टोका,5 क,0,कृषि क्षेत्र
प्रस्टोका,5 क,0,कृषि क्षेत्र
प्रस्टोका,5 क,0,कृषि क्षेत्र
प्रस्टोका,5 क,0,कृषि क्षेत्र
प्रस्टोका,5 क,0,कृषि क्षेत्र
प्रस्टोका,5 क,0,कृषि क्षेत्र
प्रस्टोका,5 क,0,आवासीय क्षेत्र
प्रस्टोका,5 क,0,कृषि क्षेत्र
प्रस्टोका,5 क,0,आवासीय क्षेत्र
प्रस्टोका,5 क,0,आवासीय क्षेत्र
प्रस्टोका,5 क,0,कृषि क्षेत्र
प्रस्टोका,5 क,0,कृषि क्षेत्र
प्रस्टोका,5 क,0,कृषि क्षेत्र
प्रस्टोका,5 क,0,कृषि क्षेत्र
प्रस्टोका,5 क,0,कृषि क्षेत्र
प्रस्टोका,5 क,0,कृषि क्षेत्र
प्रस्टोका,5 क,0,कृषि क्षेत्र
प्रस्टोका,5 क,0,कृषि क्षेत्र
प्रस्टोका,5 क,0,कृषि क्षेत्र
प्रस्टोका,5 क,0,कृषि क्षेत्र
प्रस्टोका,5 क,0,कृषि क्षेत्र
प्रस्टोका,5 क,0,कृषि क्षेत्र
प्रस्टोका,5 क,0,कृषि क्षेत्र
प्रस्टोका,5 क,0,कृषि क्षेत्र
प्रस्टोका,5 क,0,कृषि क्षेत्र
प्रस्टोका,5 क,0,कृषि क्षेत्र
प्रस्टोका,5 क,0,कृषि क्षेत्र
प्रस्टोका,5 क,0,कृषि क्षेत्र
प्रस्टोका,5 क,0,कृषि क्षेत्र
प्रस्टोका,5 क,0,आवासीय क्षेत्र
प्रस्टोका,5 क,0,कृषि क्षेत्र
प्रस्टोका,5 क,0,कृषि क्षेत्र
प्रस्टोका,5 क,0,आवासीय क्षेत्र
प्रस्टोका,5 क,0,कृषि क्षेत्र
प्रस्टोका,5 क,0,आवासीय क्षेत्र
प्रस्टोका,5 क,0,कृषि क्षेत्र
प्रस्टोका,5 क,0,कृषि क्षेत्र
प्रस्टोका,5 क,0,कृषि क्षेत्र
प्रस्टोका,5 क,0,कृषि क्षेत्र
प्रस्टोका,5 क,0,कृषि क्षेत्र
प्रस्टोका,5 क,0,कृषि क्षेत्र
प्रस्टोका,5 क,0,आवासीय क्षेत्र
प्रस्टोका,5 क,0,कृषि क्षेत्र
प्रस्टोका,5 क,0,कृषि क्षेत्र
प्रस्टोका,5 क,0,कृषि क्षेत्र
प्रस्टोका,5 क,0,आवासीय क्षेत्र
प्रस्टोका,5 क,0,कृषि क्षेत्र
प्रस्टोका,5 क,0,कृषि क्षेत्र
प्रस्टोका,5 क,0,कृषि क्षेत्र
प्रस्टोका,5 क,0,कृषि क्षेत्र
प्रस्टोका,5 क,0,कृषि क्षेत्र
प्रस्टोका,5 क,0,कृषि क्षेत्र
प्रस्टोका,5 क,0,कृषि क्षेत्र
प्रस्टोका,5 क,0,कृषि क्षेत्र
प्रस्टोका,5 क,0,कृषि क्षेत्र
प्रस्टोका,5 क,0,कृषि क्षेत्र
प्रस्टोका,5 क,0,कृषि क्षेत्र
प्रस्टोका,5 क,0,कृषि क्षेत्र
प्रस्टोका,5 क,0,कृषि क्षेत्र
प्रस्टोका,5 क,0,कृषि क्षेत्र
प्रस्टोका,5 क,0,कृषि क्षेत्र
प्रस्टोका,5 क,0,कृषि क्षेत्र
प्रस्टोका,5 क,0,कृषि क्षेत्र
प्रस्टोका,5 क,0,कृषि क्षेत्र
प्रस्टोका,5 क,0,कृषि क्षेत्र
प्रस्टोका,5 क,0,कृषि क्षेत्र
प्रस्टोका,5 क,0,कृषि क्षेत्र
प्रस्टोका,5 क,0,कृषि क्षेत्र
प्रस्टोका,5 क,0,कृषि क्षेत्र
प्रस्टोका,5 क,0,कृषि क्षेत्र
प्रस्टोका,5 क,0,कृषि क्षेत्र
प्रस्टोका,5 क,0,कृषि क्षेत्र
प्रस्टोका,5 क,0,कृषि क्षेत्र
प्रस्टोका,5 क,0,कृषि क्षेत्र
प्रस्टोका,5 क,0,कृषि क्षेत्र
प्रस्टोका,5 क,0,कृषि क्षेत्र
प्रस्टोका,5 क,0,कृषि क्षेत्र
प्रस्टोका,5 क,0,कृषि क्षेत्र
प्रस्टोका,5 क,0,कृषि क्षेत्र
प्रस्टोका,5 क,0,कृषि क्षेत्र
प्रस्टोका,5 क,3,कृषि क्षेत्र
प्रस्टोका,5 क,4,कृषि क्षेत्र
प्रस्टोका,5 क,5,कृषि क्षेत्र
प्रस्टोका,5 क,6,कृषि क्षेत्र
प्रस्टोका,5 क,11,कृषि क्षेत्र
प्रस्टोका,5 क,11,कृषि क्षेत्र
प्रस्टोका,5 क,12,कृषि क्षेत्र
प्रस्टोका,5 क,14,कृषि क्षेत्र
प्रस्टोका,5 क,18,कृषि क्षेत्र
प्रस्टोका,5 क,21,कृषि क्षेत्र
प्रस्टोका,5 क,22,कृषि क्षेत्र
प्रस्टोका,5 क,23,कृषि क्षेत्र
प्रस्टोका,5 क,24,कृषि क्षेत्र
प्रस्टोका,5 क,25,कृषि क्षेत्र
प्रस्टोका,5 क,26,कृषि क्षेत्र
प्रस्टोका,5 क,27,कृषि क्षेत्र
प्रस्टोका,5 क,27,कृषि क्षेत्र
प्रस्टोका,5 क,28,कृषि क्षेत्र
प्रस्टोका,5 क,31,कृषि क्षेत्र
प्रस्टोका,5 क,33,कृषि क्षेत्र
प्रस्टोका,5 क,36,कृषि क्षेत्र
प्रस्टोका,5 क,39,कृषि क्षेत्र
प्रस्टोका,5 क,45,कृषि क्षेत्र
प्रस्टोका,5 क,48,कृषि क्षेत्र
प्रस्टोका,5 क,49,कृषि क्षेत्र
प्रस्टोका,5 क,50,कृषि क्षेत्र
प्रस्टोका,5 क,51,कृषि क्षेत्र
प्रस्टोका,5 क,55,कृषि क्षेत्र
प्रस्टोका,5 क,56,कृषि क्षेत्र
प्रस्टोका,5 क,57,कृषि क्षेत्र
प्रस्टोका,5 क,59,कृषि क्षेत्र
प्रस्टोका,5 क,63,कृषि क्षेत्र
प्रस्टोका,5 क,65,कृषि क्षेत्र
प्रस्टोका,5 क,66,कृषि क्षेत्र
प्रस्टोका,5 क,70,कृषि क्षेत्र
प्रस्टोका,5 क,71,कृषि क्षेत्र
प्रस्टोका,5 क,72,कृषि क्षेत्र
प्रस्टोका,5 क,73,कृषि क्षेत्र
प्रस्टोका,5 क,75,कृषि क्षेत्र
प्रस्टोका,5 क,76,कृषि क्षेत्र
प्रस्टोका,5 क,79,कृषि क्षेत्र
प्रस्टोका,5 क,82,कृषि क्षेत्र
प्रस्टोका,5 क,85,कृषि क्षेत्र
प्रस्टोका,5 क,87,कृषि क्षेत्र
प्रस्टोका,5 क,87,कृषि क्षेत्र
प्रस्टोका,5 क,88,कृषि क्षेत्र
प्रस्टोका,5 क,89,कृषि क्षेत्र
प्रस्टोका,5 क,90,कृषि क्षेत्र
प्रस्टोका,5 क,91,आवासीय क्षेत्र
प्रस्टोका,5 क,92,कृषि क्षेत्र
प्रस्टोका,5 क,93,कृषि क्षेत्र
प्रस्टोका,5 क,96,कृषि क्षेत्र
प्रस्टोका,5 क,98,कृषि क्षेत्र
प्रस्टोका,5 क,99,कृषि क्षेत्र
प्रस्टोका,5 क,100,कृषि क्षेत्र
प्रस्टोका,5 क,101,कृषि क्षेत्र
प्रस्टोका,5 क,103,कृषि क्षेत्र
प्रस्टोका,5 क,104,कृषि क्षेत्र
प्रस्टोका,5 क,106,कृषि क्षेत्र
प्रस्टोका,5 क,107,कृषि क्षेत्र
प्रस्टोका,5 क,109,कृषि क्षेत्र
प्रस्टोका,5 क,110,कृषि क्षेत्र
प्रस्टोका,5 क,112,कृषि क्षेत्र
प्रस्टोका,5 क,113,कृषि क्षेत्र
प्रस्टोका,5 क,114,कृषि क्षेत्र
प्रस्टोका,5 क,115,कृषि क्षेत्र
प्रस्टोका,5 क,116,कृषि क्षेत्र
प्रस्टोका,5 क,118,कृषि क्षेत्र
प्रस्टोका,5 क,119,कृषि क्षेत्र
प्रस्टोका,5 क,120,कृषि क्षेत्र
प्रस्टोका,5 क,122,कृषि क्षेत्र
प्रस्टोका,5 क,123,कृषि क्षेत्र
प्रस्टोका,5 क,128,कृषि क्षेत्र
प्रस्टोका,5 क,129,कृषि क्षेत्र
प्रस्टोका,5 क,130,कृषि क्षेत्र
प्रस्टोका,5 क,131,कृषि क्षेत्र
प्रस्टोका,5 क,134,कृषि क्षेत्र
प्रस्टोका,5 क,134,कृषि क्षेत्र
प्रस्टोका,5 क,135,कृषि क्षेत्र
प्रस्टोका,5 क,135,कृषि क्षेत्र
प्रस्टोका,5 क,136,कृषि क्षेत्र
प्रस्टोका,5 क,137,कृषि क्षेत्र
प्रस्टोका,5 क,138,कृषि क्षेत्र
प्रस्टोका,5 क,139,कृषि क्षेत्र
प्रस्टोका,5 क,140,कृषि क्षेत्र
प्रस्टोका,5 क,146,कृषि क्षेत्र
प्रस्टोका,5 क,148,कृषि क्षेत्र
प्रस्टोका,5 क,153,कृषि क्षेत्र
प्रस्टोका,5 क,154,कृषि क्षेत्र
प्रस्टोका,5 क,155,कृषि क्षेत्र
प्रस्टोका,5 क,156,कृषि क्षेत्र
प्रस्टोका,5 क,157,कृषि क्षेत्र
प्रस्टोका,5 क,158,कृषि क्षेत्र
प्रस्टोका,5 क,159,कृषि क्षेत्र
प्रस्टोका,5 क,160,कृषि क्षेत्र
प्रस्टोका,5 क,161,कृषि क्षेत्र
प्रस्टोका,5 क,162,कृषि क्षेत्र
प्रस्टोका,5 क,163,कृषि क्षेत्र
प्रस्टोका,5 क,164,कृषि क्षेत्र
प्रस्टोका,5 क,167,कृषि क्षेत्र
प्रस्टोका,5 क,169,कृषि क्षेत्र
प्रस्टोका,5 क,170,कृषि क्षेत्र
प्रस्टोका,5 क,173,कृषि क्षेत्र
प्रस्टोका,5 क,175,कृषि क्षेत्र
प्रस्टोका,5 क,176,कृषि क्षेत्र
प्रस्टोका,5 क,177,कृषि क्षेत्र
प्रस्टोका,5 क,179,कृषि क्षेत्र
प्रस्टोका,5 क,182,कृषि क्षेत्र
प्रस्टोका,5 क,183,कृषि क्षेत्र
प्रस्टोका,5 क,184,कृषि क्षेत्र
प्रस्टोका,5 क,186,कृषि क्षेत्र
प्रस्टोका,5 क,188,कृषि क्षेत्र
प्रस्टोका,5 क,190,कृषि क्षेत्र
प्रस्टोका,5 क,191,कृषि क्षेत्र
प्रस्टोका,5 क,194,कृषि क्षेत्र
प्रस्टोका,5 क,195,कृषि क्षेत्र
प्रस्टोका,5 क,196,कृषि क्षेत्र
प्रस्टोका,5 क,205,कृषि क्षेत्र
प्रस्टोका,5 क,206,कृषि क्षेत्र
प्रस्टोका,5 क,209,कृषि क्षेत्र
प्रस्टोका,5 क,210,कृषि क्षेत्र
प्रस्टोका,5 क,211,कृषि क्षेत्र
प्रस्टोका,5 क,212,कृषि क्षेत्र
प्रस्टोका,5 क,215,कृषि क्षेत्र
प्रस्टोका,5 क,222,कृषि क्षेत्र
प्रस्टोका,5 क,223,आवासीय क्षेत्र
प्रस्टोका,5 क,227,कृषि क्षेत्र
प्रस्टोका,5 क,228,आवासीय क्षेत्र
प्रस्टोका,5 क,229,आवासीय क्षेत्र
प्रस्टोका,5 क,230,कृषि क्षेत्र
प्रस्टोका,5 क,231,कृषि क्षेत्र
प्रस्टोका,5 क,232,आवासीय क्षेत्र
प्रस्टोका,5 क,234,कृषि क्षेत्र
प्रस्टोका,5 क,234,कृषि क्षेत्र
प्रस्टोका,5 क,235,आवासीय क्षेत्र
प्रस्टोका,5 क,238,कृषि क्षेत्र
प्रस्टोका,5 क,243,कृषि क्षेत्र
प्रस्टोका,5 क,244,कृषि क्षेत्र
प्रस्टोका,5 क,245,सार्वजनिक उपयोगको क्षेत्र
प्रस्टोका,5 क,246,कृषि क्षेत्र
प्रस्टोका,5 क,247,कृषि क्षेत्र
प्रस्टोका,5 क,248,कृषि क्षेत्र
प्रस्टोका,5 क,252,कृषि क्षेत्र
प्रस्टोका,5 क,253,कृषि क्षेत्र
प्रस्टोका,5 क,254,कृषि क्षेत्र
प्रस्टोका,5 क,255,कृषि क्षेत्र
प्रस्टोका,5 क,260,कृषि क्षेत्र
प्रस्टोका,5 क,261,कृषि क्षेत्र
प्रस्टोका,5 क,262,कृषि क्षेत्र
प्रस्टोका,5 क,266,कृषि क्षेत्र
प्रस्टोका,5 क,267,आवासीय क्षेत्र
प्रस्टोका,5 क,272,आवासीय क्षेत्र
प्रस्टोका,5 क,273,आवासीय क्षेत्र
प्रस्टोका,5 क,275,आवासीय क्षेत्र
प्रस्टोका,5 क,277,आवासीय क्षेत्र
प्रस्टोका,5 क,277,आवासीय क्षेत्र
प्रस्टोका,5 क,280,कृषि क्षेत्र
प्रस्टोका,5 क,281,आवासीय क्षेत्र
प्रस्टोका,5 क,281,आवासीय क्षेत्र
प्रस्टोका,5 क,281,आवासीय क्षेत्र
प्रस्टोका,5 क,281,आवासीय क्षेत्र
प्रस्टोका,5 क,281,आवासीय क्षेत्र
प्रस्टोका,5 क,282,आवासीय क्षेत्र
प्रस्टोका,5 क,283,आवासीय क्षेत्र
प्रस्टोका,5 क,284,आवासीय क्षेत्र
प्रस्टोका,5 क,291,आवासीय क्षेत्र
प्रस्टोका,5 क,292,आवासीय क्षेत्र
प्रस्टोका,5 क,293,कृषि क्षेत्र
प्रस्टोका,5 क,296,कृषि क्षेत्र
प्रस्टोका,5 क,297,कृषि क्षेत्र
प्रस्टोका,5 क,299,आवासीय क्षेत्र
प्रस्टोका,5 क,299,कृषि क्षेत्र
प्रस्टोका,5 क,300,आवासीय क्षेत्र
प्रस्टोका,5 क,305,आवासीय क्षेत्र
प्रस्टोका,5 क,310,आवासीय क्षेत्र
प्रस्टोका,5 क,311,आवासीय क्षेत्र
प्रस्टोका,5 क,312,आवासीय क्षेत्र
प्रस्टोका,5 क,314,आवासीय क्षेत्र
प्रस्टोका,5 क,325,कृषि क्षेत्र
प्रस्टोका,5 क,326,कृषि क्षेत्र
प्रस्टोका,5 क,327,कृषि क्षेत्र
प्रस्टोका,5 क,330,कृषि क्षेत्र
प्रस्टोका,5 क,333,कृषि क्षेत्र
प्रस्टोका,5 क,341,कृषि क्षेत्र
प्रस्टोका,5 क,342,कृषि क्षेत्र
प्रस्टोका,5 क,344,कृषि क्षेत्र
प्रस्टोका,5 क,346,कृषि क्षेत्र
प्रस्टोका,5 क,346,कृषि क्षेत्र
प्रस्टोका,5 क,348,कृषि क्षेत्र
प्रस्टोका,5 क,349,कृषि क्षेत्र
प्रस्टोका,5 क,354,आवासीय क्षेत्र
प्रस्टोका,5 क,359,आवासीय क्षेत्र
प्रस्टोका,5 क,360,आवासीय क्षेत्र
प्रस्टोका,5 क,363,कृषि क्षेत्र
प्रस्टोका,5 क,365,कृषि क्षेत्र
प्रस्टोका,5 क,366,कृषि क्षेत्र
प्रस्टोका,5 क,368,कृषि क्षेत्र
प्रस्टोका,5 क,370,आवासीय क्षेत्र
प्रस्टोका,5 क,370,आवासीय क्षेत्र
प्रस्टोका,5 क,372,आवासीय क्षेत्र
प्रस्टोका,5 क,373,आवासीय क्षेत्र
प्रस्टोका,5 क,378,आवासीय क्षेत्र
प्रस्टोका,5 क,379,आवासीय क्षेत्र
प्रस्टोका,5 क,380,आवासीय क्षेत्र
प्रस्टोका,5 क,383,आवासीय क्षेत्र
प्रस्टोका,5 क,384,आवासीय क्षेत्र
प्रस्टोका,5 क,393,आवासीय क्षेत्र
प्रस्टोका,5 क,394,आवासीय क्षेत्र
प्रस्टोका,5 क,395,आवासीय क्षेत्र
प्रस्टोका,5 क,397,आवासीय क्षेत्र
प्रस्टोका,5 क,401,आवासीय क्षेत्र
प्रस्टोका,5 क,402,आवासीय क्षेत्र
प्रस्टोका,5 क,406,आवासीय क्षेत्र
प्रस्टोका,5 क,407,आवासीय क्षेत्र
प्रस्टोका,5 क,408,आवासीय क्षेत्र
प्रस्टोका,5 क,409,आवासीय क्षेत्र
प्रस्टोका,5 क,410,आवासीय क्षेत्र
प्रस्टोका,5 क,413,आवासीय क्षेत्र
प्रस्टोका,5 क,416,आवासीय क्षेत्र
प्रस्टोका,5 क,417,आवासीय क्षेत्र
प्रस्टोका,5 क,419,कृषि क्षेत्र
प्रस्टोका,5 क,420,कृषि क्षेत्र
प्रस्टोका,5 क,423,आवासीय क्षेत्र
प्रस्टोका,5 क,430,आवासीय क्षेत्र
प्रस्टोका,5 क,431,आवासीय क्षेत्र
प्रस्टोका,5 क,433,आवासीय क्षेत्र
प्रस्टोका,5 क,435,आवासीय क्षेत्र
प्रस्टोका,5 क,435,आवासीय क्षेत्र
प्रस्टोका,5 क,438,आवासीय क्षेत्र
प्रस्टोका,5 क,447,आवासीय क्षेत्र
प्रस्टोका,5 क,466,आवासीय क्षेत्र
प्रस्टोका,5 क,475,कृषि क्षेत्र
प्रस्टोका,5 क,477,कृषि क्षेत्र
प्रस्टोका,5 क,478,आवासीय क्षेत्र
प्रस्टोका,5 क,478,कृषि क्षेत्र
प्रस्टोका,5 क,482,कृषि क्षेत्र
प्रस्टोका,5 क,483,आवासीय क्षेत्र
प्रस्टोका,5 क,484,आवासीय क्षेत्र
प्रस्टोका,5 क,485,आवासीय क्षेत्र
प्रस्टोका,5 क,486,आवासीय क्षेत्र
प्रस्टोका,5 क,487,आवासीय क्षेत्र
प्रस्टोका,5 क,488,कृषि क्षेत्र
प्रस्टोका,5 क,489,कृषि क्षेत्र
प्रस्टोका,5 क,491,आवासीय क्षेत्र
प्रस्टोका,5 क,492,कृषि क्षेत्र
प्रस्टोका,5 क,493,कृषि क्षेत्र
प्रस्टोका,5 क,498,कृषि क्षेत्र
प्रस्टोका,5 क,499,कृषि क्षेत्र
प्रस्टोका,5 क,509,आवासीय क्षेत्र
प्रस्टोका,5 क,512,कृषि क्षेत्र
प्रस्टोका,5 क,513,कृषि क्षेत्र
प्रस्टोका,5 क,514,कृषि क्षेत्र
प्रस्टोका,5 क,515,कृषि क्षेत्र
प्रस्टोका,5 क,516,कृषि क्षेत्र
प्रस्टोका,5 क,517,कृषि क्षेत्र
प्रस्टोका,5 क,518,कृषि क्षेत्र
प्रस्टोका,5 क,519,कृषि क्षेत्र
प्रस्टोका,5 क,520,कृषि क्षेत्र
प्रस्टोका,5 क,521,कृषि क्षेत्र
प्रस्टोका,5 क,522,आवासीय क्षेत्र
प्रस्टोका,5 क,528,कृषि क्षेत्र
प्रस्टोका,5 क,529,कृषि क्षेत्र
प्रस्टोका,5 क,530,कृषि क्षेत्र
प्रस्टोका,5 क,531,कृषि क्षेत्र
प्रस्टोका,5 क,536,आवासीय क्षेत्र
प्रस्टोका,5 क,537,आवासीय क्षेत्र
प्रस्टोका,5 क,538,आवासीय क्षेत्र
प्रस्टोका,5 क,550,कृषि क्षेत्र
प्रस्टोका,5 क,553,कृषि क्षेत्र
प्रस्टोका,5 क,568,आवासीय क्षेत्र
प्रस्टोका,5 क,569,आवासीय क्षेत्र
प्रस्टोका,5 क,570,कृषि क्षेत्र
प्रस्टोका,5 क,572,कृषि क्षेत्र
प्रस्टोका,5 क,576,कृषि क्षेत्र
प्रस्टोका,5 क,578,कृषि क्षेत्र
प्रस्टोका,5 क,579,कृषि क्षेत्र
प्रस्टोका,5 क,584,कृषि क्षेत्र
प्रस्टोका,5 क,586,आवासीय क्षेत्र
प्रस्टोका,5 क,587,आवासीय क्षेत्र
प्रस्टोका,5 क,588,आवासीय क्षेत्र
प्रस्टोका,5 क,588,आवासीय क्षेत्र
प्रस्टोका,5 क,589,आवासीय क्षेत्र
प्रस्टोका,5 क,589,आवासीय क्षेत्र
प्रस्टोका,5 क,593,कृषि क्षेत्र
प्रस्टोका,5 क,594,कृषि क्षेत्र
प्रस्टोका,5 क,595,कृषि क्षेत्र
प्रस्टोका,5 क,600,कृषि क्षेत्र
प्रस्टोका,5 क,601,कृषि क्षेत्र
प्रस्टोका,5 क,602,कृषि क्षेत्र
प्रस्टोका,5 क,616,कृषि क्षेत्र
प्रस्टोका,5 क,617,कृषि क्षेत्र
प्रस्टोका,5 क,644,कृषि क्षेत्र
प्रस्टोका,5 क,645,कृषि क्षेत्र
प्रस्टोका,5 क,647,आवासीय क्षेत्र
प्रस्टोका,5 क,648,आवासीय क्षेत्र
प्रस्टोका,5 क,653,आवासीय क्षेत्र
प्रस्टोका,5 क,664,आवासीय क्षेत्र
प्रस्टोका,5 क,668,कृषि क्षेत्र
प्रस्टोका,5 क,669,कृषि क्षेत्र
प्रस्टोका,5 क,670,कृषि क्षेत्र
प्रस्टोका,5 क,678,कृषि क्षेत्र
प्रस्टोका,5 क,684,कृषि क्षेत्र
प्रस्टोका,5 क,688,कृषि क्षेत्र
प्रस्टोका,5 क,689,कृषि क्षेत्र
प्रस्टोका,5 क,690,कृषि क्षेत्र
प्रस्टोका,5 क,691,कृषि क्षेत्र
प्रस्टोका,5 क,693,आवासीय क्षेत्र
प्रस्टोका,5 क,693,आवासीय क्षेत्र
प्रस्टोका,5 क,694,कृषि क्षेत्र
प्रस्टोका,5 क,695,कृषि क्षेत्र
प्रस्टोका,5 क,698,आवासीय क्षेत्र
प्रस्टोका,5 क,703,आवासीय क्षेत्र
प्रस्टोका,5 क,704,आवासीय क्षेत्र
प्रस्टोका,5 क,705,कृषि क्षेत्र
प्रस्टोका,5 क,706,कृषि क्षेत्र
प्रस्टोका,5 क,711,कृषि क्षेत्र
प्रस्टोका,5 क,713,कृषि क्षेत्र
प्रस्टोका,5 क,714,कृषि क्षेत्र
प्रस्टोका,5 क,717,कृषि क्षेत्र
प्रस्टोका,5 क,721,कृषि क्षेत्र
प्रस्टोका,5 क,722,कृषि क्षेत्र
प्रस्टोका,5 क,732,कृषि क्षेत्र
प्रस्टोका,5 क,734,कृषि क्षेत्र
प्रस्टोका,5 क,736,आवासीय क्षेत्र
प्रस्टोका,5 क,756,आवासीय क्षेत्र
प्रस्टोका,5 क,758,कृषि क्षेत्र
प्रस्टोका,5 क,759,कृषि क्षेत्र
प्रस्टोका,5 क,768,कृषि क्षेत्र
प्रस्टोका,5 क,769,कृषि क्षेत्र
प्रस्टोका,5 क,772,कृषि क्षेत्र
प्रस्टोका,5 क,773,कृषि क्षेत्र
प्रस्टोका,5 क,774,आवासीय क्षेत्र
प्रस्टोका,5 क,775,आवासीय क्षेत्र
प्रस्टोका,5 क,782,कृषि क्षेत्र
प्रस्टोका,5 क,784,कृषि क्षेत्र
प्रस्टोका,5 क,785,कृषि क्षेत्र
प्रस्टोका,5 क,786,कृषि क्षेत्र
प्रस्टोका,5 क,787,कृषि क्षेत्र
प्रस्टोका,5 क,788,कृषि क्षेत्र
प्रस्टोका,5 क,813,कृषि क्षेत्र
प्रस्टोका,5 क,814,कृषि क्षेत्र
प्रस्टोका,5 क,815,कृषि क्षेत्र
प्रस्टोका,5 क,841,आवासीय क्षेत्र
प्रस्टोका,5 क,842,कृषि क्षेत्र
प्रस्टोका,5 क,853,आवासीय क्षेत्र
प्रस्टोका,5 क,854,कृषि क्षेत्र
प्रस्टोका,5 क,855,कृषि क्षेत्र
प्रस्टोका,5 क,856,कृषि क्षेत्र
प्रस्टोका,5 क,871,आवासीय क्षेत्र
प्रस्टोका,5 क,872,आवासीय क्षेत्र
प्रस्टोका,5 क,874,कृषि क्षेत्र
प्रस्टोका,5 क,875,कृषि क्षेत्र
प्रस्टोका,5 क,876,कृषि क्षेत्र
प्रस्टोका,5 क,884,कृषि क्षेत्र
प्रस्टोका,5 क,885,कृषि क्षेत्र
प्रस्टोका,5 क,886,आवासीय क्षेत्र
प्रस्टोका,5 क,887,आवासीय क्षेत्र
प्रस्टोका,5 क,888,आवासीय क्षेत्र
प्रस्टोका,5 क,892,आवासीय क्षेत्र
प्रस्टोका,5 क,894,आवासीय क्षेत्र
प्रस्टोका,5 क,895,आवासीय क्षेत्र
प्रस्टोका,5 क,896,आवासीय क्षेत्र
प्रस्टोका,5 क,904,कृषि क्षेत्र
प्रस्टोका,5 क,905,कृषि क्षेत्र
प्रस्टोका,5 क,906,कृषि क्षेत्र
प्रस्टोका,5 क,925,कृषि क्षेत्र
प्रस्टोका,5 क,930,कृषि क्षेत्र
प्रस्टोका,5 क,931,कृषि क्षेत्र
प्रस्टोका,5 क,940,आवासीय क्षेत्र
प्रस्टोका,5 क,943,कृषि क्षेत्र
प्रस्टोका,5 क,954,कृषि क्षेत्र
प्रस्टोका,5 क,966,कृषि क्षेत्र
प्रस्टोका,5 क,967,कृषि क्षेत्र
प्रस्टोका,5 क,968,कृषि क्षेत्र
प्रस्टोका,5 क,972,कृषि क्षेत्र
प्रस्टोका,5 क,986,कृषि क्षेत्र
प्रस्टोका,5 क,992,कृषि क्षेत्र
प्रस्टोका,5 क,993,कृषि क्षेत्र
प्रस्टोका,5 क,999,आवासीय क्षेत्र
प्रस्टोका,5 क,999,कृषि क्षेत्र
प्रस्टोका,5 क,1010,आवासीय क्षेत्र
प्रस्टोका,5 क,1011,आवासीय क्षेत्र
प्रस्टोका,5 क,1018,कृषि क्षेत्र
प्रस्टोका,5 क,1019,कृषि क्षेत्र
प्रस्टोका,5 क,1024,कृषि क्षेत्र
प्रस्टोका,5 क,1025,कृषि क्षेत्र
प्रस्टोका,5 क,1026,आवासीय क्षेत्र
प्रस्टोका,5 क,1027,आवासीय क्षेत्र
प्रस्टोका,5 क,1028,आवासीय क्षेत्र
प्रस्टोका,5 क,1037,कृषि क्षेत्र
प्रस्टोका,5 क,1038,कृषि क्षेत्र
प्रस्टोका,5 क,1039,कृषि क्षेत्र
प्रस्टोका,5 क,1043,कृषि क्षेत्र
प्रस्टोका,5 क,1044,कृषि क्षेत्र
प्रस्टोका,5 क,1045,कृषि क्षेत्र
प्रस्टोका,5 क,1046,कृषि क्षेत्र
प्रस्टोका,5 क,1047,कृषि क्षेत्र
प्रस्टोका,5 क,1048,कृषि क्षेत्र
प्रस्टोका,5 क,1049,कृषि क्षेत्र
प्रस्टोका,5 क,1050,आवासीय क्षेत्र
प्रस्टोका,5 क,1051,कृषि क्षेत्र
प्रस्टोका,5 क,1054,कृषि क्षेत्र
प्रस्टोका,5 क,1055,कृषि क्षेत्र
प्रस्टोका,5 क,1072,आवासीय क्षेत्र
प्रस्टोका,5 क,1080,कृषि क्षेत्र
प्रस्टोका,5 क,1082,कृषि क्षेत्र
प्रस्टोका,5 क,1083,कृषि क्षेत्र
प्रस्टोका,5 क,1084,कृषि क्षेत्र
प्रस्टोका,5 क,1084,कृषि क्षेत्र
प्रस्टोका,5 क,1089,कृषि क्षेत्र
प्रस्टोका,5 क,1090,कृषि क्षेत्र
प्रस्टोका,5 क,1091,कृषि क्षेत्र
प्रस्टोका,5 क,1091,कृषि क्षेत्र
प्रस्टोका,5 क,1092,कृषि क्षेत्र
प्रस्टोका,5 क,1100,आवासीय क्षेत्र
प्रस्टोका,5 क,1101,आवासीय क्षेत्र
प्रस्टोका,5 क,1112,कृषि क्षेत्र
प्रस्टोका,5 क,1113,कृषि क्षेत्र
प्रस्टोका,5 क,1114,कृषि क्षेत्र
प्रस्टोका,5 क,1115,कृषि क्षेत्र
प्रस्टोका,5 क,1116,कृषि क्षेत्र
प्रस्टोका,5 क,1117,कृषि क्षेत्र
प्रस्टोका,5 क,1117,कृषि क्षेत्र
प्रस्टोका,5 क,1118,कृषि क्षेत्र
प्रस्टोका,5 क,1120,कृषि क्षेत्र
प्रस्टोका,5 क,1121,कृषि क्षेत्र
प्रस्टोका,5 क,1137,कृषि क्षेत्र
प्रस्टोका,5 क,1138,कृषि क्षेत्र
प्रस्टोका,5 क,1139,कृषि क्षेत्र
प्रस्टोका,5 क,1140,कृषि क्षेत्र
प्रस्टोका,5 क,1141,कृषि क्षेत्र
प्रस्टोका,5 क,1142,आवासीय क्षेत्र
प्रस्टोका,5 क,1144,कृषि क्षेत्र
प्रस्टोका,5 क,1145,कृषि क्षेत्र
प्रस्टोका,5 क,1146,कृषि क्षेत्र
प्रस्टोका,5 क,1147,कृषि क्षेत्र
प्रस्टोका,5 क,1200,आवासीय क्षेत्र
प्रस्टोका,5 क,1218,कृषि क्षेत्र
प्रस्टोका,5 क,1219,कृषि क्षेत्र
प्रस्टोका,5 क,1298,कृषि क्षेत्र
प्रस्टोका,5 क,1299,कृषि क्षेत्र
प्रस्टोका,5 क,1320,कृषि क्षेत्र
प्रस्टोका,5 क,1381,कृषि क्षेत्र
प्रस्टोका,5 क,1382,कृषि क्षेत्र
प्रस्टोका,5 क,1387,कृषि क्षेत्र
प्रस्टोका,5 क,1388,कृषि क्षेत्र
प्रस्टोका,5 क,1399,आवासीय क्षेत्र
प्रस्टोका,5 क,1400,आवासीय क्षेत्र
प्रस्टोका,5 क,1401,आवासीय क्षेत्र
प्रस्टोका,5 क,1405,कृषि क्षेत्र
प्रस्टोका,5 क,1406,कृषि क्षेत्र
प्रस्टोका,5 क,1407,कृषि क्षेत्र
प्रस्टोका,5 क,1408,कृषि क्षेत्र
प्रस्टोका,5 क,1409,कृषि क्षेत्र
प्रस्टोका,5 क,1424,आवासीय क्षेत्र
प्रस्टोका,5 क,1425,आवासीय क्षेत्र
प्रस्टोका,5 क,1581,कृषि क्षेत्र
प्रस्टोका,5 क,1582,कृषि क्षेत्र
प्रस्टोका,5 क,1583,कृषि क्षेत्र
प्रस्टोका,5 क,1584,कृषि क्षेत्र
प्रस्टोका,5 क,1591,आवासीय क्षेत्र
प्रस्टोका,5 क,1592,आवासीय क्षेत्र
प्रस्टोका,5 क,1593,आवासीय क्षेत्र
प्रस्टोका,5 क,1594,आवासीय क्षेत्र
प्रस्टोका,5 क,1619,कृषि क्षेत्र
प्रस्टोका,5 क,1641,कृषि क्षेत्र
प्रस्टोका,5 क,1642,कृषि क्षेत्र
प्रस्टोका,5 क,1706,आवासीय क्षेत्र
प्रस्टोका,5 क,1707,आवासीय क्षेत्र
प्रस्टोका,5 क,1708,आवासीय क्षेत्र
प्रस्टोका,5 क,1709,आवासीय क्षेत्र
प्रस्टोका,5 क,1722,कृषि क्षेत्र
प्रस्टोका,5 क,1723,कृषि क्षेत्र
प्रस्टोका,5 क,1724,कृषि क्षेत्र
प्रस्टोका,5 क,1729,आवासीय क्षेत्र
प्रस्टोका,5 क,1731,कृषि क्षेत्र
प्रस्टोका,5 क,1735,आवासीय क्षेत्र
प्रस्टोका,5 क,1736,आवासीय क्षेत्र
प्रस्टोका,5 क,1743,आवासीय क्षेत्र
प्रस्टोका,5 क,1744,आवासीय क्षेत्र
प्रस्टोका,5 क,1749,कृषि क्षेत्र
प्रस्टोका,5 क,1750,कृषि क्षेत्र
प्रस्टोका,5 क,1751,आवासीय क्षेत्र
प्रस्टोका,5 क,1752,आवासीय क्षेत्र
प्रस्टोका,5 क,1753,आवासीय क्षेत्र
प्रस्टोका,5 क,1755,आवासीय क्षेत्र
प्रस्टोका,5 क,1756,आवासीय क्षेत्र
प्रस्टोका,5 क,1761,आवासीय क्षेत्र
प्रस्टोका,5 क,1762,आवासीय क्षेत्र
प्रस्टोका,5 क,1763,आवासीय क्षेत्र
प्रस्टोका,5 क,1764,आवासीय क्षेत्र
प्रस्टोका,5 क,1765,आवासीय क्षेत्र
प्रस्टोका,5 क,1766,आवासीय क्षेत्र
प्रस्टोका,5 क,1771,आवासीय क्षेत्र
प्रस्टोका,5 क,1772,कृषि क्षेत्र
प्रस्टोका,5 क,1778,कृषि क्षेत्र
प्रस्टोका,5 क,1779,कृषि क्षेत्र
प्रस्टोका,5 क,1780,कृषि क्षेत्र
प्रस्टोका,5 क,1781,कृषि क्षेत्र
प्रस्टोका,5 क,1782,कृषि क्षेत्र
प्रस्टोका,5 क,1783,कृषि क्षेत्र
प्रस्टोका,5 क,1784,कृषि क्षेत्र
प्रस्टोका,5 क,1785,कृषि क्षेत्र
प्रस्टोका,5 क,1786,कृषि क्षेत्र
प्रस्टोका,5 क,1787,कृषि क्षेत्र
प्रस्टोका,5 क,1788,कृषि क्षेत्र
प्रस्टोका,5 क,1789,कृषि क्षेत्र
प्रस्टोका,5 क,1790,कृषि क्षेत्र
प्रस्टोका,5 क,1791,कृषि क्षेत्र
प्रस्टोका,5 क,1797,कृषि क्षेत्र
प्रस्टोका,5 क,1798,कृषि क्षेत्र
प्रस्टोका,5 क,1799,आवासीय क्षेत्र
प्रस्टोका,5 क,1800,आवासीय क्षेत्र
प्रस्टोका,5 क,1809,कृषि क्षेत्र
प्रस्टोका,5 क,1810,कृषि क्षेत्र
प्रस्टोका,5 क,1811,कृषि क्षेत्र
प्रस्टोका,5 क,1812,कृषि क्षेत्र
प्रस्टोका,5 क,1813,कृषि क्षेत्र
प्रस्टोका,5 क,1814,कृषि क्षेत्र
प्रस्टोका,5 क,1815,आवासीय क्षेत्र
प्रस्टोका,5 क,1816,आवासीय क्षेत्र
प्रस्टोका,5 क,1819,आवासीय क्षेत्र
प्रस्टोका,5 क,1820,आवासीय क्षेत्र
प्रस्टोका,5 क,1821,आवासीय क्षेत्र
प्रस्टोका,5 क,1821,आवासीय क्षेत्र
प्रस्टोका,5 क,1821,आवासीय क्षेत्र
प्रस्टोका,5 क,1821,आवासीय क्षेत्र
प्रस्टोका,5 क,1821,आवासीय क्षेत्र
प्रस्टोका,5 क,1823,आवासीय क्षेत्र
प्रस्टोका,5 क,1824,आवासीय क्षेत्र
प्रस्टोका,5 क,1825,आवासीय क्षेत्र
प्रस्टोका,5 क,1826,आवासीय क्षेत्र
प्रस्टोका,5 क,1827,आवासीय क्षेत्र
प्रस्टोका,5 क,1830,आवासीय क्षेत्र
प्रस्टोका,5 क,1831,कृषि क्षेत्र
प्रस्टोका,5 क,1832,कृषि क्षेत्र
प्रस्टोका,5 क,1833,कृषि क्षेत्र
प्रस्टोका,5 क,1834,कृषि क्षेत्र
प्रस्टोका,5 क,1835,कृषि क्षेत्र
प्रस्टोका,5 क,1836,कृषि क्षेत्र
प्रस्टोका,5 क,1837,कृषि क्षेत्र
प्रस्टोका,5 क,1838,आवासीय क्षेत्र
प्रस्टोका,5 क,1839,आवासीय क्षेत्र
प्रस्टोका,5 क,1840,कृषि क्षेत्र
प्रस्टोका,5 क,1841,आवासीय क्षेत्र
प्रस्टोका,5 क,1842,आवासीय क्षेत्र
प्रस्टोका,5 क,1843,आवासीय क्षेत्र
प्रस्टोका,5 क,1844,आवासीय क्षेत्र
प्रस्टोका,5 क,1845,आवासीय क्षेत्र
प्रस्टोका,5 क,1846,आवासीय क्षेत्र
प्रस्टोका,5 क,1847,कृषि क्षेत्र
प्रस्टोका,5 क,1848,कृषि क्षेत्र
प्रस्टोका,5 क,1849,कृषि क्षेत्र
प्रस्टोका,5 क,1850,कृषि क्षेत्र
प्रस्टोका,5 क,1851,कृषि क्षेत्र
प्रस्टोका,5 क,1852,कृषि क्षेत्र
प्रस्टोका,5 क,1853,कृषि क्षेत्र
प्रस्टोका,5 क,1854,आवासीय क्षेत्र
प्रस्टोका,5 क,1855,आवासीय क्षेत्र
प्रस्टोका,5 क,1856,आवासीय क्षेत्र
प्रस्टोका,5 क,1858,आवासीय क्षेत्र
प्रस्टोका,5 क,1859,आवासीय क्षेत्र
प्रस्टोका,5 क,1860,आवासीय क्षेत्र
प्रस्टोका,5 क,1861,आवासीय क्षेत्र
प्रस्टोका,5 क,1866,आवासीय क्षेत्र
प्रस्टोका,5 क,1867,आवासीय क्षेत्र
प्रस्टोका,5 क,1868,आवासीय क्षेत्र
प्रस्टोका,5 क,1869,आवासीय क्षेत्र
प्रस्टोका,5 क,1870,आवासीय क्षेत्र
प्रस्टोका,5 क,1871,आवासीय क्षेत्र
प्रस्टोका,5 क,1872,आवासीय क्षेत्र
प्रस्टोका,5 क,1873,आवासीय क्षेत्र
प्रस्टोका,5 क,1874,आवासीय क्षेत्र
प्रस्टोका,5 क,1877,आवासीय क्षेत्र
प्रस्टोका,5 क,1878,आवासीय क्षेत्र
प्रस्टोका,5 क,1881,आवासीय क्षेत्र
प्रस्टोका,5 क,1882,आवासीय क्षेत्र
प्रस्टोका,5 क,1883,आवासीय क्षेत्र
प्रस्टोका,5 क,1884,आवासीय क्षेत्र
प्रस्टोका,5 क,1885,आवासीय क्षेत्र
प्रस्टोका,5 क,1886,आवासीय क्षेत्र
प्रस्टोका,5 गाउँ,0,आवासीय क्षेत्र
प्रस्टोका,5 गाउँ,0,आवासीय क्षेत्र
प्रस्टोका,5 गाउँ,0,आवासीय क्षेत्र
प्रस्टोका,5 गाउँ,0,आवासीय क्षेत्र
प्रस्टोका,5 गाउँ,0,आवासीय क्षेत्र
प्रस्टोका,5 गाउँ,0,आवासीय क्षेत्र
प्रस्टोका,5 गाउँ,1,आवासीय क्षेत्र
प्रस्टोका,5 गाउँ,2,आवासीय क्षेत्र
प्रस्टोका,5 गाउँ,3,आवासीय क्षेत्र
प्रस्टोका,5 गाउँ,4,आवासीय क्षेत्र
प्रस्टोका,5 गाउँ,5,आवासीय क्षेत्र
प्रस्टोका,5 गाउँ,6,आवासीय क्षेत्र
प्रस्टोका,5 गाउँ,8,आवासीय क्षेत्र
प्रस्टोका,5 गाउँ,9,आवासीय क्षेत्र
प्रस्टोका,5 गाउँ,10,आवासीय क्षेत्र
प्रस्टोका,5 गाउँ,12,आवासीय क्षेत्र
प्रस्टोका,5 गाउँ,13,आवासीय क्षेत्र
प्रस्टोका,5 गाउँ,14,आवासीय क्षेत्र
प्रस्टोका,5 गाउँ,15,आवासीय क्षेत्र
प्रस्टोका,5 गाउँ,16,आवासीय क्षेत्र
प्रस्टोका,5 गाउँ,17,आवासीय क्षेत्र
प्रस्टोका,5 गाउँ,18,आवासीय क्षेत्र
प्रस्टोका,5 गाउँ,19,आवासीय क्षेत्र
प्रस्टोका,5 गाउँ,20,आवासीय क्षेत्र
प्रस्टोका,5 गाउँ,21,आवासीय क्षेत्र
प्रस्टोका,5 गाउँ,22,आवासीय क्षेत्र
प्रस्टोका,5 गाउँ,23,आवासीय क्षेत्र
प्रस्टोका,5 गाउँ,24,आवासीय क्षेत्र
प्रस्टोका,5 गाउँ,25,आवासीय क्षेत्र
प्रस्टोका,5 गाउँ,26,आवासीय क्षेत्र
प्रस्टोका,5 गाउँ,27,आवासीय क्षेत्र
प्रस्टोका,5 गाउँ,28,आवासीय क्षेत्र
प्रस्टोका,5 गाउँ,29,आवासीय क्षेत्र
प्रस्टोका,5 गाउँ,30,आवासीय क्षेत्र
प्रस्टोका,5 गाउँ,31,आवासीय क्षेत्र
प्रस्टोका,5 गाउँ,33,आवासीय क्षेत्र
प्रस्टोका,5 गाउँ,34,आवासीय क्षेत्र
प्रस्टोका,5 गाउँ,35,आवासीय क्षेत्र
प्रस्टोका,5 गाउँ,36,आवासीय क्षेत्र
प्रस्टोका,5 गाउँ,38,आवासीय क्षेत्र
प्रस्टोका,5 गाउँ,39,आवासीय क्षेत्र
प्रस्टोका,5 गाउँ,41,आवासीय क्षेत्र
प्रस्टोका,5 गाउँ,42,आवासीय क्षेत्र
प्रस्टोका,5 गाउँ,43,आवासीय क्षेत्र
प्रस्टोका,5 गाउँ,44,आवासीय क्षेत्र
प्रस्टोका,5 गाउँ,45,आवासीय क्षेत्र
प्रस्टोका,5 गाउँ,46,आवासीय क्षेत्र
प्रस्टोका,5 गाउँ,47,आवासीय क्षेत्र
प्रस्टोका,5 गाउँ,48,आवासीय क्षेत्र
प्रस्टोका,5 गाउँ,49,आवासीय क्षेत्र
प्रस्टोका,5 गाउँ,51,आवासीय क्षेत्र
प्रस्टोका,5 गाउँ,52,आवासीय क्षेत्र
प्रस्टोका,5 गाउँ,55,आवासीय क्षेत्र
प्रस्टोका,5 गाउँ,56,आवासीय क्षेत्र
प्रस्टोका,5 गाउँ,59,आवासीय क्षेत्र
प्रस्टोका,5 गाउँ,61,आवासीय क्षेत्र
प्रस्टोका,5 गाउँ,62,आवासीय क्षेत्र
प्रस्टोका,5 गाउँ,63,आवासीय क्षेत्र
प्रस्टोका,5 गाउँ,64,आवासीय क्षेत्र
प्रस्टोका,5 गाउँ,65,आवासीय क्षेत्र
प्रस्टोका,5 गाउँ,67,आवासीय क्षेत्र
प्रस्टोका,5 गाउँ,68,आवासीय क्षेत्र
प्रस्टोका,5 गाउँ,69,आवासीय क्षेत्र
प्रस्टोका,5 गाउँ,70,आवासीय क्षेत्र
प्रस्टोका,5 गाउँ,71,आवासीय क्षेत्र
प्रस्टोका,5 गाउँ,72,आवासीय क्षेत्र
प्रस्टोका,5 गाउँ,73,आवासीय क्षेत्र
प्रस्टोका,5 गाउँ,74,आवासीय क्षेत्र
प्रस्टोका,5 गाउँ,75,आवासीय क्षेत्र
प्रस्टोका,5 गाउँ,76,आवासीय क्षेत्र
प्रस्टोका,5 गाउँ,77,आवासीय क्षेत्र
प्रस्टोका,5 गाउँ,78,आवासीय क्षेत्र
प्रस्टोका,5 गाउँ,79,आवासीय क्षेत्र
प्रस्टोका,5 गाउँ,80,आवासीय क्षेत्र
प्रस्टोका,5 गाउँ,81,आवासीय क्षेत्र
प्रस्टोका,5 गाउँ,82,आवासीय क्षेत्र
प्रस्टोका,5 गाउँ,83,आवासीय क्षेत्र
प्रस्टोका,5 गाउँ,85,आवासीय क्षेत्र
प्रस्टोका,5 गाउँ,86,आवासीय क्षेत्र
प्रस्टोका,5 गाउँ,87,आवासीय क्षेत्र
प्रस्टोका,5 गाउँ,88,आवासीय क्षेत्र
प्रस्टोका,5 गाउँ,89,आवासीय क्षेत्र
प्रस्टोका,5 गाउँ,90,आवासीय क्षेत्र
प्रस्टोका,5 गाउँ,91,आवासीय क्षेत्र
प्रस्टोका,5 गाउँ,92,आवासीय क्षेत्र
प्रस्टोका,5 गाउँ,93,आवासीय क्षेत्र
प्रस्टोका,5 गाउँ,94,आवासीय क्षेत्र
प्रस्टोका,5 गाउँ,95,आवासीय क्षेत्र
प्रस्टोका,5 गाउँ,96,आवासीय क्षेत्र
प्रस्टोका,5 गाउँ,97,आवासीय क्षेत्र
प्रस्टोका,5 गाउँ,98,आवासीय क्षेत्र
प्रस्टोका,5 गाउँ,99,आवासीय क्षेत्र
प्रस्टोका,5 गाउँ,100,आवासीय क्षेत्र
प्रस्टोका,5 गाउँ,101,आवासीय क्षेत्र
प्रस्टोका,5 गाउँ,102,आवासीय क्षेत्र
प्रस्टोका,5 गाउँ,103,आवासीय क्षेत्र
प्रस्टोका,5 गाउँ,104,आवासीय क्षेत्र
प्रस्टोका,5 गाउँ,105,आवासीय क्षेत्र
प्रस्टोका,5 गाउँ,106,आवासीय क्षेत्र
प्रस्टोका,5 गाउँ,107,आवासीय क्षेत्र
प्रस्टोका,5 गाउँ,108,आवासीय क्षेत्र
प्रस्टोका,5 गाउँ,109,आवासीय क्षेत्र
प्रस्टोका,5 गाउँ,110,आवासीय क्षेत्र
प्रस्टोका,5 गाउँ,111,आवासीय क्षेत्र
प्रस्टोका,5 गाउँ,112,आवासीय क्षेत्र
प्रस्टोका,5 गाउँ,113,आवासीय क्षेत्र
प्रस्टोका,5 गाउँ,114,आवासीय क्षेत्र
प्रस्टोका,5 गाउँ,115,आवासीय क्षेत्र
प्रस्टोका,5 गाउँ,116,आवासीय क्षेत्र
प्रस्टोका,5 गाउँ,117,आवासीय क्षेत्र
प्रस्टोका,5 गाउँ,118,आवासीय क्षेत्र
प्रस्टोका,5 गाउँ,119,आवासीय क्षेत्र
प्रस्टोका,5 गाउँ,120,आवासीय क्षेत्र
प्रस्टोका,5 गाउँ,121,आवासीय क्षेत्र
प्रस्टोका,5 गाउँ,122,आवासीय क्षेत्र
प्रस्टोका,5 गाउँ,141,आवासीय क्षेत्र
प्रस्टोका,5 गाउँ,142,आवासीय क्षेत्र
प्रस्टोका,5 गाउँ,143,आवासीय क्षेत्र
प्रस्टोका,5 गाउँ,144,आवासीय क्षेत्र
प्रस्टोका,5 गाउँ,145,आवासीय क्षेत्र
प्रस्टोका,5 गाउँ,146,आवासीय क्षेत्र
प्रस्टोका,6,0,आवासीय क्षेत्र
प्रस्टोका,6,0,सार्वजनिक उपयोगको क्षेत्र
प्रस्टोका,6,0,सार्वजनिक उपयोगको क्षेत्र
प्रस्टोका,6,0,कृषि क्षेत्र
प्रस्टोका,6,0,आवासीय क्षेत्र
प्रस्टोका,6,0,कृषि क्षेत्र
प्रस्टोका,6,0,कृषि क्षेत्र
प्रस्टोका,6,0,आवासीय क्षेत्र
प्रस्टोका,6,0,सार्वजनिक उपयोगको क्षेत्र
प्रस्टोका,6,0,सार्वजनिक उपयोगको क्षेत्र
प्रस्टोका,6,1,आवासीय क्षेत्र
प्रस्टोका,6,3,आवासीय क्षेत्र
प्रस्टोका,6,5,कृषि क्षेत्र
प्रस्टोका,6,6,कृषि क्षेत्र
प्रस्टोका,6,7,कृषि क्षेत्र
प्रस्टोका,6,8,कृषि क्षेत्र
प्रस्टोका,6,9,कृषि क्षेत्र
प्रस्टोका,6,10,आवासीय क्षेत्र
प्रस्टोका,6,11,आवासीय क्षेत्र
प्रस्टोका,6,12,आवासीय क्षेत्र
प्रस्टोका,6,14,आवासीय क्षेत्र
प्रस्टोका,6,15,कृषि क्षेत्र
प्रस्टोका,6,16,कृषि क्षेत्र
प्रस्टोका,6,17,कृषि क्षेत्र
प्रस्टोका,6,18,कृषि क्षेत्र
प्रस्टोका,6,19,कृषि क्षेत्र
प्रस्टोका,6,20,कृषि क्षेत्र
प्रस्टोका,6,23,कृषि क्षेत्र
प्रस्टोका,6,25,कृषि क्षेत्र
प्रस्टोका,6,26,कृषि क्षेत्र
प्रस्टोका,6,27,कृषि क्षेत्र
प्रस्टोका,6,28,कृषि क्षेत्र
प्रस्टोका,6,29,कृषि क्षेत्र
प्रस्टोका,6,30,कृषि क्षेत्र
प्रस्टोका,6,31,कृषि क्षेत्र
प्रस्टोका,6,32,कृषि क्षेत्र
प्रस्टोका,6,33,कृषि क्षेत्र
प्रस्टोका,6,34,कृषि क्षेत्र
प्रस्टोका,6,35,कृषि क्षेत्र
प्रस्टोका,6,36,कृषि क्षेत्र
प्रस्टोका,6,38,कृषि क्षेत्र
प्रस्टोका,6,43,आवासीय क्षेत्र
प्रस्टोका,6,44,कृषि क्षेत्र
प्रस्टोका,6,47,आवासीय क्षेत्र
प्रस्टोका,6,47,कृषि क्षेत्र
प्रस्टोका,6,48,कृषि क्षेत्र
प्रस्टोका,6,49,कृषि क्षेत्र
प्रस्टोका,6,50,आवासीय क्षेत्र
प्रस्टोका,6,51,आवासीय क्षेत्र
प्रस्टोका,6,52,आवासीय क्षेत्र
प्रस्टोका,6,53,आवासीय क्षेत्र
प्रस्टोका,6,54,आवासीय क्षेत्र
प्रस्टोका,6,56,कृषि क्षेत्र
प्रस्टोका,6,58,कृषि क्षेत्र
प्रस्टोका,6,61,कृषि क्षेत्र
प्रस्टोका,6,65,कृषि क्षेत्र
प्रस्टोका,6,66,कृषि क्षेत्र
प्रस्टोका,6,67,कृषि क्षेत्र
प्रस्टोका,6,68,आवासीय क्षेत्र
प्रस्टोका,6,71,कृषि क्षेत्र
प्रस्टोका,6,73,कृषि क्षेत्र
प्रस्टोका,6,75,कृषि क्षेत्र
प्रस्टोका,6,76,आवासीय क्षेत्र
प्रस्टोका,6,77,आवासीय क्षेत्र
प्रस्टोका,6,79,आवासीय क्षेत्र
प्रस्टोका,6,81,आवासीय क्षेत्र
प्रस्टोका,6,82,आवासीय क्षेत्र
प्रस्टोका,6,83,आवासीय क्षेत्र
प्रस्टोका,6,84,आवासीय क्षेत्र
प्रस्टोका,6,85,आवासीय क्षेत्र
प्रस्टोका,6,85,आवासीय क्षेत्र
प्रस्टोका,6,86,आवासीय क्षेत्र
प्रस्टोका,6,86,कृषि क्षेत्र
प्रस्टोका,6,88,आवासीय क्षेत्र
प्रस्टोका,6,89,आवासीय क्षेत्र
प्रस्टोका,6,90,आवासीय क्षेत्र
प्रस्टोका,6,92,आवासीय क्षेत्र
प्रस्टोका,6,93,आवासीय क्षेत्र
प्रस्टोका,6,97,सार्वजनिक उपयोगको क्षेत्र
प्रस्टोका,6,98,आवासीय क्षेत्र
प्रस्टोका,6,99,आवासीय क्षेत्र
प्रस्टोका,6,100,आवासीय क्षेत्र
प्रस्टोका,6,101,आवासीय क्षेत्र
प्रस्टोका,6,104,आवासीय क्षेत्र
प्रस्टोका,6,105,आवासीय क्षेत्र
प्रस्टोका,6,106,आवासीय क्षेत्र
प्रस्टोका,6,108,आवासीय क्षेत्र
प्रस्टोका,6,109,आवासीय क्षेत्र
प्रस्टोका,6,112,आवासीय क्षेत्र
प्रस्टोका,6,114,कृषि क्षेत्र
प्रस्टोका,6,115,कृषि क्षेत्र
प्रस्टोका,6,116,आवासीय क्षेत्र
प्रस्टोका,6,117,आवासीय क्षेत्र
प्रस्टोका,6,118,कृषि क्षेत्र
प्रस्टोका,6,120,कृषि क्षेत्र
प्रस्टोका,6,121,कृषि क्षेत्र
प्रस्टोका,6,122,कृषि क्षेत्र
प्रस्टोका,6,123,आवासीय क्षेत्र
प्रस्टोका,6,124,आवासीय क्षेत्र
प्रस्टोका,6,127,आवासीय क्षेत्र
प्रस्टोका,6,128,आवासीय क्षेत्र
प्रस्टोका,6,129,कृषि क्षेत्र
प्रस्टोका,6,130,कृषि क्षेत्र
प्रस्टोका,6,131,कृषि क्षेत्र
प्रस्टोका,6,132,कृषि क्षेत्र
प्रस्टोका,6,133,कृषि क्षेत्र
प्रस्टोका,6,134,कृषि क्षेत्र
प्रस्टोका,6,135,कृषि क्षेत्र
प्रस्टोका,6,136,कृषि क्षेत्र
प्रस्टोका,6,137,कृषि क्षेत्र
प्रस्टोका,6,138,कृषि क्षेत्र
प्रस्टोका,6,140,कृषि क्षेत्र
प्रस्टोका,6,141,कृषि क्षेत्र
प्रस्टोका,6,142,कृषि क्षेत्र
प्रस्टोका,6,143,कृषि क्षेत्र
प्रस्टोका,6,147,कृषि क्षेत्र
प्रस्टोका,6,148,कृषि क्षेत्र
प्रस्टोका,6,149,कृषि क्षेत्र
प्रस्टोका,6,152,आवासीय क्षेत्र
प्रस्टोका,6,154,आवासीय क्षेत्र
प्रस्टोका,6,155,कृषि क्षेत्र
प्रस्टोका,6,157,आवासीय क्षेत्र
प्रस्टोका,6,157,कृषि क्षेत्र
प्रस्टोका,6,158,कृषि क्षेत्र
प्रस्टोका,6,159,कृषि क्षेत्र
प्रस्टोका,6,160,आवासीय क्षेत्र
प्रस्टोका,6,161,आवासीय क्षेत्र
प्रस्टोका,6,162,आवासीय क्षेत्र
प्रस्टोका,6,163,आवासीय क्षेत्र
प्रस्टोका,6,164,आवासीय क्षेत्र
प्रस्टोका,6,166,आवासीय क्षेत्र
प्रस्टोका,6,168,आवासीय क्षेत्र
प्रस्टोका,6,169,आवासीय क्षेत्र
प्रस्टोका,6,170,आवासीय क्षेत्र
प्रस्टोका,6,171,आवासीय क्षेत्र
प्रस्टोका,6,172,आवासीय क्षेत्र
प्रस्टोका,6,176,आवासीय क्षेत्र
प्रस्टोका,6,177,आवासीय क्षेत्र
प्रस्टोका,6,178,आवासीय क्षेत्र
प्रस्टोका,6,179,कृषि क्षेत्र
प्रस्टोका,6,180,आवासीय क्षेत्र
प्रस्टोका,6,181,आवासीय क्षेत्र
प्रस्टोका,6,182,आवासीय क्षेत्र
प्रस्टोका,6,183,कृषि क्षेत्र
प्रस्टोका,6,185,आवासीय क्षेत्र
प्रस्टोका,6,186,आवासीय क्षेत्र
प्रस्टोका,6,187,आवासीय क्षेत्र
प्रस्टोका,6,189,आवासीय क्षेत्र
प्रस्टोका,6,196,कृषि क्षेत्र
प्रस्टोका,6,197,कृषि क्षेत्र
प्रस्टोका,6,198,कृषि क्षेत्र
प्रस्टोका,6,199,आवासीय क्षेत्र
प्रस्टोका,6,200,कृषि क्षेत्र
प्रस्टोका,6,201,आवासीय क्षेत्र
प्रस्टोका,6,202,आवासीय क्षेत्र
प्रस्टोका,6,203,आवासीय क्षेत्र
प्रस्टोका,6,204,आवासीय क्षेत्र
प्रस्टोका,6,206,आवासीय क्षेत्र
प्रस्टोका,6,207,आवासीय क्षेत्र
प्रस्टोका,6,209,आवासीय क्षेत्र
प्रस्टोका,6,211,आवासीय क्षेत्र
प्रस्टोका,6,213,आवासीय क्षेत्र
प्रस्टोका,6,214,आवासीय क्षेत्र
प्रस्टोका,6,215,आवासीय क्षेत्र
प्रस्टोका,6,216,आवासीय क्षेत्र
प्रस्टोका,6,220,आवासीय क्षेत्र
प्रस्टोका,6,221,आवासीय क्षेत्र
प्रस्टोका,6,223,आवासीय क्षेत्र
प्रस्टोका,6,224,आवासीय क्षेत्र
प्रस्टोका,6,225,आवासीय क्षेत्र
प्रस्टोका,6,226,आवासीय क्षेत्र
प्रस्टोका,6,227,आवासीय क्षेत्र
प्रस्टोका,6,228,आवासीय क्षेत्र
प्रस्टोका,6,235,कृषि क्षेत्र
प्रस्टोका,6,236,कृषि क्षेत्र
प्रस्टोका,6,238,कृषि क्षेत्र
प्रस्टोका,6,239,आवासीय क्षेत्र
प्रस्टोका,6,239,आवासीय क्षेत्र
प्रस्टोका,6,241,कृषि क्षेत्र
प्रस्टोका,6,242,कृषि क्षेत्र
प्रस्टोका,6,245,कृषि क्षेत्र
प्रस्टोका,6,247,कृषि क्षेत्र
प्रस्टोका,6,248,कृषि क्षेत्र
प्रस्टोका,6,257,आवासीय क्षेत्र
प्रस्टोका,6,260,कृषि क्षेत्र
प्रस्टोका,6,261,कृषि क्षेत्र
प्रस्टोका,6,262,कृषि क्षेत्र
प्रस्टोका,6,264,कृषि क्षेत्र
प्रस्टोका,6,266,कृषि क्षेत्र
प्रस्टोका,6,268,आवासीय क्षेत्र
प्रस्टोका,6,270,आवासीय क्षेत्र
प्रस्टोका,6,271,आवासीय क्षेत्र
प्रस्टोका,6,272,कृषि क्षेत्र
प्रस्टोका,6,273,कृषि क्षेत्र
प्रस्टोका,6,282,आवासीय क्षेत्र
प्रस्टोका,6,288,आवासीय क्षेत्र
प्रस्टोका,6,294,कृषि क्षेत्र
प्रस्टोका,6,305,कृषि क्षेत्र
प्रस्टोका,6,311,आवासीय क्षेत्र
प्रस्टोका,6,314,आवासीय क्षेत्र
प्रस्टोका,6,315,आवासीय क्षेत्र
प्रस्टोका,6,316,आवासीय क्षेत्र
प्रस्टोका,6,317,आवासीय क्षेत्र
प्रस्टोका,6,318,आवासीय क्षेत्र
प्रस्टोका,6,337,कृषि क्षेत्र
प्रस्टोका,6,337,कृषि क्षेत्र
प्रस्टोका,6,340,आवासीय क्षेत्र
प्रस्टोका,6,340,कृषि क्षेत्र
प्रस्टोका,6,341,कृषि क्षेत्र
प्रस्टोका,6,342,आवासीय क्षेत्र
प्रस्टोका,6,344,कृषि क्षेत्र
प्रस्टोका,6,345,कृषि क्षेत्र
प्रस्टोका,6,346,कृषि क्षेत्र
प्रस्टोका,6,350,कृषि क्षेत्र
प्रस्टोका,6,351,कृषि क्षेत्र
प्रस्टोका,6,352,आवासीय क्षेत्र
प्रस्टोका,6,352,कृषि क्षेत्र
प्रस्टोका,6,353,आवासीय क्षेत्र
प्रस्टोका,6,354,आवासीय क्षेत्र
प्रस्टोका,6,355,आवासीय क्षेत्र
प्रस्टोका,6,356,आवासीय क्षेत्र
प्रस्टोका,6,357,आवासीय क्षेत्र
प्रस्टोका,6,357,आवासीय क्षेत्र
प्रस्टोका,6,358,आवासीय क्षेत्र
प्रस्टोका,6,359,आवासीय क्षेत्र
प्रस्टोका,6,360,कृषि क्षेत्र
प्रस्टोका,6,361,कृषि क्षेत्र
प्रस्टोका,6,362,आवासीय क्षेत्र
प्रस्टोका,6,363,आवासीय क्षेत्र
प्रस्टोका,6,364,आवासीय क्षेत्र
प्रस्टोका,6,365,आवासीय क्षेत्र
प्रस्टोका,6,371,आवासीय क्षेत्र
प्रस्टोका,6,372,आवासीय क्षेत्र
प्रस्टोका,6,377,आवासीय क्षेत्र
प्रस्टोका,6,378,आवासीय क्षेत्र
प्रस्टोका,6,399,कृषि क्षेत्र
प्रस्टोका,6,401,आवासीय क्षेत्र
प्रस्टोका,6,403,कृषि क्षेत्र
प्रस्टोका,6,406,आवासीय क्षेत्र
प्रस्टोका,6,407,आवासीय क्षेत्र
प्रस्टोका,6,408,आवासीय क्षेत्र
प्रस्टोका,6,411,कृषि क्षेत्र
प्रस्टोका,6,412,कृषि क्षेत्र
प्रस्टोका,6,417,आवासीय क्षेत्र
प्रस्टोका,6,418,कृषि क्षेत्र
प्रस्टोका,6,419,कृषि क्षेत्र
प्रस्टोका,6,420,आवासीय क्षेत्र
प्रस्टोका,6,421,आवासीय क्षेत्र
प्रस्टोका,6,424,आवासीय क्षेत्र
प्रस्टोका,6,426,कृषि क्षेत्र
प्रस्टोका,6,427,कृषि क्षेत्र
प्रस्टोका,6,428,आवासीय क्षेत्र
प्रस्टोका,6,429,आवासीय क्षेत्र
प्रस्टोका,6,446,कृषि क्षेत्र
प्रस्टोका,6,447,कृषि क्षेत्र
प्रस्टोका,6,452,आवासीय क्षेत्र
प्रस्टोका,6,453,कृषि क्षेत्र
प्रस्टोका,6,461,आवासीय क्षेत्र
प्रस्टोका,6,462,आवासीय क्षेत्र
प्रस्टोका,6,466,आवासीय क्षेत्र
प्रस्टोका,6,467,आवासीय क्षेत्र
प्रस्टोका,6,475,कृषि क्षेत्र
प्रस्टोका,6,476,आवासीय क्षेत्र
प्रस्टोका,6,489,कृषि क्षेत्र
प्रस्टोका,6,490,कृषि क्षेत्र
प्रस्टोका,6,491,कृषि क्षेत्र
प्रस्टोका,6,492,कृषि क्षेत्र
प्रस्टोका,6,493,कृषि क्षेत्र
प्रस्टोका,6,494,आवासीय क्षेत्र
प्रस्टोका,6,505,आवासीय क्षेत्र
प्रस्टोका,6,506,कृषि क्षेत्र
प्रस्टोका,6,507,कृषि क्षेत्र
प्रस्टोका,6,508,कृषि क्षेत्र
प्रस्टोका,6,509,कृषि क्षेत्र
प्रस्टोका,6,512,कृषि क्षेत्र
प्रस्टोका,6,513,आवासीय क्षेत्र
प्रस्टोका,6,514,आवासीय क्षेत्र
प्रस्टोका,6,523,आवासीय क्षेत्र
प्रस्टोका,6,524,आवासीय क्षेत्र
प्रस्टोका,6,526,आवासीय क्षेत्र
प्रस्टोका,6,527,आवासीय क्षेत्र
प्रस्टोका,6,533,आवासीय क्षेत्र
प्रस्टोका,6,535,आवासीय क्षेत्र
प्रस्टोका,6,553,कृषि क्षेत्र
प्रस्टोका,6,554,आवासीय क्षेत्र
प्रस्टोका,6,554,कृषि क्षेत्र
प्रस्टोका,6,555,कृषि क्षेत्र
प्रस्टोका,6,562,आवासीय क्षेत्र
प्रस्टोका,6,569,कृषि क्षेत्र
प्रस्टोका,6,570,कृषि क्षेत्र
प्रस्टोका,6,571,कृषि क्षेत्र
प्रस्टोका,6,577,कृषि क्षेत्र
प्रस्टोका,6,578,कृषि क्षेत्र
प्रस्टोका,6,578,आवासीय क्षेत्र
प्रस्टोका,6,579,आवासीय क्षेत्र
प्रस्टोका,6,584,आवासीय क्षेत्र
प्रस्टोका,6,586,आवासीय क्षेत्र
प्रस्टोका,6,593,कृषि क्षेत्र
प्रस्टोका,6,594,कृषि क्षेत्र
प्रस्टोका,6,595,कृषि क्षेत्र
प्रस्टोका,6,596,कृषि क्षेत्र
प्रस्टोका,6,597,कृषि क्षेत्र
प्रस्टोका,6,598,कृषि क्षेत्र
प्रस्टोका,6,599,आवासीय क्षेत्र
प्रस्टोका,6,600,कृषि क्षेत्र
प्रस्टोका,6,681,आवासीय क्षेत्र
प्रस्टोका,6,682,आवासीय क्षेत्र
प्रस्टोका,6,683,आवासीय क्षेत्र
प्रस्टोका,6,688,व्यावसायिक क्षेत्र
प्रस्टोका,6,714,आवासीय क्षेत्र
प्रस्टोका,6,715,आवासीय क्षेत्र
प्रस्टोका,6,749,कृषि क्षेत्र
प्रस्टोका,6,750,कृषि क्षेत्र
प्रस्टोका,6,753,आवासीय क्षेत्र
प्रस्टोका,6,754,आवासीय क्षेत्र
प्रस्टोका,6,755,आवासीय क्षेत्र
प्रस्टोका,6,756,आवासीय क्षेत्र
प्रस्टोका,6,757,आवासीय क्षेत्र
प्रस्टोका,6,766,आवासीय क्षेत्र
प्रस्टोका,6,767,आवासीय क्षेत्र
प्रस्टोका,6,785,आवासीय क्षेत्र
प्रस्टोका,6,786,आवासीय क्षेत्र
प्रस्टोका,6,788,आवासीय क्षेत्र
प्रस्टोका,6,789,आवासीय क्षेत्र
प्रस्टोका,6,801,आवासीय क्षेत्र
प्रस्टोका,6,802,आवासीय क्षेत्र
प्रस्टोका,6,803,आवासीय क्षेत्र
प्रस्टोका,6,804,आवासीय क्षेत्र
प्रस्टोका,6,831,कृषि क्षेत्र
प्रस्टोका,6,832,कृषि क्षेत्र
प्रस्टोका,6,868,कृषि क्षेत्र
प्रस्टोका,6,870,कृषि क्षेत्र
प्रस्टोका,6,872,आवासीय क्षेत्र
प्रस्टोका,6,875,आवासीय क्षेत्र
प्रस्टोका,6,876,आवासीय क्षेत्र
प्रस्टोका,6,877,कृषि क्षेत्र
प्रस्टोका,6,878,कृषि क्षेत्र
प्रस्टोका,6,879,कृषि क्षेत्र
प्रस्टोका,6,880,कृषि क्षेत्र
प्रस्टोका,6,890,आवासीय क्षेत्र
प्रस्टोका,6,891,आवासीय क्षेत्र
प्रस्टोका,6,892,आवासीय क्षेत्र
प्रस्टोका,6,893,आवासीय क्षेत्र
प्रस्टोका,6,894,आवासीय क्षेत्र
प्रस्टोका,6,895,आवासीय क्षेत्र
प्रस्टोका,6,896,कृषि क्षेत्र
प्रस्टोका,6,897,कृषि क्षेत्र
प्रस्टोका,6,898,आवासीय क्षेत्र
प्रस्टोका,6,899,कृषि क्षेत्र
प्रस्टोका,6,900,आवासीय क्षेत्र
प्रस्टोका,6 गाउँ,0,आवासीय क्षेत्र
प्रस्टोका,6 गाउँ,0,आवासीय क्षेत्र
प्रस्टोका,6 गाउँ,0,आवासीय क्षेत्र
प्रस्टोका,6 गाउँ,0,आवासीय क्षेत्र
प्रस्टोका,6 गाउँ,0,आवासीय क्षेत्र
प्रस्टोका,6 गाउँ,0,आवासीय क्षेत्र
प्रस्टोका,6 गाउँ,0,आवासीय क्षेत्र
प्रस्टोका,6 गाउँ,0,आवासीय क्षेत्र
प्रस्टोका,6 गाउँ,0,आवासीय क्षेत्र
प्रस्टोका,6 गाउँ,0,आवासीय क्षेत्र
प्रस्टोका,6 गाउँ,0,सार्वजनिक उपयोगको क्षेत्र
प्रस्टोका,6 गाउँ,1,आवासीय क्षेत्र
प्रस्टोका,6 गाउँ,2,आवासीय क्षेत्र
प्रस्टोका,6 गाउँ,3,आवासीय क्षेत्र
प्रस्टोका,6 गाउँ,4,आवासीय क्षेत्र
प्रस्टोका,6 गाउँ,5,आवासीय क्षेत्र
प्रस्टोका,6 गाउँ,6,आवासीय क्षेत्र
प्रस्टोका,6 गाउँ,7,आवासीय क्षेत्र
प्रस्टोका,6 गाउँ,8,आवासीय क्षेत्र
प्रस्टोका,6 गाउँ,9,आवासीय क्षेत्र
प्रस्टोका,6 गाउँ,10,आवासीय क्षेत्र
प्रस्टोका,6 गाउँ,18,आवासीय क्षेत्र
प्रस्टोका,6 गाउँ,19,आवासीय क्षेत्र
प्रस्टोका,6 गाउँ,20,आवासीय क्षेत्र
प्रस्टोका,6 गाउँ,21,आवासीय क्षेत्र
प्रस्टोका,6 गाउँ,22,आवासीय क्षेत्र
प्रस्टोका,6 गाउँ,23,आवासीय क्षेत्र
प्रस्टोका,6 गाउँ,24,आवासीय क्षेत्र
प्रस्टोका,6 गाउँ,24,आवासीय क्षेत्र
प्रस्टोका,6 गाउँ,25,आवासीय क्षेत्र
प्रस्टोका,6 गाउँ,26,आवासीय क्षेत्र
प्रस्टोका,6 गाउँ,31,आवासीय क्षेत्र
प्रस्टोका,6 गाउँ,32,आवासीय क्षेत्र
प्रस्टोका,6 गाउँ,33,आवासीय क्षेत्र
प्रस्टोका,6 गाउँ,34,आवासीय क्षेत्र
प्रस्टोका,6 गाउँ,35,आवासीय क्षेत्र
प्रस्टोका,6 गाउँ,36,आवासीय क्षेत्र
प्रस्टोका,6 गाउँ,41,आवासीय क्षेत्र
प्रस्टोका,6 गाउँ,42,आवासीय क्षेत्र
प्रस्टोका,6 गाउँ,43,आवासीय क्षेत्र
प्रस्टोका,6 गाउँ,44,आवासीय क्षेत्र
प्रस्टोका,6 गाउँ,45,आवासीय क्षेत्र
प्रस्टोका,6 गाउँ,46,आवासीय क्षेत्र
प्रस्टोका,6 गाउँ,47,आवासीय क्षेत्र
प्रस्टोका,6 गाउँ,49,आवासीय क्षेत्र
प्रस्टोका,6 गाउँ,50,आवासीय क्षेत्र
प्रस्टोका,6 गाउँ,51,आवासीय क्षेत्र
प्रस्टोका,6 गाउँ,52,आवासीय क्षेत्र
प्रस्टोका,6 गाउँ,54,आवासीय क्षेत्र
प्रस्टोका,6 गाउँ,57,आवासीय क्षेत्र
प्रस्टोका,6 गाउँ,59,आवासीय क्षेत्र
प्रस्टोका,6 गाउँ,60,आवासीय क्षेत्र
प्रस्टोका,6 गाउँ,61,आवासीय क्षेत्र
प्रस्टोका,6 गाउँ,62,आवासीय क्षेत्र
प्रस्टोका,6 गाउँ,63,आवासीय क्षेत्र
प्रस्टोका,6 गाउँ,64,आवासीय क्षेत्र
प्रस्टोका,6 गाउँ,65,आवासीय क्षेत्र
प्रस्टोका,6 गाउँ,66,आवासीय क्षेत्र
प्रस्टोका,6 गाउँ,68,आवासीय क्षेत्र
प्रस्टोका,6 गाउँ,69,आवासीय क्षेत्र
प्रस्टोका,6 गाउँ,70,आवासीय क्षेत्र
प्रस्टोका,6 गाउँ,71,आवासीय क्षेत्र
प्रस्टोका,6 गाउँ,72,आवासीय क्षेत्र
प्रस्टोका,6 गाउँ,74,आवासीय क्षेत्र
प्रस्टोका,6 गाउँ,76,आवासीय क्षेत्र
प्रस्टोका,6 गाउँ,81,आवासीय क्षेत्र
प्रस्टोका,6 गाउँ,83,आवासीय क्षेत्र
प्रस्टोका,6 गाउँ,87,आवासीय क्षेत्र
प्रस्टोका,6 गाउँ,88,आवासीय क्षेत्र
प्रस्टोका,6 गाउँ,91,आवासीय क्षेत्र
प्रस्टोका,6 गाउँ,94,आवासीय क्षेत्र
प्रस्टोका,6 गाउँ,95,आवासीय क्षेत्र
प्रस्टोका,6 गाउँ,95,आवासीय क्षेत्र
प्रस्टोका,6 गाउँ,96,आवासीय क्षेत्र
प्रस्टोका,6 गाउँ,96,आवासीय क्षेत्र
प्रस्टोका,6 गाउँ,97,आवासीय क्षेत्र
प्रस्टोका,6 गाउँ,98,आवासीय क्षेत्र
प्रस्टोका,6 गाउँ,99,आवासीय क्षेत्र
प्रस्टोका,6 गाउँ,101,आवासीय क्षेत्र
प्रस्टोका,6 गाउँ,103,आवासीय क्षेत्र
प्रस्टोका,6 गाउँ,104,आवासीय क्षेत्र
प्रस्टोका,6 गाउँ,105,आवासीय क्षेत्र
प्रस्टोका,6 गाउँ,106,आवासीय क्षेत्र
प्रस्टोका,6 गाउँ,108,आवासीय क्षेत्र
प्रस्टोका,6 गाउँ,109,आवासीय क्षेत्र
प्रस्टोका,6 गाउँ,110,आवासीय क्षेत्र
प्रस्टोका,6 गाउँ,113,आवासीय क्षेत्र
प्रस्टोका,6 गाउँ,116,आवासीय क्षेत्र
प्रस्टोका,6 गाउँ,117,आवासीय क्षेत्र
प्रस्टोका,6 गाउँ,118,आवासीय क्षेत्र
प्रस्टोका,6 गाउँ,122,आवासीय क्षेत्र
प्रस्टोका,6 गाउँ,123,आवासीय क्षेत्र
प्रस्टोका,6 गाउँ,128,आवासीय क्षेत्र
प्रस्टोका,6 गाउँ,130,आवासीय क्षेत्र
प्रस्टोका,6 गाउँ,131,आवासीय क्षेत्र
प्रस्टोका,6 गाउँ,132,आवासीय क्षेत्र
प्रस्टोका,6 गाउँ,133,आवासीय क्षेत्र
प्रस्टोका,6 गाउँ,134,आवासीय क्षेत्र
प्रस्टोका,6 गाउँ,135,आवासीय क्षेत्र
प्रस्टोका,6 गाउँ,136,आवासीय क्षेत्र
प्रस्टोका,6 गाउँ,137,आवासीय क्षेत्र
प्रस्टोका,6 गाउँ,138,आवासीय क्षेत्र
प्रस्टोका,6 गाउँ,140,आवासीय क्षेत्र
प्रस्टोका,6 गाउँ,144,आवासीय क्षेत्र
प्रस्टोका,6 गाउँ,145,आवासीय क्षेत्र
प्रस्टोका,6 गाउँ,146,आवासीय क्षेत्र
प्रस्टोका,6 गाउँ,152,आवासीय क्षेत्र
प्रस्टोका,6 गाउँ,158,आवासीय क्षेत्र
प्रस्टोका,6 गाउँ,159,आवासीय क्षेत्र
प्रस्टोका,6 गाउँ,164,आवासीय क्षेत्र
प्रस्टोका,6 गाउँ,165,आवासीय क्षेत्र
प्रस्टोका,6 गाउँ,166,आवासीय क्षेत्र
प्रस्टोका,6 गाउँ,167,आवासीय क्षेत्र
प्रस्टोका,6 गाउँ,168,आवासीय क्षेत्र
प्रस्टोका,6 गाउँ,169,आवासीय क्षेत्र
प्रस्टोका,6 गाउँ,176,आवासीय क्षेत्र
प्रस्टोका,6 गाउँ,177,आवासीय क्षेत्र
प्रस्टोका,6 गाउँ,178,आवासीय क्षेत्र
प्रस्टोका,6 गाउँ,179,आवासीय क्षेत्र
प्रस्टोका,6 गाउँ,180,आवासीय क्षेत्र
प्रस्टोका,6 गाउँ,181,आवासीय क्षेत्र
प्रस्टोका,6 गाउँ,185,आवासीय क्षेत्र
प्रस्टोका,6 गाउँ,186,आवासीय क्षेत्र
प्रस्टोका,6 गाउँ,189,आवासीय क्षेत्र
प्रस्टोका,6 गाउँ,190,आवासीय क्षेत्र
प्रस्टोका,6 गाउँ,191,आवासीय क्षेत्र
प्रस्टोका,6 गाउँ,192,आवासीय क्षेत्र
प्रस्टोका,6 गाउँ,194,आवासीय क्षेत्र
प्रस्टोका,7,0,आवासीय क्षेत्र
प्रस्टोका,7,0,आवासीय क्षेत्र
प्रस्टोका,7,0,आवासीय क्षेत्र
प्रस्टोका,7,0,कृषि क्षेत्र
प्रस्टोका,7,0,कृषि क्षेत्र
प्रस्टोका,7,0,कृषि क्षेत्र
प्रस्टोका,7,0,कृषि क्षेत्र
प्रस्टोका,7,0,आवासीय क्षेत्र
प्रस्टोका,7,0,कृषि क्षेत्र
प्रस्टोका,7,0,कृषि क्षेत्र
प्रस्टोका,7,0,कृषि क्षेत्र
प्रस्टोका,7,0,कृषि क्षेत्र
प्रस्टोका,7,0,कृषि क्षेत्र
प्रस्टोका,7,0,कृषि क्षेत्र
प्रस्टोका,7,0,कृषि क्षेत्र
प्रस्टोका,7,0,कृषि क्षेत्र
प्रस्टोका,7,0,कृषि क्षेत्र
प्रस्टोका,7,0,आवासीय क्षेत्र
प्रस्टोका,7,0,आवासीय क्षेत्र
प्रस्टोका,7,0,आवासीय क्षेत्र
प्रस्टोका,7,0,आवासीय क्षेत्र
प्रस्टोका,7,0,कृषि क्षेत्र
प्रस्टोका,7,0,आवासीय क्षेत्र
प्रस्टोका,7,0,आवासीय क्षेत्र
प्रस्टोका,7,0,कृषि क्षेत्र
प्रस्टोका,7,0,आवासीय क्षेत्र
प्रस्टोका,7,0,कृषि क्षेत्र
प्रस्टोका,7,0,कृषि क्षेत्र
प्रस्टोका,7,0,कृषि क्षेत्र
प्रस्टोका,7,1,कृषि क्षेत्र
प्रस्टोका,7,15,कृषि क्षेत्र
प्रस्टोका,7,18,कृषि क्षेत्र
प्रस्टोका,7,20,आवासीय क्षेत्र
प्रस्टोका,7,21,आवासीय क्षेत्र
प्रस्टोका,7,22,आवासीय क्षेत्र
प्रस्टोका,7,23,आवासीय क्षेत्र
प्रस्टोका,7,24,आवासीय क्षेत्र
प्रस्टोका,7,25,आवासीय क्षेत्र
प्रस्टोका,7,26,आवासीय क्षेत्र
प्रस्टोका,7,27,आवासीय क्षेत्र
प्रस्टोका,7,28,आवासीय क्षेत्र
प्रस्टोका,7,31,कृषि क्षेत्र
प्रस्टोका,7,32,कृषि क्षेत्र
प्रस्टोका,7,33,सार्वजनिक उपयोगको क्षेत्र
प्रस्टोका,7,34,कृषि क्षेत्र
प्रस्टोका,7,35,कृषि क्षेत्र
प्रस्टोका,7,36,कृषि क्षेत्र
प्रस्टोका,7,37,कृषि क्षेत्र
प्रस्टोका,7,38,कृषि क्षेत्र
प्रस्टोका,7,39,आवासीय क्षेत्र
प्रस्टोका,7,45,आवासीय क्षेत्र
प्रस्टोका,7,50,आवासीय क्षेत्र
प्रस्टोका,7,53,आवासीय क्षेत्र
प्रस्टोका,7,54,आवासीय क्षेत्र
प्रस्टोका,7,55,आवासीय क्षेत्र
प्रस्टोका,7,57,आवासीय क्षेत्र
प्रस्टोका,7,58,आवासीय क्षेत्र
प्रस्टोका,7,59,आवासीय क्षेत्र
प्रस्टोका,7,60,आवासीय क्षेत्र
प्रस्टोका,7,62,आवासीय क्षेत्र
प्रस्टोका,7,63,आवासीय क्षेत्र
प्रस्टोका,7,64,आवासीय क्षेत्र
प्रस्टोका,7,68,कृषि क्षेत्र
प्रस्टोका,7,69,कृषि क्षेत्र
प्रस्टोका,7,70,कृषि क्षेत्र
प्रस्टोका,7,71,कृषि क्षेत्र
प्रस्टोका,7,72,कृषि क्षेत्र
प्रस्टोका,7,73,कृषि क्षेत्र
प्रस्टोका,7,74,कृषि क्षेत्र
प्रस्टोका,7,75,कृषि क्षेत्र
प्रस्टोका,7,76,कृषि क्षेत्र
प्रस्टोका,7,76,आवासीय क्षेत्र
प्रस्टोका,7,77,आवासीय क्षेत्र
प्रस्टोका,7,78,आवासीय क्षेत्र
प्रस्टोका,7,79,कृषि क्षेत्र
प्रस्टोका,7,81,कृषि क्षेत्र
प्रस्टोका,7,82,कृषि क्षेत्र
प्रस्टोका,7,83,कृषि क्षेत्र
प्रस्टोका,7,84,कृषि क्षेत्र
प्रस्टोका,7,85,कृषि क्षेत्र
प्रस्टोका,7,86,कृषि क्षेत्र
प्रस्टोका,7,87,कृषि क्षेत्र
प्रस्टोका,7,95,कृषि क्षेत्र
प्रस्टोका,7,97,कृषि क्षेत्र
प्रस्टोका,7,98,कृषि क्षेत्र
प्रस्टोका,7,99,कृषि क्षेत्र
प्रस्टोका,7,102,कृषि क्षेत्र
प्रस्टोका,7,104,कृषि क्षेत्र
प्रस्टोका,7,105,कृषि क्षेत्र
प्रस्टोका,7,106,कृषि क्षेत्र
प्रस्टोका,7,107,कृषि क्षेत्र
प्रस्टोका,7,108,कृषि क्षेत्र
प्रस्टोका,7,109,कृषि क्षेत्र
प्रस्टोका,7,111,कृषि क्षेत्र
प्रस्टोका,7,112,कृषि क्षेत्र
प्रस्टोका,7,113,कृषि क्षेत्र
प्रस्टोका,7,118,कृषि क्षेत्र
प्रस्टोका,7,120,कृषि क्षेत्र
प्रस्टोका,7,125,आवासीय क्षेत्र
प्रस्टोका,7,126,आवासीय क्षेत्र
प्रस्टोका,7,128,कृषि क्षेत्र
प्रस्टोका,7,131,कृषि क्षेत्र
प्रस्टोका,7,132,कृषि क्षेत्र
प्रस्टोका,7,134,कृषि क्षेत्र
प्रस्टोका,7,135,कृषि क्षेत्र
प्रस्टोका,7,136,कृषि क्षेत्र
प्रस्टोका,7,137,कृषि क्षेत्र
प्रस्टोका,7,138,आवासीय क्षेत्र
प्रस्टोका,7,140,आवासीय क्षेत्र
प्रस्टोका,7,141,आवासीय क्षेत्र
प्रस्टोका,7,142,कृषि क्षेत्र
प्रस्टोका,7,144,कृषि क्षेत्र
प्रस्टोका,7,145,कृषि क्षेत्र
प्रस्टोका,7,146,कृषि क्षेत्र
प्रस्टोका,7,149,आवासीय क्षेत्र
प्रस्टोका,7,150,आवासीय क्षेत्र
प्रस्टोका,7,151,कृषि क्षेत्र
प्रस्टोका,7,152,आवासीय क्षेत्र
प्रस्टोका,7,153,आवासीय क्षेत्र
प्रस्टोका,7,154,आवासीय क्षेत्र
प्रस्टोका,7,155,आवासीय क्षेत्र
प्रस्टोका,7,156,आवासीय क्षेत्र
प्रस्टोका,7,162,आवासीय क्षेत्र
प्रस्टोका,7,166,कृषि क्षेत्र
प्रस्टोका,7,168,आवासीय क्षेत्र
प्रस्टोका,7,169,कृषि क्षेत्र
प्रस्टोका,7,184,कृषि क्षेत्र
प्रस्टोका,7,187,कृषि क्षेत्र
प्रस्टोका,7,282,कृषि क्षेत्र
प्रस्टोका,7,283,कृषि क्षेत्र
प्रस्टोका,7,284,कृषि क्षेत्र
प्रस्टोका,7,303,कृषि क्षेत्र
प्रस्टोका,7,308,आवासीय क्षेत्र
प्रस्टोका,7,309,आवासीय क्षेत्र
प्रस्टोका,7,314,आवासीय क्षेत्र
प्रस्टोका,7,317,आवासीय क्षेत्र
प्रस्टोका,7,322,आवासीय क्षेत्र
प्रस्टोका,7,324,आवासीय क्षेत्र
प्रस्टोका,7,326,आवासीय क्षेत्र
प्रस्टोका,7,331,आवासीय क्षेत्र
प्रस्टोका,7,337,आवासीय क्षेत्र
प्रस्टोका,7,338,आवासीय क्षेत्र
प्रस्टोका,7,339,आवासीय क्षेत्र
प्रस्टोका,7,340,आवासीय क्षेत्र
प्रस्टोका,7,370,कृषि क्षेत्र
प्रस्टोका,7,371,कृषि क्षेत्र
प्रस्टोका,7,372,कृषि क्षेत्र
प्रस्टोका,7,373,कृषि क्षेत्र
प्रस्टोका,7,374,आवासीय क्षेत्र
प्रस्टोका,7,382,कृषि क्षेत्र
प्रस्टोका,7,383,आवासीय क्षेत्र
प्रस्टोका,7,402,कृषि क्षेत्र
प्रस्टोका,7,403,कृषि क्षेत्र
प्रस्टोका,7,408,आवासीय क्षेत्र
प्रस्टोका,7,409,आवासीय क्षेत्र
प्रस्टोका,7,410,कृषि क्षेत्र
प्रस्टोका,7,411,"नदी, खोला, ताल, सिमसार क्षेत्र"
प्रस्टोका,7,414,आवासीय क्षेत्र
प्रस्टोका,7,458,कृषि क्षेत्र
प्रस्टोका,7,459,कृषि क्षेत्र
प्रस्टोका,7,462,आवासीय क्षेत्र
प्रस्टोका,7,463,आवासीय क्षेत्र
प्रस्टोका,7,477,कृषि क्षेत्र
प्रस्टोका,7,478,कृषि क्षेत्र
प्रस्टोका,7,479,कृषि क्षेत्र
प्रस्टोका,7,480,कृषि क्षेत्र
प्रस्टोका,7,517,कृषि क्षेत्र
प्रस्टोका,7,519,आवासीय क्षेत्र
प्रस्टोका,7,521,आवासीय क्षेत्र
प्रस्टोका,7,522,आवासीय क्षेत्र
प्रस्टोका,7,523,आवासीय क्षेत्र
प्रस्टोका,7,524,कृषि क्षेत्र
प्रस्टोका,7,529,आवासीय क्षेत्र
प्रस्टोका,7,530,आवासीय क्षेत्र
प्रस्टोका,7,531,आवासीय क्षेत्र
प्रस्टोका,7,532,आवासीय क्षेत्र
प्रस्टोका,7,535,कृषि क्षेत्र
प्रस्टोका,7,536,कृषि क्षेत्र
प्रस्टोका,7,537,कृषि क्षेत्र
प्रस्टोका,7,551,कृषि क्षेत्र
प्रस्टोका,7,552,कृषि क्षेत्र
प्रस्टोका,7,553,कृषि क्षेत्र
प्रस्टोका,7,566,कृषि क्षेत्र
प्रस्टोका,7,567,कृषि क्षेत्र
प्रस्टोका,7,569,कृषि क्षेत्र
प्रस्टोका,7,570,कृषि क्षेत्र
प्रस्टोका,7,573,आवासीय क्षेत्र
प्रस्टोका,7,582,आवासीय क्षेत्र
प्रस्टोका,7,583,आवासीय क्षेत्र
प्रस्टोका,7,584,आवासीय क्षेत्र
प्रस्टोका,7,589,आवासीय क्षेत्र
प्रस्टोका,7,590,आवासीय क्षेत्र
प्रस्टोका,7,595,कृषि क्षेत्र
प्रस्टोका,7,597,कृषि क्षेत्र
प्रस्टोका,7,600,कृषि क्षेत्र
प्रस्टोका,7,601,कृषि क्षेत्र
प्रस्टोका,7,681,आवासीय क्षेत्र
प्रस्टोका,7,682,आवासीय क्षेत्र
प्रस्टोका,7,683,आवासीय क्षेत्र
प्रस्टोका,7,683,आवासीय क्षेत्र
प्रस्टोका,7,686,कृषि क्षेत्र
प्रस्टोका,7,687,कृषि क्षेत्र
प्रस्टोका,7,688,आवासीय क्षेत्र
प्रस्टोका,7,689,कृषि क्षेत्र
प्रस्टोका,7,693,कृषि क्षेत्र
प्रस्टोका,7,694,कृषि क्षेत्र
प्रस्टोका,7,698,कृषि क्षेत्र
प्रस्टोका,7,699,कृषि क्षेत्र
प्रस्टोका,7,712,कृषि क्षेत्र
प्रस्टोका,7,713,कृषि क्षेत्र
प्रस्टोका,7,726,आवासीय क्षेत्र
प्रस्टोका,7,727,आवासीय क्षेत्र
प्रस्टोका,7,728,आवासीय क्षेत्र
प्रस्टोका,7,738,आवासीय क्षेत्र
प्रस्टोका,7,739,आवासीय क्षेत्र
प्रस्टोका,7,740,आवासीय क्षेत्र
प्रस्टोका,7,743,कृषि क्षेत्र
प्रस्टोका,7,797,कृषि क्षेत्र
प्रस्टोका,7,798,कृषि क्षेत्र
प्रस्टोका,7,799,कृषि क्षेत्र
प्रस्टोका,7,800,कृषि क्षेत्र
प्रस्टोका,7,807,कृषि क्षेत्र
प्रस्टोका,7,808,कृषि क्षेत्र
प्रस्टोका,7,811,आवासीय क्षेत्र
प्रस्टोका,7,812,आवासीय क्षेत्र
प्रस्टोका,7,813,आवासीय क्षेत्र
प्रस्टोका,7,814,आवासीय क्षेत्र
प्रस्टोका,7,815,आवासीय क्षेत्र
प्रस्टोका,7,818,कृषि क्षेत्र
प्रस्टोका,7,819,कृषि क्षेत्र
प्रस्टोका,7,839,आवासीय क्षेत्र
प्रस्टोका,7,840,आवासीय क्षेत्र
प्रस्टोका,7,851,कृषि क्षेत्र
प्रस्टोका,7,852,कृषि क्षेत्र
प्रस्टोका,7,871,कृषि क्षेत्र
प्रस्टोका,7,872,कृषि क्षेत्र
प्रस्टोका,7,873,आवासीय क्षेत्र
प्रस्टोका,7,874,व्यावसायिक क्षेत्र
प्रस्टोका,7,876,कृषि क्षेत्र
प्रस्टोका,7,881,कृषि क्षेत्र
प्रस्टोका,7,882,कृषि क्षेत्र
प्रस्टोका,7,887,आवासीय क्षेत्र
प्रस्टोका,7,888,आवासीय क्षेत्र
प्रस्टोका,7,889,आवासीय क्षेत्र
प्रस्टोका,7,891,आवासीय क्षेत्र
प्रस्टोका,7,892,आवासीय क्षेत्र
प्रस्टोका,7,893,कृषि क्षेत्र
प्रस्टोका,7,894,कृषि क्षेत्र
प्रस्टोका,7,895,कृषि क्षेत्र
प्रस्टोका,7,896,कृषि क्षेत्र
प्रस्टोका,7,897,आवासीय क्षेत्र
प्रस्टोका,7,898,आवासीय क्षेत्र
प्रस्टोका,7,899,आवासीय क्षेत्र
प्रस्टोका,7,900,आवासीय क्षेत्र
प्रस्टोका,7,901,आवासीय क्षेत्र
प्रस्टोका,7,902,आवासीय क्षेत्र
प्रस्टोका,7,903,आवासीय क्षेत्र
प्रस्टोका,7,904,आवासीय क्षेत्र
प्रस्टोका,7,905,आवासीय क्षेत्र
प्रस्टोका,7,907,आवासीय क्षेत्र
प्रस्टोका,7,908,आवासीय क्षेत्र
प्रस्टोका,7,909,आवासीय क्षेत्र
प्रस्टोका,7,910,आवासीय क्षेत्र
प्रस्टोका,7,915,आवासीय क्षेत्र
प्रस्टोका,7,916,आवासीय क्षेत्र
प्रस्टोका,7,917,आवासीय क्षेत्र
प्रस्टोका,7,918,आवासीय क्षेत्र
प्रस्टोका,7,919,आवासीय क्षेत्र
प्रस्टोका,7,920,आवासीय क्षेत्र
प्रस्टोका,7,921,आवासीय क्षेत्र
प्रस्टोका,7,925,कृषि क्षेत्र
प्रस्टोका,7,926,कृषि क्षेत्र
प्रस्टोका,7,927,आवासीय क्षेत्र
प्रस्टोका,7,928,आवासीय क्षेत्र
प्रस्टोका,7,935,आवासीय क्षेत्र
प्रस्टोका,7,936,आवासीय क्षेत्र
प्रस्टोका,7,937,आवासीय क्षेत्र
प्रस्टोका,7,938,आवासीय क्षेत्र
प्रस्टोका,7,943,आवासीय क्षेत्र
प्रस्टोका,7,944,आवासीय क्षेत्र
प्रस्टोका,7,945,आवासीय क्षेत्र
प्रस्टोका,7,946,आवासीय क्षेत्र
प्रस्टोका,7,947,कृषि क्षेत्र
प्रस्टोका,7,948,कृषि क्षेत्र
प्रस्टोका,7,954,कृषि क्षेत्र
प्रस्टोका,7,955,कृषि क्षेत्र
प्रस्टोका,7,956,कृषि क्षेत्र
प्रस्टोका,7,957,कृषि क्षेत्र
प्रस्टोका,7,958,कृषि क्षेत्र
प्रस्टोका,7,959,कृषि क्षेत्र
प्रस्टोका,7,960,आवासीय क्षेत्र
प्रस्टोका,7,961,आवासीय क्षेत्र
प्रस्टोका,7,962,आवासीय क्षेत्र
प्रस्टोका,7,963,आवासीय क्षेत्र
प्रस्टोका,7,964,आवासीय क्षेत्र
प्रस्टोका,7,965,आवासीय क्षेत्र
प्रस्टोका,7,966,आवासीय क्षेत्र
प्रस्टोका,7,973,कृषि क्षेत्र
प्रस्टोका,7,974,कृषि क्षेत्र
प्रस्टोका,7 गाउँ,0,आवासीय क्षेत्र
प्रस्टोका,7 गाउँ,0,आवासीय क्षेत्र
प्रस्टोका,7 गाउँ,0,आवासीय क्षेत्र
प्रस्टोका,7 गाउँ,0,कृषि क्षेत्र
प्रस्टोका,7 गाउँ,0,कृषि क्षेत्र
प्रस्टोका,7 गाउँ,0,"नदी, खोला, ताल, सिमसार क्षेत्र"
प्रस्टोका,7 गाउँ,2,कृषि क्षेत्र
प्रस्टोका,7 गाउँ,3,कृषि क्षेत्र
प्रस्टोका,7 गाउँ,4,कृषि क्षेत्र
प्रस्टोका,7 गाउँ,6,कृषि क्षेत्र
प्रस्टोका,7 गाउँ,7,कृषि क्षेत्र
प्रस्टोका,7 गाउँ,8,कृषि क्षेत्र
प्रस्टोका,7 गाउँ,9,कृषि क्षेत्र
प्रस्टोका,7 गाउँ,10,कृषि क्षेत्र
प्रस्टोका,7 गाउँ,11,आवासीय क्षेत्र
प्रस्टोका,7 गाउँ,11,कृषि क्षेत्र
प्रस्टोका,7 गाउँ,13,कृषि क्षेत्र
प्रस्टोका,7 गाउँ,14,आवासीय क्षेत्र
प्रस्टोका,7 गाउँ,15,कृषि क्षेत्र
प्रस्टोका,7 गाउँ,17,कृषि क्षेत्र
प्रस्टोका,7 गाउँ,18,आवासीय क्षेत्र
प्रस्टोका,7 गाउँ,19,कृषि क्षेत्र
प्रस्टोका,7 गाउँ,22,कृषि क्षेत्र
प्रस्टोका,7 गाउँ,23,कृषि क्षेत्र
प्रस्टोका,7 गाउँ,25,कृषि क्षेत्र
प्रस्टोका,7 गाउँ,26,कृषि क्षेत्र
प्रस्टोका,7 गाउँ,30,कृषि क्षेत्र
प्रस्टोका,7 गाउँ,32,कृषि क्षेत्र
प्रस्टोका,7 गाउँ,33,कृषि क्षेत्र
प्रस्टोका,7 गाउँ,34,कृषि क्षेत्र
प्रस्टोका,7 गाउँ,35,कृषि क्षेत्र
प्रस्टोका,7 गाउँ,36,कृषि क्षेत्र
प्रस्टोका,7 गाउँ,40,कृषि क्षेत्र
प्रस्टोका,7 गाउँ,42,कृषि क्षेत्र
प्रस्टोका,7 गाउँ,46,आवासीय क्षेत्र
प्रस्टोका,7 गाउँ,47,आवासीय क्षेत्र
प्रस्टोका,7 गाउँ,49,आवासीय क्षेत्र
प्रस्टोका,7 गाउँ,50,आवासीय क्षेत्र
प्रस्टोका,7 गाउँ,51,आवासीय क्षेत्र
प्रस्टोका,7 गाउँ,52,आवासीय क्षेत्र
प्रस्टोका,7 गाउँ,53,आवासीय क्षेत्र
प्रस्टोका,7 गाउँ,55,आवासीय क्षेत्र
प्रस्टोका,7 गाउँ,57,आवासीय क्षेत्र
प्रस्टोका,7 गाउँ,58,आवासीय क्षेत्र
प्रस्टोका,7 गाउँ,59,आवासीय क्षेत्र
प्रस्टोका,7 गाउँ,62,आवासीय क्षेत्र
प्रस्टोका,7 गाउँ,63,आवासीय क्षेत्र
प्रस्टोका,7 गाउँ,65,आवासीय क्षेत्र
प्रस्टोका,7 गाउँ,66,आवासीय क्षेत्र
प्रस्टोका,7 गाउँ,67,आवासीय क्षेत्र
प्रस्टोका,7 गाउँ,68,आवासीय क्षेत्र
प्रस्टोका,7 गाउँ,69,आवासीय क्षेत्र
प्रस्टोका,7 गाउँ,69,आवासीय क्षेत्र
प्रस्टोका,7 गाउँ,70,आवासीय क्षेत्र
प्रस्टोका,7 गाउँ,71,आवासीय क्षेत्र
प्रस्टोका,7 गाउँ,72,आवासीय क्षेत्र
प्रस्टोका,7 गाउँ,73,आवासीय क्षेत्र
प्रस्टोका,7 गाउँ,73,आवासीय क्षेत्र
प्रस्टोका,7 गाउँ,74,आवासीय क्षेत्र
प्रस्टोका,7 गाउँ,74,आवासीय क्षेत्र
प्रस्टोका,7 गाउँ,75,आवासीय क्षेत्र
प्रस्टोका,7 गाउँ,76,आवासीय क्षेत्र
प्रस्टोका,7 गाउँ,77,आवासीय क्षेत्र
प्रस्टोका,7 गाउँ,78,आवासीय क्षेत्र
प्रस्टोका,7 गाउँ,79,आवासीय क्षेत्र
प्रस्टोका,7 गाउँ,83,आवासीय क्षेत्र
प्रस्टोका,7 गाउँ,85,आवासीय क्षेत्र
प्रस्टोका,7 गाउँ,86,आवासीय क्षेत्र
प्रस्टोका,7 गाउँ,89,आवासीय क्षेत्र
प्रस्टोका,7 गाउँ,91,आवासीय क्षेत्र
प्रस्टोका,7 गाउँ,92,आवासीय क्षेत्र
प्रस्टोका,7 गाउँ,93,आवासीय क्षेत्र
प्रस्टोका,7 गाउँ,94,आवासीय क्षेत्र
प्रस्टोका,7 गाउँ,94,आवासीय क्षेत्र
प्रस्टोका,7 गाउँ,95,आवासीय क्षेत्र
प्रस्टोका,7 गाउँ,96,आवासीय क्षेत्र
प्रस्टोका,7 गाउँ,97,आवासीय क्षेत्र
प्रस्टोका,7 गाउँ,98,आवासीय क्षेत्र
प्रस्टोका,7 गाउँ,99,आवासीय क्षेत्र
प्रस्टोका,7 गाउँ,100,आवासीय क्षेत्र
प्रस्टोका,7 गाउँ,101,आवासीय क्षेत्र
प्रस्टोका,7 गाउँ,102,आवासीय क्षेत्र
प्रस्टोका,7 गाउँ,103,आवासीय क्षेत्र
प्रस्टोका,7 गाउँ,106,आवासीय क्षेत्र
प्रस्टोका,7 गाउँ,107,आवासीय क्षेत्र
प्रस्टोका,7 गाउँ,108,आवासीय क्षेत्र
प्रस्टोका,7 गाउँ,109,आवासीय क्षेत्र
प्रस्टोका,7 गाउँ,111,आवासीय क्षेत्र
प्रस्टोका,7 गाउँ,112,आवासीय क्षेत्र
प्रस्टोका,7 गाउँ,112,आवासीय क्षेत्र
प्रस्टोका,7 गाउँ,113,आवासीय क्षेत्र
प्रस्टोका,7 गाउँ,114,आवासीय क्षेत्र
प्रस्टोका,7 गाउँ,115,आवासीय क्षेत्र
प्रस्टोका,7 गाउँ,116,आवासीय क्षेत्र
प्रस्टोका,7 गाउँ,117,आवासीय क्षेत्र
प्रस्टोका,7 गाउँ,119,आवासीय क्षेत्र
प्रस्टोका,7 गाउँ,120,आवासीय क्षेत्र
प्रस्टोका,7 गाउँ,121,आवासीय क्षेत्र
प्रस्टोका,7 गाउँ,122,आवासीय क्षेत्र
प्रस्टोका,7 गाउँ,123,आवासीय क्षेत्र
प्रस्टोका,7 गाउँ,126,आवासीय क्षेत्र
प्रस्टोका,7 गाउँ,127,आवासीय क्षेत्र
प्रस्टोका,7 गाउँ,128,आवासीय क्षेत्र
प्रस्टोका,7 गाउँ,129,आवासीय क्षेत्र
प्रस्टोका,7 गाउँ,132,आवासीय क्षेत्र
प्रस्टोका,7 गाउँ,133,आवासीय क्षेत्र
प्रस्टोका,7 गाउँ,134,आवासीय क्षेत्र
प्रस्टोका,7 गाउँ,137,आवासीय क्षेत्र
प्रस्टोका,7 गाउँ,139,आवासीय क्षेत्र
प्रस्टोका,7 गाउँ,141,आवासीय क्षेत्र
प्रस्टोका,7 गाउँ,142,आवासीय क्षेत्र
प्रस्टोका,7 गाउँ,144,आवासीय क्षेत्र
प्रस्टोका,7 गाउँ,145,आवासीय क्षेत्र
प्रस्टोका,7 गाउँ,146,आवासीय क्षेत्र
प्रस्टोका,7 गाउँ,148,आवासीय क्षेत्र
प्रस्टोका,7 गाउँ,149,आवासीय क्षेत्र
प्रस्टोका,7 गाउँ,150,आवासीय क्षेत्र
प्रस्टोका,7 गाउँ,153,आवासीय क्षेत्र
प्रस्टोका,7 गाउँ,154,आवासीय क्षेत्र
प्रस्टोका,7 गाउँ,155,आवासीय क्षेत्र
प्रस्टोका,7 गाउँ,157,आवासीय क्षेत्र
प्रस्टोका,7 गाउँ,158,आवासीय क्षेत्र
प्रस्टोका,7 गाउँ,159,आवासीय क्षेत्र
प्रस्टोका,7 गाउँ,162,आवासीय क्षेत्र
प्रस्टोका,7 गाउँ,163,आवासीय क्षेत्र
प्रस्टोका,7 गाउँ,165,आवासीय क्षेत्र
प्रस्टोका,7 गाउँ,166,आवासीय क्षेत्र
प्रस्टोका,7 गाउँ,167,आवासीय क्षेत्र
प्रस्टोका,7 गाउँ,168,आवासीय क्षेत्र
प्रस्टोका,7 गाउँ,169,आवासीय क्षेत्र
प्रस्टोका,7 गाउँ,173,आवासीय क्षेत्र
प्रस्टोका,7 गाउँ,179,आवासीय क्षेत्र
प्रस्टोका,7 गाउँ,181,आवासीय क्षेत्र
प्रस्टोका,7 गाउँ,183,आवासीय क्षेत्र
प्रस्टोका,7 गाउँ,184,आवासीय क्षेत्र
प्रस्टोका,7 गाउँ,186,आवासीय क्षेत्र
प्रस्टोका,7 गाउँ,189,आवासीय क्षेत्र
प्रस्टोका,7 गाउँ,191,आवासीय क्षेत्र
प्रस्टोका,7 गाउँ,193,सार्वजनिक उपयोगको क्षेत्र
प्रस्टोका,7 गाउँ,196,आवासीय क्षेत्र
प्रस्टोका,7 गाउँ,198,कृषि क्षेत्र
प्रस्टोका,7 गाउँ,199,कृषि क्षेत्र
प्रस्टोका,7 गाउँ,200,कृषि क्षेत्र
प्रस्टोका,7 गाउँ,202,कृषि क्षेत्र
प्रस्टोका,7 गाउँ,203,कृषि क्षेत्र
प्रस्टोका,7 गाउँ,205,आवासीय क्षेत्र
प्रस्टोका,7 गाउँ,207,आवासीय क्षेत्र
प्रस्टोका,7 गाउँ,207,आवासीय क्षेत्र
प्रस्टोका,7 गाउँ,208,आवासीय क्षेत्र
प्रस्टोका,7 गाउँ,209,आवासीय क्षेत्र
प्रस्टोका,7 गाउँ,210,आवासीय क्षेत्र
प्रस्टोका,7 गाउँ,211,आवासीय क्षेत्र
प्रस्टोका,7 गाउँ,212,आवासीय क्षेत्र
प्रस्टोका,7 गाउँ,215,कृषि क्षेत्र
प्रस्टोका,7 गाउँ,216,कृषि क्षेत्र
प्रस्टोका,7 गाउँ,217,कृषि क्षेत्र
प्रस्टोका,7 गाउँ,218,कृषि क्षेत्र
प्रस्टोका,7 गाउँ,219,कृषि क्षेत्र
प्रस्टोका,7 गाउँ,220,कृषि क्षेत्र
प्रस्टोका,7 गाउँ,221,कृषि क्षेत्र
प्रस्टोका,7 गाउँ,222,कृषि क्षेत्र
प्रस्टोका,7 गाउँ,223,कृषि क्षेत्र
प्रस्टोका,7 गाउँ,224,आवासीय क्षेत्र
प्रस्टोका,7 गाउँ,225,आवासीय क्षेत्र
प्रस्टोका,7 गाउँ,226,कृषि क्षेत्र
प्रस्टोका,7 गाउँ,231,आवासीय क्षेत्र
प्रस्टोका,7 गाउँ,232,आवासीय क्षेत्र
प्रस्टोका,7 गाउँ,239,आवासीय क्षेत्र
प्रस्टोका,7 गाउँ,246,आवासीय क्षेत्र
प्रस्टोका,7 गाउँ,247,आवासीय क्षेत्र
प्रस्टोका,7 गाउँ,248,आवासीय क्षेत्र
प्रस्टोका,7 गाउँ,249,आवासीय क्षेत्र
प्रस्टोका,7 गाउँ,250,आवासीय क्षेत्र
प्रस्टोका,7 गाउँ,251,आवासीय क्षेत्र
प्रस्टोका,7 गाउँ,252,आवासीय क्षेत्र
प्रस्टोका,7 गाउँ,253,आवासीय क्षेत्र
प्रस्टोका,7 गाउँ,254,आवासीय क्षेत्र
प्रस्टोका,7 गाउँ,256,कृषि क्षेत्र
प्रस्टोका,7 गाउँ,257,कृषि क्षेत्र
प्रस्टोका,7 गाउँ,258,कृषि क्षेत्र
प्रस्टोका,7 गाउँ,259,कृषि क्षेत्र
प्रस्टोका,7 गाउँ,260,कृषि क्षेत्र
प्रस्टोका,7 गाउँ,261,कृषि क्षेत्र
प्रस्टोका,7 गाउँ,262,कृषि क्षेत्र
प्रस्टोका,7 गाउँ,263,कृषि क्षेत्र
प्रस्टोका,7 गाउँ,264,आवासीय क्षेत्र
प्रस्टोका,7 गाउँ,264,आवासीय क्षेत्र
प्रस्टोका,7 गाउँ,265,आवासीय क्षेत्र
प्रस्टोका,7 गाउँ,266,आवासीय क्षेत्र
प्रस्टोका,7 गाउँ,267,आवासीय क्षेत्र
प्रस्टोका,7 गाउँ,269,आवासीय क्षेत्र
प्रस्टोका,7 गाउँ,271,आवासीय क्षेत्र
प्रस्टोका,7 गाउँ,272,आवासीय क्षेत्र
प्रस्टोका,7 गाउँ,273,आवासीय क्षेत्र
प्रस्टोका,7 गाउँ,274,कृषि क्षेत्र
प्रस्टोका,7 गाउँ,276,कृषि क्षेत्र
प्रस्टोका,7 गाउँ,277,आवासीय क्षेत्र
प्रस्टोका,7 गाउँ,278,आवासीय क्षेत्र
प्रस्टोका,7 गाउँ,279,आवासीय क्षेत्र
प्रस्टोका,7 गाउँ,280,आवासीय क्षेत्र
प्रस्टोका,7 गाउँ,281,आवासीय क्षेत्र
प्रस्टोका,7 गाउँ,281,आवासीय क्षेत्र
प्रस्टोका,7 गाउँ,282,आवासीय क्षेत्र
प्रस्टोका,7 गाउँ,283,आवासीय क्षेत्र
प्रस्टोका,7 गाउँ,284,आवासीय क्षेत्र
प्रस्टोका,7 गाउँ,285,आवासीय क्षेत्र
प्रस्टोका,7 गाउँ,287,आवासीय क्षेत्र
प्रस्टोका,7 गाउँ,288,आवासीय क्षेत्र
प्रस्टोका,7 गाउँ,289,आवासीय क्षेत्र
प्रस्टोका,7 गाउँ,292,आवासीय क्षेत्र
प्रस्टोका,7 गाउँ,296,आवासीय क्षेत्र
प्रस्टोका,7 गाउँ,297,आवासीय क्षेत्र
प्रस्टोका,7 गाउँ,302,आवासीय क्षेत्र
प्रस्टोका,7 गाउँ,303,आवासीय क्षेत्र
प्रस्टोका,7 गाउँ,304,आवासीय क्षेत्र
प्रस्टोका,7 गाउँ,309,आवासीय क्षेत्र
प्रस्टोका,7 गाउँ,310,आवासीय क्षेत्र
प्रस्टोका,7 गाउँ,311,आवासीय क्षेत्र
प्रस्टोका,7 गाउँ,312,आवासीय क्षेत्र
प्रस्टोका,7 गाउँ,313,आवासीय क्षेत्र
प्रस्टोका,7 गाउँ,314,आवासीय क्षेत्र
प्रस्टोका,7 गाउँ,319,आवासीय क्षेत्र
प्रस्टोका,7 गाउँ,320,आवासीय क्षेत्र
प्रस्टोका,7 गाउँ,321,आवासीय क्षेत्र
प्रस्टोका,7 गाउँ,322,आवासीय क्षेत्र
प्रस्टोका,7 गाउँ,324,आवासीय क्षेत्र
प्रस्टोका,7 गाउँ,325,आवासीय क्षेत्र
प्रस्टोका,7 गाउँ,326,आवासीय क्षेत्र
प्रस्टोका,7 गाउँ,327,आवासीय क्षेत्र
प्रस्टोका,7 गाउँ,328,आवासीय क्षेत्र
प्रस्टोका,7 गाउँ,329,आवासीय क्षेत्र
प्रस्टोका,7 गाउँ,330,आवासीय क्षेत्र
प्रस्टोका,7 गाउँ,331,आवासीय क्षेत्र
प्रस्टोका,7 गाउँ,332,आवासीय क्षेत्र
प्रस्टोका,7 गाउँ,333,आवासीय क्षेत्र
प्रस्टोका,7 गाउँ,335,आवासीय क्षेत्र
प्रस्टोका,7 गाउँ,336,आवासीय क्षेत्र
प्रस्टोका,7 गाउँ,337,आवासीय क्षेत्र
प्रस्टोका,7 गाउँ,338,आवासीय क्षेत्र
प्रस्टोका,7 गाउँ,340,आवासीय क्षेत्र
प्रस्टोका,7 गाउँ,341,आवासीय क्षेत्र
प्रस्टोका,7 गाउँ,342,आवासीय क्षेत्र
प्रस्टोका,7 गाउँ,343,आवासीय क्षेत्र
प्रस्टोका,7 गाउँ,346,आवासीय क्षेत्र
प्रस्टोका,7 गाउँ,347,आवासीय क्षेत्र
प्रस्टोका,7 गाउँ,348,आवासीय क्षेत्र
प्रस्टोका,7 गाउँ,349,आवासीय क्षेत्र
प्रस्टोका,7 गाउँ,350,आवासीय क्षेत्र
प्रस्टोका,7 गाउँ,351,आवासीय क्षेत्र
प्रस्टोका,7 गाउँ,352,आवासीय क्षेत्र
प्रस्टोका,7 गाउँ,353,आवासीय क्षेत्र
प्रस्टोका,7 गाउँ,354,आवासीय क्षेत्र
प्रस्टोका,7 गाउँ,355,आवासीय क्षेत्र
प्रस्टोका,7 गाउँ,357,आवासीय क्षेत्र
प्रस्टोका,7 गाउँ,358,आवासीय क्षेत्र
प्रस्टोका,7 गाउँ,361,आवासीय क्षेत्र
प्रस्टोका,7 गाउँ,362,आवासीय क्षेत्र
प्रस्टोका,7 गाउँ,363,आवासीय क्षेत्र
प्रस्टोका,7 गाउँ,366,आवासीय क्षेत्र
प्रस्टोका,7 गाउँ,367,आवासीय क्षेत्र
प्रस्टोका,7 गाउँ,368,आवासीय क्षेत्र
प्रस्टोका,7 गाउँ,369,आवासीय क्षेत्र
प्रस्टोका,7 गाउँ,372,आवासीय क्षेत्र
प्रस्टोका,7 गाउँ,373,आवासीय क्षेत्र
प्रस्टोका,7 गाउँ,374,आवासीय क्षेत्र
प्रस्टोका,7 गाउँ,380,कृषि क्षेत्र
प्रस्टोका,7 गाउँ,381,कृषि क्षेत्र
प्रस्टोका,7 गाउँ,384,आवासीय क्षेत्र
प्रस्टोका,7 गाउँ,385,आवासीय क्षेत्र
प्रस्टोका,7 गाउँ,386,कृषि क्षेत्र
प्रस्टोका,7 गाउँ,387,कृषि क्षेत्र
प्रस्टोका,7 गाउँ,388,आवासीय क्षेत्र
प्रस्टोका,7 गाउँ,390,आवासीय क्षेत्र
प्रस्टोका,7 गाउँ,391,आवासीय क्षेत्र
प्रस्टोका,7 गाउँ,392,आवासीय क्षेत्र
प्रस्टोका,7 गाउँ,393,आवासीय क्षेत्र
प्रस्टोका,7 गाउँ,394,आवासीय क्षेत्र
प्रस्टोका,7 गाउँ,395,आवासीय क्षेत्र
प्रस्टोका,7 गाउँ,396,आवासीय क्षेत्र
प्रस्टोका,7 गाउँ,397,आवासीय क्षेत्र
प्रस्टोका,7 गाउँ,398,आवासीय क्षेत्र
प्रस्टोका,7 गाउँ,399,व्यावसायिक क्षेत्र
प्रस्टोका,7 गाउँ,400,व्यावसायिक क्षेत्र
प्रस्टोका,7 गाउँ,401,आवासीय क्षेत्र
प्रस्टोका,7 गाउँ,402,आवासीय क्षेत्र
प्रस्टोका,7 गाउँ,403,आवासीय क्षेत्र
प्रस्टोका,7 गाउँ,404,आवासीय क्षेत्र
प्रस्टोका,7 गाउँ,405,आवासीय क्षेत्र
प्रस्टोका,7 गाउँ,406,कृषि क्षेत्र
प्रस्टोका,7 गाउँ,407,कृषि क्षेत्र
प्रस्टोका,7 गाउँ,408,कृषि क्षेत्र
प्रस्टोका,7 गाउँ,409,आवासीय क्षेत्र
प्रस्टोका,7 गाउँ,410,आवासीय क्षेत्र
प्रस्टोका,8,0,आवासीय क्षेत्र
प्रस्टोका,8,0,आवासीय क्षेत्र
प्रस्टोका,8,0,आवासीय क्षेत्र
प्रस्टोका,8,0,आवासीय क्षेत्र
प्रस्टोका,8,0,आवासीय क्षेत्र
प्रस्टोका,8,0,आवासीय क्षेत्र
प्रस्टोका,8,0,आवासीय क्षेत्र
प्रस्टोका,8,0,सार्वजनिक उपयोगको क्षेत्र
प्रस्टोका,8,0,आवासीय क्षेत्र
प्रस्टोका,8,0,आवासीय क्षेत्र
प्रस्टोका,8,0,आवासीय क्षेत्र
प्रस्टोका,8,0,आवासीय क्षेत्र
प्रस्टोका,8,0,कृषि क्षेत्र
प्रस्टोका,8,0,आवासीय क्षेत्र
प्रस्टोका,8,0,आवासीय क्षेत्र
प्रस्टोका,8,0,आवासीय क्षेत्र
प्रस्टोका,8,0,आवासीय क्षेत्र
प्रस्टोका,8,0,आवासीय क्षेत्र
प्रस्टोका,8,0,कृषि क्षेत्र
प्रस्टोका,8,0,कृषि क्षेत्र
प्रस्टोका,8,0,कृषि क्षेत्र
प्रस्टोका,8,0,आवासीय क्षेत्र
प्रस्टोका,8,0,कृषि क्षेत्र
प्रस्टोका,8,0,कृषि क्षेत्र
प्रस्टोका,8,0,आवासीय क्षेत्र
प्रस्टोका,8,0,कृषि क्षेत्र
प्रस्टोका,8,0,आवासीय क्षेत्र
प्रस्टोका,8,0,आवासीय क्षेत्र
प्रस्टोका,8,0,आवासीय क्षेत्र
प्रस्टोका,8,0,कृषि क्षेत्र
प्रस्टोका,8,0,कृषि क्षेत्र
प्रस्टोका,8,0,कृषि क्षेत्र
प्रस्टोका,8,0,आवासीय क्षेत्र
प्रस्टोका,8,0,कृषि क्षेत्र
प्रस्टोका,8,0,आवासीय क्षेत्र
प्रस्टोका,8,0,कृषि क्षेत्र
प्रस्टोका,8,0,आवासीय क्षेत्र
प्रस्टोका,8,0,कृषि क्षेत्र
प्रस्टोका,8,0,आवासीय क्षेत्र
प्रस्टोका,8,0,कृषि क्षेत्र
प्रस्टोका,8,0,आवासीय क्षेत्र
प्रस्टोका,8,0,कृषि क्षेत्र
प्रस्टोका,8,0,आवासीय क्षेत्र
प्रस्टोका,8,0,कृषि क्षेत्र
प्रस्टोका,8,0,कृषि क्षेत्र
प्रस्टोका,8,0,कृषि क्षेत्र
प्रस्टोका,8,0,कृषि क्षेत्र
प्रस्टोका,8,0,कृषि क्षेत्र
प्रस्टोका,8,0,आवासीय क्षेत्र
प्रस्टोका,8,0,कृषि क्षेत्र
प्रस्टोका,8,0,कृषि क्षेत्र
प्रस्टोका,8,0,कृषि क्षेत्र
प्रस्टोका,8,0,आवासीय क्षेत्र
प्रस्टोका,8,0,कृषि क्षेत्र
प्रस्टोका,8,0,कृषि क्षेत्र
प्रस्टोका,8,0,कृषि क्षेत्र
प्रस्टोका,8,0,कृषि क्षेत्र
प्रस्टोका,8,0,कृषि क्षेत्र
प्रस्टोका,8,0,कृषि क्षेत्र
प्रस्टोका,8,0,आवासीय क्षेत्र
प्रस्टोका,8,0,आवासीय क्षेत्र
प्रस्टोका,8,0,कृषि क्षेत्र
प्रस्टोका,8,0,कृषि क्षेत्र
प्रस्टोका,8,0,कृषि क्षेत्र
प्रस्टोका,8,0,कृषि क्षेत्र
प्रस्टोका,8,0,कृषि क्षेत्र
प्रस्टोका,8,0,कृषि क्षेत्र
प्रस्टोका,8,0,कृषि क्षेत्र
प्रस्टोका,8,0,आवासीय क्षेत्र
प्रस्टोका,8,0,कृषि क्षेत्र
प्रस्टोका,8,0,कृषि क्षेत्र
प्रस्टोका,8,0,आवासीय क्षेत्र
प्रस्टोका,8,0,सार्वजनिक उपयोगको क्षेत्र
प्रस्टोका,8,0,कृषि क्षेत्र
प्रस्टोका,8,1,कृषि क्षेत्र
प्रस्टोका,8,2,कृषि क्षेत्र
प्रस्टोका,8,3,कृषि क्षेत्र
प्रस्टोका,8,4,कृषि क्षेत्र
प्रस्टोका,8,11,कृषि क्षेत्र
प्रस्टोका,8,12,कृषि क्षेत्र
प्रस्टोका,8,13,कृषि क्षेत्र
प्रस्टोका,8,14,कृषि क्षेत्र
प्रस्टोका,8,19,कृषि क्षेत्र
प्रस्टोका,8,20,कृषि क्षेत्र
प्रस्टोका,8,21,कृषि क्षेत्र
प्रस्टोका,8,22,कृषि क्षेत्र
प्रस्टोका,8,23,कृषि क्षेत्र
प्रस्टोका,8,25,कृषि क्षेत्र
प्रस्टोका,8,27,कृषि क्षेत्र
प्रस्टोका,8,28,कृषि क्षेत्र
प्रस्टोका,8,30,आवासीय क्षेत्र
प्रस्टोका,8,34,कृषि क्षेत्र
प्रस्टोका,8,35,कृषि क्षेत्र
प्रस्टोका,8,36,कृषि क्षेत्र
प्रस्टोका,8,39,कृषि क्षेत्र
प्रस्टोका,8,41,कृषि क्षेत्र
प्रस्टोका,8,43,कृषि क्षेत्र
प्रस्टोका,8,46,आवासीय क्षेत्र
प्रस्टोका,8,47,कृषि क्षेत्र
प्रस्टोका,8,48,कृषि क्षेत्र
प्रस्टोका,8,50,कृषि क्षेत्र
प्रस्टोका,8,53,कृषि क्षेत्र
प्रस्टोका,8,54,कृषि क्षेत्र
प्रस्टोका,8,57,आवासीय क्षेत्र
प्रस्टोका,8,59,आवासीय क्षेत्र
प्रस्टोका,8,61,आवासीय क्षेत्र
प्रस्टोका,8,62,आवासीय क्षेत्र
प्रस्टोका,8,64,आवासीय क्षेत्र
प्रस्टोका,8,65,आवासीय क्षेत्र
प्रस्टोका,8,66,आवासीय क्षेत्र
प्रस्टोका,8,67,कृषि क्षेत्र
प्रस्टोका,8,68,कृषि क्षेत्र
प्रस्टोका,8,69,कृषि क्षेत्र
प्रस्टोका,8,70,आवासीय क्षेत्र
प्रस्टोका,8,77,आवासीय क्षेत्र
प्रस्टोका,8,79,आवासीय क्षेत्र
प्रस्टोका,8,80,आवासीय क्षेत्र
प्रस्टोका,8,81,आवासीय क्षेत्र
प्रस्टोका,8,83,कृषि क्षेत्र
प्रस्टोका,8,84,आवासीय क्षेत्र
प्रस्टोका,8,86,कृषि क्षेत्र
प्रस्टोका,8,87,कृषि क्षेत्र
प्रस्टोका,8,88,कृषि क्षेत्र
प्रस्टोका,8,90,कृषि क्षेत्र
प्रस्टोका,8,91,कृषि क्षेत्र
प्रस्टोका,8,92,कृषि क्षेत्र
प्रस्टोका,8,95,आवासीय क्षेत्र
प्रस्टोका,8,98,कृषि क्षेत्र
प्रस्टोका,8,99,कृषि क्षेत्र
प्रस्टोका,8,104,कृषि क्षेत्र
प्रस्टोका,8,105,कृषि क्षेत्र
प्रस्टोका,8,107,कृषि क्षेत्र
प्रस्टोका,8,108,कृषि क्षेत्र
प्रस्टोका,8,109,कृषि क्षेत्र
प्रस्टोका,8,112,कृषि क्षेत्र
प्रस्टोका,8,113,कृषि क्षेत्र
प्रस्टोका,8,120,आवासीय क्षेत्र
प्रस्टोका,8,122,आवासीय क्षेत्र
प्रस्टोका,8,125,कृषि क्षेत्र
प्रस्टोका,8,126,कृषि क्षेत्र
प्रस्टोका,8,129,कृषि क्षेत्र
प्रस्टोका,8,131,कृषि क्षेत्र
प्रस्टोका,8,137,कृषि क्षेत्र
प्रस्टोका,8,140,कृषि क्षेत्र
प्रस्टोका,8,141,कृषि क्षेत्र
प्रस्टोका,8,143,आवासीय क्षेत्र
प्रस्टोका,8,144,आवासीय क्षेत्र
प्रस्टोका,8,147,आवासीय क्षेत्र
प्रस्टोका,8,148,आवासीय क्षेत्र
प्रस्टोका,8,150,आवासीय क्षेत्र
प्रस्टोका,8,153,आवासीय क्षेत्र
प्रस्टोका,8,154,आवासीय क्षेत्र
प्रस्टोका,8,158,कृषि क्षेत्र
प्रस्टोका,8,160,कृषि क्षेत्र
प्रस्टोका,8,161,कृषि क्षेत्र
प्रस्टोका,8,164,आवासीय क्षेत्र
प्रस्टोका,8,165,आवासीय क्षेत्र
प्रस्टोका,8,166,आवासीय क्षेत्र
प्रस्टोका,8,167,आवासीय क्षेत्र
प्रस्टोका,8,172,कृषि क्षेत्र
प्रस्टोका,8,176,कृषि क्षेत्र
प्रस्टोका,8,177,कृषि क्षेत्र
प्रस्टोका,8,178,कृषि क्षेत्र
प्रस्टोका,8,179,कृषि क्षेत्र
प्रस्टोका,8,182,कृषि क्षेत्र
प्रस्टोका,8,190,कृषि क्षेत्र
प्रस्टोका,8,191,कृषि क्षेत्र
प्रस्टोका,8,192,कृषि क्षेत्र
प्रस्टोका,8,193,कृषि क्षेत्र
प्रस्टोका,8,194,कृषि क्षेत्र
प्रस्टोका,8,195,कृषि क्षेत्र
प्रस्टोका,8,196,आवासीय क्षेत्र
प्रस्टोका,8,199,कृषि क्षेत्र
प्रस्टोका,8,200,आवासीय क्षेत्र
प्रस्टोका,8,203,कृषि क्षेत्र
प्रस्टोका,8,204,कृषि क्षेत्र
प्रस्टोका,8,206,आवासीय क्षेत्र
प्रस्टोका,8,207,आवासीय क्षेत्र
प्रस्टोका,8,208,आवासीय क्षेत्र
प्रस्टोका,8,209,आवासीय क्षेत्र
प्रस्टोका,8,210,आवासीय क्षेत्र
प्रस्टोका,8,212,आवासीय क्षेत्र
प्रस्टोका,8,213,आवासीय क्षेत्र
प्रस्टोका,8,214,आवासीय क्षेत्र
प्रस्टोका,8,215,आवासीय क्षेत्र
प्रस्टोका,8,216,आवासीय क्षेत्र
प्रस्टोका,8,217,आवासीय क्षेत्र
प्रस्टोका,8,223,कृषि क्षेत्र
प्रस्टोका,8,226,कृषि क्षेत्र
प्रस्टोका,8,238,कृषि क्षेत्र
प्रस्टोका,8,245,आवासीय क्षेत्र
प्रस्टोका,8,245,आवासीय क्षेत्र
प्रस्टोका,8,246,आवासीय क्षेत्र
प्रस्टोका,8,246,आवासीय क्षेत्र
प्रस्टोका,8,247,आवासीय क्षेत्र
प्रस्टोका,8,259,कृषि क्षेत्र
प्रस्टोका,8,260,कृषि क्षेत्र
प्रस्टोका,8,263,आवासीय क्षेत्र
प्रस्टोका,8,266,कृषि क्षेत्र
प्रस्टोका,8,280,कृषि क्षेत्र
प्रस्टोका,8,281,कृषि क्षेत्र
प्रस्टोका,8,282,कृषि क्षेत्र
प्रस्टोका,8,283,कृषि क्षेत्र
प्रस्टोका,8,286,कृषि क्षेत्र
प्रस्टोका,8,287,कृषि क्षेत्र
प्रस्टोका,8,290,कृषि क्षेत्र
प्रस्टोका,8,291,कृषि क्षेत्र
प्रस्टोका,8,299,कृषि क्षेत्र
प्रस्टोका,8,300,कृषि क्षेत्र
प्रस्टोका,8,301,कृषि क्षेत्र
प्रस्टोका,8,302,आवासीय क्षेत्र
प्रस्टोका,8,303,आवासीय क्षेत्र
प्रस्टोका,8,304,कृषि क्षेत्र
प्रस्टोका,8,306,कृषि क्षेत्र
प्रस्टोका,8,310,कृषि क्षेत्र
प्रस्टोका,8,311,कृषि क्षेत्र
प्रस्टोका,8,312,कृषि क्षेत्र
प्रस्टोका,8,313,आवासीय क्षेत्र
प्रस्टोका,8,314,आवासीय क्षेत्र
प्रस्टोका,8,315,आवासीय क्षेत्र
प्रस्टोका,8,317,आवासीय क्षेत्र
प्रस्टोका,8,318,कृषि क्षेत्र
प्रस्टोका,8,319,कृषि क्षेत्र
प्रस्टोका,8,320,कृषि क्षेत्र
प्रस्टोका,8,321,कृषि क्षेत्र
प्रस्टोका,8,322,कृषि क्षेत्र
प्रस्टोका,8,323,कृषि क्षेत्र
प्रस्टोका,8,324,कृषि क्षेत्र
प्रस्टोका,8,325,आवासीय क्षेत्र
प्रस्टोका,8,326,कृषि क्षेत्र
प्रस्टोका,8,328,कृषि क्षेत्र
प्रस्टोका,8,332,कृषि क्षेत्र
प्रस्टोका,8,333,कृषि क्षेत्र
प्रस्टोका,8,334,कृषि क्षेत्र
प्रस्टोका,8,335,कृषि क्षेत्र
प्रस्टोका,8,336,कृषि क्षेत्र
प्रस्टोका,8,337,कृषि क्षेत्र
प्रस्टोका,8,341,आवासीय क्षेत्र
प्रस्टोका,8,342,आवासीय क्षेत्र
प्रस्टोका,8,343,आवासीय क्षेत्र
प्रस्टोका,8,367,कृषि क्षेत्र
प्रस्टोका,8,371,कृषि क्षेत्र
प्रस्टोका,8,372,कृषि क्षेत्र
प्रस्टोका,8,373,कृषि क्षेत्र
प्रस्टोका,8,374,कृषि क्षेत्र
प्रस्टोका,8,380,कृषि क्षेत्र
प्रस्टोका,8,380,कृषि क्षेत्र
प्रस्टोका,8,380,कृषि क्षेत्र
प्रस्टोका,8,382,कृषि क्षेत्र
प्रस्टोका,8,383,आवासीय क्षेत्र
प्रस्टोका,8,385,आवासीय क्षेत्र
प्रस्टोका,8,388,कृषि क्षेत्र
प्रस्टोका,8,391,कृषि क्षेत्र
प्रस्टोका,8,392,कृषि क्षेत्र
प्रस्टोका,8,393,कृषि क्षेत्र
प्रस्टोका,8,398,कृषि क्षेत्र
प्रस्टोका,8,399,कृषि क्षेत्र
प्रस्टोका,8,400,कृषि क्षेत्र
प्रस्टोका,8,401,कृषि क्षेत्र
प्रस्टोका,8,402,कृषि क्षेत्र
प्रस्टोका,8,404,कृषि क्षेत्र
प्रस्टोका,8,406,कृषि क्षेत्र
प्रस्टोका,8,407,आवासीय क्षेत्र
प्रस्टोका,8,410,कृषि क्षेत्र
प्रस्टोका,8,411,कृषि क्षेत्र
प्रस्टोका,8,427,कृषि क्षेत्र
प्रस्टोका,8,428,कृषि क्षेत्र
प्रस्टोका,8,446,कृषि क्षेत्र
प्रस्टोका,8,450,कृषि क्षेत्र
प्रस्टोका,8,452,आवासीय क्षेत्र
प्रस्टोका,8,456,कृषि क्षेत्र
प्रस्टोका,8,457,कृषि क्षेत्र
प्रस्टोका,8,458,कृषि क्षेत्र
प्रस्टोका,8,459,कृषि क्षेत्र
प्रस्टोका,8,460,कृषि क्षेत्र
प्रस्टोका,8,461,कृषि क्षेत्र
प्रस्टोका,8,464,कृषि क्षेत्र
प्रस्टोका,8,466,कृषि क्षेत्र
प्रस्टोका,8,467,कृषि क्षेत्र
प्रस्टोका,8,467,कृषि क्षेत्र
प्रस्टोका,8,468,कृषि क्षेत्र
प्रस्टोका,8,490,कृषि क्षेत्र
प्रस्टोका,8,491,आवासीय क्षेत्र
प्रस्टोका,8,493,कृषि क्षेत्र
प्रस्टोका,8,494,आवासीय क्षेत्र
प्रस्टोका,8,495,कृषि क्षेत्र
प्रस्टोका,8,496,आवासीय क्षेत्र
प्रस्टोका,8,497,कृषि क्षेत्र
प्रस्टोका,8,498,कृषि क्षेत्र
प्रस्टोका,8,501,आवासीय क्षेत्र
प्रस्टोका,8,502,आवासीय क्षेत्र
प्रस्टोका,8,509,आवासीय क्षेत्र
प्रस्टोका,8,510,आवासीय क्षेत्र
प्रस्टोका,8,515,आवासीय क्षेत्र
प्रस्टोका,8,516,आवासीय क्षेत्र
प्रस्टोका,8,521,आवासीय क्षेत्र
प्रस्टोका,8,522,आवासीय क्षेत्र
प्रस्टोका,8,523,आवासीय क्षेत्र
प्रस्टोका,8,527,आवासीय क्षेत्र
प्रस्टोका,8,528,आवासीय क्षेत्र
प्रस्टोका,8,529,आवासीय क्षेत्र
प्रस्टोका,8,530,आवासीय क्षेत्र
प्रस्टोका,8,537,आवासीय क्षेत्र
प्रस्टोका,8,538,आवासीय क्षेत्र
प्रस्टोका,8,539,आवासीय क्षेत्र
प्रस्टोका,8,540,आवासीय क्षेत्र
प्रस्टोका,8,543,कृषि क्षेत्र
प्रस्टोका,8,544,कृषि क्षेत्र
प्रस्टोका,8,545,कृषि क्षेत्र
प्रस्टोका,8,546,कृषि क्षेत्र
प्रस्टोका,8,553,कृषि क्षेत्र
प्रस्टोका,8,553,कृषि क्षेत्र
प्रस्टोका,8,554,कृषि क्षेत्र
प्रस्टोका,8,554,कृषि क्षेत्र
प्रस्टोका,8,558,कृषि क्षेत्र
प्रस्टोका,8,560,कृषि क्षेत्र
प्रस्टोका,8,561,कृषि क्षेत्र
प्रस्टोका,8,562,कृषि क्षेत्र
प्रस्टोका,8,569,कृषि क्षेत्र
प्रस्टोका,8,570,कृषि क्षेत्र
प्रस्टोका,8,584,कृषि क्षेत्र
प्रस्टोका,8,606,कृषि क्षेत्र
प्रस्टोका,8,607,कृषि क्षेत्र
प्रस्टोका,8,615,कृषि क्षेत्र
प्रस्टोका,8,616,कृषि क्षेत्र
प्रस्टोका,8,617,कृषि क्षेत्र
प्रस्टोका,8,622,कृषि क्षेत्र
प्रस्टोका,8,623,कृषि क्षेत्र
प्रस्टोका,8,647,आवासीय क्षेत्र
प्रस्टोका,8,648,आवासीय क्षेत्र
प्रस्टोका,8,656,कृषि क्षेत्र
प्रस्टोका,8,657,कृषि क्षेत्र
प्रस्टोका,8,658,कृषि क्षेत्र
प्रस्टोका,8,659,आवासीय क्षेत्र
प्रस्टोका,8,660,आवासीय क्षेत्र
प्रस्टोका,8,661,कृषि क्षेत्र
प्रस्टोका,8,662,कृषि क्षेत्र
प्रस्टोका,8,663,कृषि क्षेत्र
प्रस्टोका,8,664,कृषि क्षेत्र
प्रस्टोका,8,666,कृषि क्षेत्र
प्रस्टोका,8,673,आवासीय क्षेत्र
प्रस्टोका,8,674,आवासीय क्षेत्र
प्रस्टोका,8,689,कृषि क्षेत्र
प्रस्टोका,8,690,कृषि क्षेत्र
प्रस्टोका,8,692,कृषि क्षेत्र
प्रस्टोका,8,693,कृषि क्षेत्र
प्रस्टोका,8,694,कृषि क्षेत्र
प्रस्टोका,8,708,कृषि क्षेत्र
प्रस्टोका,8,709,कृषि क्षेत्र
प्रस्टोका,8,710,कृषि क्षेत्र
प्रस्टोका,8,711,कृषि क्षेत्र
प्रस्टोका,8,729,कृषि क्षेत्र
प्रस्टोका,8,730,कृषि क्षेत्र
प्रस्टोका,8,771,कृषि क्षेत्र
प्रस्टोका,8,772,आवासीय क्षेत्र
प्रस्टोका,8,773,कृषि क्षेत्र
प्रस्टोका,8,774,कृषि क्षेत्र
प्रस्टोका,8,775,कृषि क्षेत्र
प्रस्टोका,8,800,कृषि क्षेत्र
प्रस्टोका,8,801,कृषि क्षेत्र
प्रस्टोका,8,802,कृषि क्षेत्र
प्रस्टोका,8,806,आवासीय क्षेत्र
प्रस्टोका,8,807,कृषि क्षेत्र
प्रस्टोका,8,810,आवासीय क्षेत्र
प्रस्टोका,8,811,कृषि क्षेत्र
प्रस्टोका,8,812,कृषि क्षेत्र
प्रस्टोका,8,813,कृषि क्षेत्र
प्रस्टोका,8,816,कृषि क्षेत्र
प्रस्टोका,8,817,कृषि क्षेत्र
प्रस्टोका,8,818,कृषि क्षेत्र
प्रस्टोका,8,819,कृषि क्षेत्र
प्रस्टोका,8,820,कृषि क्षेत्र
प्रस्टोका,8,822,कृषि क्षेत्र
प्रस्टोका,8,823,कृषि क्षेत्र
प्रस्टोका,8,824,कृषि क्षेत्र
प्रस्टोका,8,825,कृषि क्षेत्र
प्रस्टोका,8,826,आवासीय क्षेत्र
प्रस्टोका,8,832,कृषि क्षेत्र
प्रस्टोका,8,833,कृषि क्षेत्र
प्रस्टोका,8,834,आवासीय क्षेत्र
प्रस्टोका,8,835,आवासीय क्षेत्र
प्रस्टोका,8,865,कृषि क्षेत्र
प्रस्टोका,8,866,कृषि क्षेत्र
प्रस्टोका,8,869,कृषि क्षेत्र
प्रस्टोका,8,870,कृषि क्षेत्र
प्रस्टोका,8,875,आवासीय क्षेत्र
प्रस्टोका,8,877,कृषि क्षेत्र
प्रस्टोका,8,878,कृषि क्षेत्र
प्रस्टोका,8,888,कृषि क्षेत्र
प्रस्टोका,8,889,कृषि क्षेत्र
प्रस्टोका,8,895,आवासीय क्षेत्र
प्रस्टोका,8,896,आवासीय क्षेत्र
प्रस्टोका,8,897,आवासीय क्षेत्र
प्रस्टोका,8,898,आवासीय क्षेत्र
प्रस्टोका,8,905,आवासीय क्षेत्र
प्रस्टोका,8,906,आवासीय क्षेत्र
प्रस्टोका,8,907,आवासीय क्षेत्र
प्रस्टोका,8,908,आवासीय क्षेत्र
प्रस्टोका,8,914,कृषि क्षेत्र
प्रस्टोका,8,919,कृषि क्षेत्र
प्रस्टोका,8,920,कृषि क्षेत्र
प्रस्टोका,8,921,कृषि क्षेत्र
प्रस्टोका,8,922,कृषि क्षेत्र
प्रस्टोका,8,923,कृषि क्षेत्र
प्रस्टोका,8,924,कृषि क्षेत्र
प्रस्टोका,8,940,कृषि क्षेत्र
प्रस्टोका,8,941,कृषि क्षेत्र
प्रस्टोका,8,963,आवासीय क्षेत्र
प्रस्टोका,8,964,आवासीय क्षेत्र
प्रस्टोका,8,965,आवासीय क्षेत्र
प्रस्टोका,8,997,आवासीय क्षेत्र
प्रस्टोका,8,1001,आवासीय क्षेत्र
प्रस्टोका,8,1002,आवासीय क्षेत्र
प्रस्टोका,8,1003,कृषि क्षेत्र
प्रस्टोका,8,1004,कृषि क्षेत्र
प्रस्टोका,8,1005,आवासीय क्षेत्र
प्रस्टोका,8,1006,आवासीय क्षेत्र
प्रस्टोका,8,1007,आवासीय क्षेत्र
प्रस्टोका,8,1008,आवासीय क्षेत्र
प्रस्टोका,8,1011,कृषि क्षेत्र
प्रस्टोका,8,1013,आवासीय क्षेत्र
प्रस्टोका,8,1014,आवासीय क्षेत्र
प्रस्टोका,8,1015,आवासीय क्षेत्र
प्रस्टोका,8,1016,आवासीय क्षेत्र
प्रस्टोका,8,1017,कृषि क्षेत्र
प्रस्टोका,8,1018,कृषि क्षेत्र
प्रस्टोका,8,1023,आवासीय क्षेत्र
प्रस्टोका,8,1024,आवासीय क्षेत्र
प्रस्टोका,8,1025,आवासीय क्षेत्र
प्रस्टोका,8,1026,कृषि क्षेत्र
प्रस्टोका,8,1027,कृषि क्षेत्र
प्रस्टोका,8,1028,कृषि क्षेत्र
प्रस्टोका,8 गाउँ 1,0,आवासीय क्षेत्र
प्रस्टोका,8 गाउँ 1,0,आवासीय क्षेत्र
प्रस्टोका,8 गाउँ 1,0,आवासीय क्षेत्र
प्रस्टोका,8 गाउँ 1,0,आवासीय क्षेत्र
प्रस्टोका,8 गाउँ 1,0,आवासीय क्षेत्र
प्रस्टोका,8 गाउँ 1,0,आवासीय क्षेत्र
प्रस्टोका,8 गाउँ 1,2,आवासीय क्षेत्र
प्रस्टोका,8 गाउँ 1,3,आवासीय क्षेत्र
प्रस्टोका,8 गाउँ 1,4,आवासीय क्षेत्र
प्रस्टोका,8 गाउँ 1,9,आवासीय क्षेत्र
प्रस्टोका,8 गाउँ 1,10,आवासीय क्षेत्र
प्रस्टोका,8 गाउँ 1,11,आवासीय क्षेत्र
प्रस्टोका,8 गाउँ 1,12,आवासीय क्षेत्र
प्रस्टोका,8 गाउँ 1,15,आवासीय क्षेत्र
प्रस्टोका,8 गाउँ 1,16,आवासीय क्षेत्र
प्रस्टोका,8 गाउँ 1,17,आवासीय क्षेत्र
प्रस्टोका,8 गाउँ 1,18,आवासीय क्षेत्र
प्रस्टोका,8 गाउँ 1,19,आवासीय क्षेत्र
प्रस्टोका,8 गाउँ 1,20,आवासीय क्षेत्र
प्रस्टोका,8 गाउँ 1,22,आवासीय क्षेत्र
प्रस्टोका,8 गाउँ 1,23,सार्वजनिक उपयोगको क्षेत्र
प्रस्टोका,8 गाउँ 1,24,आवासीय क्षेत्र
प्रस्टोका,8 गाउँ 1,25,आवासीय क्षेत्र
प्रस्टोका,8 गाउँ 1,26,आवासीय क्षेत्र
प्रस्टोका,8 गाउँ 1,27,आवासीय क्षेत्र
प्रस्टोका,8 गाउँ 1,28,आवासीय क्षेत्र
प्रस्टोका,8 गाउँ 1,31,आवासीय क्षेत्र
प्रस्टोका,8 गाउँ 1,33,आवासीय क्षेत्र
प्रस्टोका,8 गाउँ 1,34,आवासीय क्षेत्र
प्रस्टोका,8 गाउँ 1,36,आवासीय क्षेत्र
प्रस्टोका,8 गाउँ 1,39,आवासीय क्षेत्र
प्रस्टोका,8 गाउँ 1,40,आवासीय क्षेत्र
प्रस्टोका,8 गाउँ 1,41,आवासीय क्षेत्र
प्रस्टोका,8 गाउँ 1,44,आवासीय क्षेत्र
प्रस्टोका,8 गाउँ 1,45,आवासीय क्षेत्र
प्रस्टोका,8 गाउँ 1,48,आवासीय क्षेत्र
प्रस्टोका,8 गाउँ 1,49,आवासीय क्षेत्र
प्रस्टोका,8 गाउँ 1,50,आवासीय क्षेत्र
प्रस्टोका,8 गाउँ 1,51,आवासीय क्षेत्र
प्रस्टोका,8 गाउँ 1,52,आवासीय क्षेत्र
प्रस्टोका,8 गाउँ 1,58,आवासीय क्षेत्र
प्रस्टोका,8 गाउँ 1,63,आवासीय क्षेत्र
प्रस्टोका,8 गाउँ 1,64,आवासीय क्षेत्र
प्रस्टोका,8 गाउँ 1,65,आवासीय क्षेत्र
प्रस्टोका,8 गाउँ 1,66,आवासीय क्षेत्र
प्रस्टोका,8 गाउँ 1,67,आवासीय क्षेत्र
प्रस्टोका,8 गाउँ 1,68,आवासीय क्षेत्र
प्रस्टोका,8 गाउँ 1,69,आवासीय क्षेत्र
प्रस्टोका,8 गाउँ 1,70,आवासीय क्षेत्र
प्रस्टोका,8 गाउँ 1,71,आवासीय क्षेत्र
प्रस्टोका,8 गाउँ 1,72,आवासीय क्षेत्र
प्रस्टोका,8 गाउँ 1,73,आवासीय क्षेत्र
प्रस्टोका,8 गाउँ 1,74,आवासीय क्षेत्र
प्रस्टोका,8 गाउँ 1,75,आवासीय क्षेत्र
प्रस्टोका,8 गाउँ 1,76,आवासीय क्षेत्र
प्रस्टोका,8 गाउँ 1,77,आवासीय क्षेत्र
प्रस्टोका,8 गाउँ 1,78,आवासीय क्षेत्र
प्रस्टोका,8 गाउँ 1,93,आवासीय क्षेत्र
प्रस्टोका,8 गाउँ 1,97,आवासीय क्षेत्र
प्रस्टोका,8 गाउँ 1,98,आवासीय क्षेत्र
प्रस्टोका,8 गाउँ 1,99,आवासीय क्षेत्र
प्रस्टोका,8 गाउँ 1,100,आवासीय क्षेत्र
प्रस्टोका,8 गाउँ 1,101,आवासीय क्षेत्र
प्रस्टोका,8 गाउँ 1,102,आवासीय क्षेत्र
प्रस्टोका,8 गाउँ 1,103,आवासीय क्षेत्र
प्रस्टोका,8 गाउँ 1,104,आवासीय क्षेत्र
प्रस्टोका,8 गाउँ 2,2,आवासीय क्षेत्र
प्रस्टोका,8 गाउँ 2,3,आवासीय क्षेत्र
प्रस्टोका,8 गाउँ 2,4,आवासीय क्षेत्र
प्रस्टोका,8 गाउँ 2,5,आवासीय क्षेत्र
प्रस्टोका,8 गाउँ 2,6,आवासीय क्षेत्र
प्रस्टोका,8 गाउँ 2,7,आवासीय क्षेत्र
प्रस्टोका,8 गाउँ 2,8,आवासीय क्षेत्र
प्रस्टोका,8 गाउँ 2,9,आवासीय क्षेत्र
प्रस्टोका,8 गाउँ 2,10,आवासीय क्षेत्र
प्रस्टोका,8 गाउँ 2,11,आवासीय क्षेत्र
प्रस्टोका,8 गाउँ 2,13,आवासीय क्षेत्र
प्रस्टोका,8 गाउँ 2,14,आवासीय क्षेत्र
प्रस्टोका,8 गाउँ 2,15,आवासीय क्षेत्र
प्रस्टोका,8 गाउँ 2,16,आवासीय क्षेत्र
प्रस्टोका,8 गाउँ 2,18,आवासीय क्षेत्र
प्रस्टोका,8 गाउँ 2,19,आवासीय क्षेत्र
प्रस्टोका,8 गाउँ 2,20,आवासीय क्षेत्र
प्रस्टोका,8 गाउँ 3,0,आवासीय क्षेत्र
प्रस्टोका,8 गाउँ 3,0,आवासीय क्षेत्र
प्रस्टोका,8 गाउँ 3,0,आवासीय क्षेत्र
प्रस्टोका,8 गाउँ 3,0,आवासीय क्षेत्र
प्रस्टोका,8 गाउँ 3,0,आवासीय क्षेत्र
प्रस्टोका,8 गाउँ 3,0,आवासीय क्षेत्र
प्रस्टोका,8 गाउँ 3,0,आवासीय क्षेत्र
प्रस्टोका,8 गाउँ 3,0,आवासीय क्षेत्र
प्रस्टोका,8 गाउँ 3,0,आवासीय क्षेत्र
प्रस्टोका,8 गाउँ 3,0,सार्वजनिक उपयोगको क्षेत्र
प्रस्टोका,8 गाउँ 3,2,आवासीय क्षेत्र
प्रस्टोका,8 गाउँ 3,3,आवासीय क्षेत्र
प्रस्टोका,8 गाउँ 3,4,आवासीय क्षेत्र
प्रस्टोका,8 गाउँ 3,5,आवासीय क्षेत्र
प्रस्टोका,8 गाउँ 3,9,आवासीय क्षेत्र
प्रस्टोका,8 गाउँ 3,10,आवासीय क्षेत्र
प्रस्टोका,8 गाउँ 3,11,आवासीय क्षेत्र
प्रस्टोका,8 गाउँ 3,12,आवासीय क्षेत्र
प्रस्टोका,8 गाउँ 3,13,आवासीय क्षेत्र
प्रस्टोका,8 गाउँ 3,14,सार्वजनिक उपयोगको क्षेत्र
प्रस्टोका,8 गाउँ 3,15,आवासीय क्षेत्र
प्रस्टोका,8 गाउँ 3,17,आवासीय क्षेत्र
प्रस्टोका,8 गाउँ 3,18,आवासीय क्षेत्र
प्रस्टोका,8 गाउँ 3,19,आवासीय क्षेत्र
प्रस्टोका,8 गाउँ 3,20,आवासीय क्षेत्र
प्रस्टोका,8 गाउँ 3,21,आवासीय क्षेत्र
प्रस्टोका,8 गाउँ 3,24,आवासीय क्षेत्र
प्रस्टोका,8 गाउँ 3,25,आवासीय क्षेत्र
प्रस्टोका,8 गाउँ 3,26,आवासीय क्षेत्र
प्रस्टोका,8 गाउँ 3,27,आवासीय क्षेत्र
प्रस्टोका,8 गाउँ 3,28,आवासीय क्षेत्र
प्रस्टोका,8 गाउँ 3,29,सार्वजनिक उपयोगको क्षेत्र
प्रस्टोका,8 गाउँ 3,30,आवासीय क्षेत्र
प्रस्टोका,8 गाउँ 3,31,आवासीय क्षेत्र
प्रस्टोका,8 गाउँ 3,32,आवासीय क्षेत्र
प्रस्टोका,8 गाउँ 3,33,आवासीय क्षेत्र
प्रस्टोका,8 गाउँ 3,35,आवासीय क्षेत्र
प्रस्टोका,8 गाउँ 3,36,आवासीय क्षेत्र
प्रस्टोका,8 गाउँ 3,37,आवासीय क्षेत्र
प्रस्टोका,8 गाउँ 3,38,आवासीय क्षेत्र
प्रस्टोका,8 गाउँ 3,39,आवासीय क्षेत्र
प्रस्टोका,8 गाउँ 3,40,आवासीय क्षेत्र
प्रस्टोका,8 गाउँ 3,41,आवासीय क्षेत्र
प्रस्टोका,8 गाउँ 3,42,आवासीय क्षेत्र
प्रस्टोका,8 गाउँ 3,44,आवासीय क्षेत्र
प्रस्टोका,8 गाउँ 3,45,आवासीय क्षेत्र
प्रस्टोका,8 गाउँ 3,46,आवासीय क्षेत्र
प्रस्टोका,8 गाउँ 3,47,आवासीय क्षेत्र
प्रस्टोका,8 गाउँ 3,51,आवासीय क्षेत्र
प्रस्टोका,8 गाउँ 3,55,आवासीय क्षेत्र
प्रस्टोका,8 गाउँ 3,56,आवासीय क्षेत्र
प्रस्टोका,8 गाउँ 3,57,आवासीय क्षेत्र
प्रस्टोका,8 गाउँ 3,58,आवासीय क्षेत्र
प्रस्टोका,8 गाउँ 3,59,आवासीय क्षेत्र
प्रस्टोका,8 गाउँ 3,60,आवासीय क्षेत्र
प्रस्टोका,8 गाउँ 3,62,आवासीय क्षेत्र
प्रस्टोका,8 गाउँ 3,64,आवासीय क्षेत्र
प्रस्टोका,8 गाउँ 3,66,आवासीय क्षेत्र
प्रस्टोका,8 गाउँ 3,67,आवासीय क्षेत्र
प्रस्टोका,8 गाउँ 3,68,आवासीय क्षेत्र
प्रस्टोका,8 गाउँ 3,70,आवासीय क्षेत्र
प्रस्टोका,8 गाउँ 3,73,आवासीय क्षेत्र
प्रस्टोका,8 गाउँ 3,76,आवासीय क्षेत्र
प्रस्टोका,8 गाउँ 3,78,आवासीय क्षेत्र
प्रस्टोका,8 गाउँ 3,85,आवासीय क्षेत्र
प्रस्टोका,8 गाउँ 3,89,आवासीय क्षेत्र
प्रस्टोका,8 गाउँ 3,92,आवासीय क्षेत्र
प्रस्टोका,8 गाउँ 3,93,आवासीय क्षेत्र
प्रस्टोका,8 गाउँ 3,93,आवासीय क्षेत्र
प्रस्टोका,8 गाउँ 3,95,आवासीय क्षेत्र
प्रस्टोका,8 गाउँ 3,96,आवासीय क्षेत्र
प्रस्टोका,8 गाउँ 3,97,आवासीय क्षेत्र
प्रस्टोका,8 गाउँ 3,99,आवासीय क्षेत्र
प्रस्टोका,8 गाउँ 3,101,आवासीय क्षेत्र
प्रस्टोका,8 गाउँ 3,113,आवासीय क्षेत्र
प्रस्टोका,8 गाउँ 3,113,आवासीय क्षेत्र
प्रस्टोका,8 गाउँ 3,114,आवासीय क्षेत्र
प्रस्टोका,8 गाउँ 3,116,आवासीय क्षेत्र
प्रस्टोका,8 गाउँ 3,117,आवासीय क्षेत्र
प्रस्टोका,8 गाउँ 3,118,आवासीय क्षेत्र
प्रस्टोका,8 गाउँ 3,119,आवासीय क्षेत्र
प्रस्टोका,8 गाउँ 3,121,आवासीय क्षेत्र
प्रस्टोका,8 गाउँ 3,124,आवासीय क्षेत्र
प्रस्टोका,8 गाउँ 3,125,आवासीय क्षेत्र
प्रस्टोका,8 गाउँ 3,127,आवासीय क्षेत्र
प्रस्टोका,8 गाउँ 3,128,आवासीय क्षेत्र
प्रस्टोका,8 गाउँ 3,129,आवासीय क्षेत्र
प्रस्टोका,8 गाउँ 3,133,आवासीय क्षेत्र
प्रस्टोका,8 गाउँ 3,134,आवासीय क्षेत्र
प्रस्टोका,8 गाउँ 3,135,आवासीय क्षेत्र
प्रस्टोका,8 गाउँ 3,136,आवासीय क्षेत्र
प्रस्टोका,8 गाउँ 3,137,आवासीय क्षेत्र
प्रस्टोका,8 गाउँ 3,139,आवासीय क्षेत्र
प्रस्टोका,8 गाउँ 3,140,आवासीय क्षेत्र
प्रस्टोका,8 गाउँ 3,141,आवासीय क्षेत्र
प्रस्टोका,8 गाउँ 3,142,आवासीय क्षेत्र
प्रस्टोका,8 गाउँ 3,143,आवासीय क्षेत्र
प्रस्टोका,8 गाउँ 3,144,आवासीय क्षेत्र
प्रस्टोका,8 गाउँ 3,145,आवासीय क्षेत्र
प्रस्टोका,8 गाउँ 3,146,आवासीय क्षेत्र
प्रस्टोका,8 गाउँ 3,147,आवासीय क्षेत्र
प्रस्टोका,8 गाउँ 3,148,आवासीय क्षेत्र
प्रस्टोका,8 गाउँ 3,149,आवासीय क्षेत्र
प्रस्टोका,8 गाउँ 3,150,आवासीय क्षेत्र
प्रस्टोका,8 गाउँ 3,151,आवासीय क्षेत्र
प्रस्टोका,8 गाउँ 3,152,आवासीय क्षेत्र
प्रस्टोका,8 गाउँ 3,164,आवासीय क्षेत्र
प्रस्टोका,8 गाउँ 3,165,आवासीय क्षेत्र
प्रस्टोका,8 गाउँ 3,166,आवासीय क्षेत्र
प्रस्टोका,8 गाउँ 3,167,आवासीय क्षेत्र
प्रस्टोका,8 गाउँ 3,168,आवासीय क्षेत्र
प्रस्टोका,8 गाउँ 3,169,आवासीय क्षेत्र
प्रस्टोका,8 गाउँ 3,170,आवासीय क्षेत्र
प्रस्टोका,8 गाउँ 3,171,आवासीय क्षेत्र
प्रस्टोका,8 गाउँ 3,172,आवासीय क्षेत्र
प्रस्टोका,8 गाउँ 3,173,आवासीय क्षेत्र
प्रस्टोका,8 गाउँ 3,174,आवासीय क्षेत्र
प्रस्टोका,8 गाउँ 3,175,आवासीय क्षेत्र
प्रस्टोका,8 गाउँ 3,176,आवासीय क्षेत्र
प्रस्टोका,8 गाउँ 3,177,आवासीय क्षेत्र
प्रस्टोका,8 गाउँ 3,178,आवासीय क्षेत्र
प्रस्टोका,8 गाउँ 3,179,आवासीय क्षेत्र
प्रस्टोका,8 गाउँ 3,180,आवासीय क्षेत्र
प्रस्टोका,8 गाउँ 3,181,आवासीय क्षेत्र
प्रस्टोका,8 गाउँ 3,182,आवासीय क्षेत्र
प्रस्टोका,8 गाउँ 3,183,आवासीय क्षेत्र
प्रस्टोका,8 गाउँ 3,184,आवासीय क्षेत्र
प्रस्टोका,8 गाउँ 3,185,आवासीय क्षेत्र
प्रस्टोका,8 गाउँ 3,186,आवासीय क्षेत्र
प्रस्टोका,8 गाउँ 3,187,आवासीय क्षेत्र
प्रस्टोका,8 गाउँ 3,188,आवासीय क्षेत्र
प्रस्टोका,8 गाउँ 3,189,आवासीय क्षेत्र
प्रस्टोका,8 गाउँ 3,190,आवासीय क्षेत्र
प्रस्टोका,8 गाउँ 3,191,आवासीय क्षेत्र
प्रस्टोका,8 गाउँ 3,192,आवासीय क्षेत्र
प्रस्टोका,8 गाउँ 3,193,आवासीय क्षेत्र
प्रस्टोका,8 गाउँ 3,194,आवासीय क्षेत्र
प्रस्टोका,8 गाउँ 3,195,आवासीय क्षेत्र
प्रस्टोका,8 गाउँ 3,196,आवासीय क्षेत्र
प्रस्टोका,8 गाउँ 3,197,आवासीय क्षेत्र
प्रस्टोका,9,0,आवासीय क्षेत्र
प्रस्टोका,9,0,आवासीय क्षेत्र
प्रस्टोका,9,0,आवासीय क्षेत्र
प्रस्टोका,9,0,कृषि क्षेत्र
प्रस्टोका,9,0,कृषि क्षेत्र
प्रस्टोका,9,0,कृषि क्षेत्र
प्रस्टोका,9,0,आवासीय क्षेत्र
प्रस्टोका,9,0,कृषि क्षेत्र
प्रस्टोका,9,0,आवासीय क्षेत्र
प्रस्टोका,9,0,कृषि क्षेत्र
प्रस्टोका,9,0,कृषि क्षेत्र
प्रस्टोका,9,0,कृषि क्षेत्र
प्रस्टोका,9,0,कृषि क्षेत्र
प्रस्टोका,9,0,कृषि क्षेत्र
प्रस्टोका,9,0,कृषि क्षेत्र
प्रस्टोका,9,0,कृषि क्षेत्र
प्रस्टोका,9,0,कृषि क्षेत्र
प्रस्टोका,9,0,कृषि क्षेत्र
प्रस्टोका,9,0,कृषि क्षेत्र
प्रस्टोका,9,0,सार्वजनिक उपयोगको क्षेत्र
प्रस्टोका,9,0,कृषि क्षेत्र
प्रस्टोका,9,0,कृषि क्षेत्र
प्रस्टोका,9,0,आवासीय क्षेत्र
प्रस्टोका,9,0,आवासीय क्षेत्र
प्रस्टोका,9,0,आवासीय क्षेत्र
प्रस्टोका,9,0,कृषि क्षेत्र
प्रस्टोका,9,0,आवासीय क्षेत्र
प्रस्टोका,9,0,आवासीय क्षेत्र
प्रस्टोका,9,0,आवासीय क्षेत्र
प्रस्टोका,9,0,सार्वजनिक उपयोगको क्षेत्र
प्रस्टोका,9,0,सार्वजनिक उपयोगको क्षेत्र
प्रस्टोका,9,0,सार्वजनिक उपयोगको क्षेत्र
प्रस्टोका,9,0,कृषि क्षेत्र
प्रस्टोका,9,1,कृषि क्षेत्र
प्रस्टोका,9,2,कृषि क्षेत्र
प्रस्टोका,9,3,कृषि क्षेत्र
प्रस्टोका,9,4,कृषि क्षेत्र
प्रस्टोका,9,5,कृषि क्षेत्र
प्रस्टोका,9,6,कृषि क्षेत्र
प्रस्टोका,9,7,कृषि क्षेत्र
प्रस्टोका,9,12,कृषि क्षेत्र
प्रस्टोका,9,13,कृषि क्षेत्र
प्रस्टोका,9,13,कृषि क्षेत्र
प्रस्टोका,9,18,कृषि क्षेत्र
प्रस्टोका,9,22,कृषि क्षेत्र
प्रस्टोका,9,24,कृषि क्षेत्र
प्रस्टोका,9,25,कृषि क्षेत्र
प्रस्टोका,9,26,कृषि क्षेत्र
प्रस्टोका,9,27,कृषि क्षेत्र
प्रस्टोका,9,28,कृषि क्षेत्र
प्रस्टोका,9,29,कृषि क्षेत्र
प्रस्टोका,9,30,कृषि क्षेत्र
प्रस्टोका,9,31,कृषि क्षेत्र
प्रस्टोका,9,32,कृषि क्षेत्र
प्रस्टोका,9,33,कृषि क्षेत्र
प्रस्टोका,9,35,कृषि क्षेत्र
प्रस्टोका,9,36,कृषि क्षेत्र
प्रस्टोका,9,42,कृषि क्षेत्र
प्रस्टोका,9,45,कृषि क्षेत्र
प्रस्टोका,9,47,आवासीय क्षेत्र
प्रस्टोका,9,48,आवासीय क्षेत्र
प्रस्टोका,9,49,कृषि क्षेत्र
प्रस्टोका,9,52,आवासीय क्षेत्र
प्रस्टोका,9,54,कृषि क्षेत्र
प्रस्टोका,9,56,कृषि क्षेत्र
प्रस्टोका,9,58,कृषि क्षेत्र
प्रस्टोका,9,60,कृषि क्षेत्र
प्रस्टोका,9,61,आवासीय क्षेत्र
प्रस्टोका,9,62,कृषि क्षेत्र
प्रस्टोका,9,64,आवासीय क्षेत्र
प्रस्टोका,9,65,आवासीय क्षेत्र
प्रस्टोका,9,66,आवासीय क्षेत्र
प्रस्टोका,9,67,आवासीय क्षेत्र
प्रस्टोका,9,68,कृषि क्षेत्र
प्रस्टोका,9,69,कृषि क्षेत्र
प्रस्टोका,9,71,आवासीय क्षेत्र
प्रस्टोका,9,73,आवासीय क्षेत्र
प्रस्टोका,9,74,आवासीय क्षेत्र
प्रस्टोका,9,78,आवासीय क्षेत्र
प्रस्टोका,9,80,कृषि क्षेत्र
प्रस्टोका,9,82,कृषि क्षेत्र
प्रस्टोका,9,83,कृषि क्षेत्र
प्रस्टोका,9,85,कृषि क्षेत्र
प्रस्टोका,9,86,कृषि क्षेत्र
प्रस्टोका,9,89,कृषि क्षेत्र
प्रस्टोका,9,92,कृषि क्षेत्र
प्रस्टोका,9,94,कृषि क्षेत्र
प्रस्टोका,9,95,कृषि क्षेत्र
प्रस्टोका,9,96,आवासीय क्षेत्र
प्रस्टोका,9,98,आवासीय क्षेत्र
प्रस्टोका,9,99,कृषि क्षेत्र
प्रस्टोका,9,100,कृषि क्षेत्र
प्रस्टोका,9,108,कृषि क्षेत्र
प्रस्टोका,9,109,कृषि क्षेत्र
प्रस्टोका,9,113,कृषि क्षेत्र
प्रस्टोका,9,114,कृषि क्षेत्र
प्रस्टोका,9,115,कृषि क्षेत्र
प्रस्टोका,9,116,कृषि क्षेत्र
प्रस्टोका,9,119,कृषि क्षेत्र
प्रस्टोका,9,121,कृषि क्षेत्र
प्रस्टोका,9,123,कृषि क्षेत्र
प्रस्टोका,9,124,कृषि क्षेत्र
प्रस्टोका,9,131,कृषि क्षेत्र
प्रस्टोका,9,132,कृषि क्षेत्र
प्रस्टोका,9,135,कृषि क्षेत्र
प्रस्टोका,9,136,कृषि क्षेत्र
प्रस्टोका,9,137,कृषि क्षेत्र
प्रस्टोका,9,138,कृषि क्षेत्र
प्रस्टोका,9,142,कृषि क्षेत्र
प्रस्टोका,9,144,कृषि क्षेत्र
प्रस्टोका,9,145,कृषि क्षेत्र
प्रस्टोका,9,147,आवासीय क्षेत्र
प्रस्टोका,9,151,आवासीय क्षेत्र
प्रस्टोका,9,152,आवासीय क्षेत्र
प्रस्टोका,9,158,कृषि क्षेत्र
प्रस्टोका,9,159,कृषि क्षेत्र
प्रस्टोका,9,160,कृषि क्षेत्र
प्रस्टोका,9,165,कृषि क्षेत्र
प्रस्टोका,9,167,कृषि क्षेत्र
प्रस्टोका,9,168,कृषि क्षेत्र
प्रस्टोका,9,169,कृषि क्षेत्र
प्रस्टोका,9,170,कृषि क्षेत्र
प्रस्टोका,9,173,कृषि क्षेत्र
प्रस्टोका,9,175,कृषि क्षेत्र
प्रस्टोका,9,177,कृषि क्षेत्र
प्रस्टोका,9,179,कृषि क्षेत्र
प्रस्टोका,9,180,कृषि क्षेत्र
प्रस्टोका,9,181,कृषि क्षेत्र
प्रस्टोका,9,182,कृषि क्षेत्र
प्रस्टोका,9,183,कृषि क्षेत्र
प्रस्टोका,9,185,कृषि क्षेत्र
प्रस्टोका,9,186,कृषि क्षेत्र
प्रस्टोका,9,187,कृषि क्षेत्र
प्रस्टोका,9,188,कृषि क्षेत्र
प्रस्टोका,9,189,कृषि क्षेत्र
प्रस्टोका,9,191,कृषि क्षेत्र
प्रस्टोका,9,192,कृषि क्षेत्र
प्रस्टोका,9,193,कृषि क्षेत्र
प्रस्टोका,9,194,कृषि क्षेत्र
प्रस्टोका,9,195,कृषि क्षेत्र
प्रस्टोका,9,197,कृषि क्षेत्र
प्रस्टोका,9,198,कृषि क्षेत्र
प्रस्टोका,9,199,कृषि क्षेत्र
प्रस्टोका,9,200,कृषि क्षेत्र
प्रस्टोका,9,201,कृषि क्षेत्र
प्रस्टोका,9,202,कृषि क्षेत्र
प्रस्टोका,9,203,कृषि क्षेत्र
प्रस्टोका,9,205,कृषि क्षेत्र
प्रस्टोका,9,206,कृषि क्षेत्र
प्रस्टोका,9,209,कृषि क्षेत्र
प्रस्टोका,9,210,कृषि क्षेत्र
प्रस्टोका,9,214,आवासीय क्षेत्र
प्रस्टोका,9,215,आवासीय क्षेत्र
प्रस्टोका,9,216,आवासीय क्षेत्र
प्रस्टोका,9,217,आवासीय क्षेत्र
प्रस्टोका,9,218,आवासीय क्षेत्र
प्रस्टोका,9,219,आवासीय क्षेत्र
प्रस्टोका,9,220,आवासीय क्षेत्र
प्रस्टोका,9,224,आवासीय क्षेत्र
प्रस्टोका,9,233,कृषि क्षेत्र
प्रस्टोका,9,235,कृषि क्षेत्र
प्रस्टोका,9,236,कृषि क्षेत्र
प्रस्टोका,9,238,कृषि क्षेत्र
प्रस्टोका,9,239,कृषि क्षेत्र
प्रस्टोका,9,245,आवासीय क्षेत्र
प्रस्टोका,9,246,आवासीय क्षेत्र
प्रस्टोका,9,248,आवासीय क्षेत्र
प्रस्टोका,9,250,आवासीय क्षेत्र
प्रस्टोका,9,252,आवासीय क्षेत्र
प्रस्टोका,9,255,कृषि क्षेत्र
प्रस्टोका,9,258,कृषि क्षेत्र
प्रस्टोका,9,260,कृषि क्षेत्र
प्रस्टोका,9,261,कृषि क्षेत्र
प्रस्टोका,9,262,कृषि क्षेत्र
प्रस्टोका,9,263,आवासीय क्षेत्र
प्रस्टोका,9,264,आवासीय क्षेत्र
प्रस्टोका,9,267,कृषि क्षेत्र
प्रस्टोका,9,269,कृषि क्षेत्र
प्रस्टोका,9,273,आवासीय क्षेत्र
प्रस्टोका,9,274,आवासीय क्षेत्र
प्रस्टोका,9,275,कृषि क्षेत्र
प्रस्टोका,9,276,कृषि क्षेत्र
प्रस्टोका,9,277,आवासीय क्षेत्र
प्रस्टोका,9,284,कृषि क्षेत्र
प्रस्टोका,9,285,कृषि क्षेत्र
प्रस्टोका,9,291,आवासीय क्षेत्र
प्रस्टोका,9,298,कृषि क्षेत्र
प्रस्टोका,9,299,कृषि क्षेत्र
प्रस्टोका,9,300,आवासीय क्षेत्र
प्रस्टोका,9,301,आवासीय क्षेत्र
प्रस्टोका,9,302,कृषि क्षेत्र
प्रस्टोका,9,305,आवासीय क्षेत्र
प्रस्टोका,9,306,कृषि क्षेत्र
प्रस्टोका,9,318,कृषि क्षेत्र
प्रस्टोका,9,319,कृषि क्षेत्र
प्रस्टोका,9,323,कृषि क्षेत्र
प्रस्टोका,9,324,कृषि क्षेत्र
प्रस्टोका,9,327,कृषि क्षेत्र
प्रस्टोका,9,328,कृषि क्षेत्र
प्रस्टोका,9,330,आवासीय क्षेत्र
प्रस्टोका,9,333,आवासीय क्षेत्र
प्रस्टोका,9,335,आवासीय क्षेत्र
प्रस्टोका,9,336,आवासीय क्षेत्र
प्रस्टोका,9,342,कृषि क्षेत्र
प्रस्टोका,9,343,कृषि क्षेत्र
प्रस्टोका,9,344,आवासीय क्षेत्र
प्रस्टोका,9,346,कृषि क्षेत्र
प्रस्टोका,9,347,कृषि क्षेत्र
प्रस्टोका,9,348,कृषि क्षेत्र
प्रस्टोका,9,349,कृषि क्षेत्र
प्रस्टोका,9,350,कृषि क्षेत्र
प्रस्टोका,9,355,आवासीय क्षेत्र
प्रस्टोका,9,356,आवासीय क्षेत्र
प्रस्टोका,9,358,कृषि क्षेत्र
प्रस्टोका,9,361,कृषि क्षेत्र
प्रस्टोका,9,362,कृषि क्षेत्र
प्रस्टोका,9,363,कृषि क्षेत्र
प्रस्टोका,9,364,कृषि क्षेत्र
प्रस्टोका,9,367,कृषि क्षेत्र
प्रस्टोका,9,369,कृषि क्षेत्र
प्रस्टोका,9,373,कृषि क्षेत्र
प्रस्टोका,9,377,कृषि क्षेत्र
प्रस्टोका,9,378,कृषि क्षेत्र
प्रस्टोका,9,379,कृषि क्षेत्र
प्रस्टोका,9,381,कृषि क्षेत्र
प्रस्टोका,9,383,कृषि क्षेत्र
प्रस्टोका,9,385,कृषि क्षेत्र
प्रस्टोका,9,386,कृषि क्षेत्र
प्रस्टोका,9,395,कृषि क्षेत्र
प्रस्टोका,9,397,कृषि क्षेत्र
प्रस्टोका,9,398,कृषि क्षेत्र
प्रस्टोका,9,398,कृषि क्षेत्र
प्रस्टोका,9,399,कृषि क्षेत्र
प्रस्टोका,9,400,कृषि क्षेत्र
प्रस्टोका,9,401,कृषि क्षेत्र
प्रस्टोका,9,402,कृषि क्षेत्र
प्रस्टोका,9,403,कृषि क्षेत्र
प्रस्टोका,9,406,कृषि क्षेत्र
प्रस्टोका,9,407,कृषि क्षेत्र
प्रस्टोका,9,411,कृषि क्षेत्र
प्रस्टोका,9,412,कृषि क्षेत्र
प्रस्टोका,9,413,कृषि क्षेत्र
प्रस्टोका,9,414,कृषि क्षेत्र
प्रस्टोका,9,420,कृषि क्षेत्र
प्रस्टोका,9,430,कृषि क्षेत्र
प्रस्टोका,9,431,कृषि क्षेत्र
प्रस्टोका,9,432,कृषि क्षेत्र
प्रस्टोका,9,433,कृषि क्षेत्र
प्रस्टोका,9,438,आवासीय क्षेत्र
प्रस्टोका,9,439,कृषि क्षेत्र
प्रस्टोका,9,440,कृषि क्षेत्र
प्रस्टोका,9,441,कृषि क्षेत्र
प्रस्टोका,9,442,कृषि क्षेत्र
प्रस्टोका,9,443,कृषि क्षेत्र
प्रस्टोका,9,444,कृषि क्षेत्र
प्रस्टोका,9,445,कृषि क्षेत्र
प्रस्टोका,9,448,कृषि क्षेत्र
प्रस्टोका,9,449,कृषि क्षेत्र
प्रस्टोका,9,454,कृषि क्षेत्र
प्रस्टोका,9,460,आवासीय क्षेत्र
प्रस्टोका,9,461,कृषि क्षेत्र
प्रस्टोका,9,462,कृषि क्षेत्र
प्रस्टोका,9,463,कृषि क्षेत्र
प्रस्टोका,9,464,कृषि क्षेत्र
प्रस्टोका,9,469,कृषि क्षेत्र
प्रस्टोका,9,471,कृषि क्षेत्र
प्रस्टोका,9,472,कृषि क्षेत्र
प्रस्टोका,9,479,कृषि क्षेत्र
प्रस्टोका,9,480,कृषि क्षेत्र
प्रस्टोका,9,482,कृषि क्षेत्र
प्रस्टोका,9,483,कृषि क्षेत्र
प्रस्टोका,9,486,कृषि क्षेत्र
प्रस्टोका,9,488,कृषि क्षेत्र
प्रस्टोका,9,491,कृषि क्षेत्र
प्रस्टोका,9,492,कृषि क्षेत्र
प्रस्टोका,9,493,कृषि क्षेत्र
प्रस्टोका,9,498,कृषि क्षेत्र
प्रस्टोका,9,499,कृषि क्षेत्र
प्रस्टोका,9,501,आवासीय क्षेत्र
प्रस्टोका,9,502,कृषि क्षेत्र
प्रस्टोका,9,503,कृषि क्षेत्र
प्रस्टोका,9,504,कृषि क्षेत्र
प्रस्टोका,9,505,आवासीय क्षेत्र
प्रस्टोका,9,506,आवासीय क्षेत्र
प्रस्टोका,9,507,आवासीय क्षेत्र
प्रस्टोका,9,528,कृषि क्षेत्र
प्रस्टोका,9,529,कृषि क्षेत्र
प्रस्टोका,9,530,कृषि क्षेत्र
प्रस्टोका,9,531,कृषि क्षेत्र
प्रस्टोका,9,537,कृषि क्षेत्र
प्रस्टोका,9,538,कृषि क्षेत्र
प्रस्टोका,9,539,कृषि क्षेत्र
प्रस्टोका,9,540,कृषि क्षेत्र
प्रस्टोका,9,541,कृषि क्षेत्र
प्रस्टोका,9,542,कृषि क्षेत्र
प्रस्टोका,9,549,कृषि क्षेत्र
प्रस्टोका,9,550,कृषि क्षेत्र
प्रस्टोका,9,551,कृषि क्षेत्र
प्रस्टोका,9,552,कृषि क्षेत्र
प्रस्टोका,9,553,कृषि क्षेत्र
प्रस्टोका,9,556,कृषि क्षेत्र
प्रस्टोका,9,557,कृषि क्षेत्र
प्रस्टोका,9,558,कृषि क्षेत्र
प्रस्टोका,9,566,कृषि क्षेत्र
प्रस्टोका,9,567,कृषि क्षेत्र
प्रस्टोका,9,570,आवासीय क्षेत्र
प्रस्टोका,9,571,आवासीय क्षेत्र
प्रस्टोका,9,584,कृषि क्षेत्र
प्रस्टोका,9,586,आवासीय क्षेत्र
प्रस्टोका,9,587,आवासीय क्षेत्र
प्रस्टोका,9,587,आवासीय क्षेत्र
प्रस्टोका,9,601,कृषि क्षेत्र
प्रस्टोका,9,602,कृषि क्षेत्र
प्रस्टोका,9,603,कृषि क्षेत्र
प्रस्टोका,9,604,कृषि क्षेत्र
प्रस्टोका,9,605,कृषि क्षेत्र
प्रस्टोका,9,610,आवासीय क्षेत्र
प्रस्टोका,9,611,आवासीय क्षेत्र
प्रस्टोका,9,625,कृषि क्षेत्र
प्रस्टोका,9,626,कृषि क्षेत्र
प्रस्टोका,9,627,कृषि क्षेत्र
प्रस्टोका,9,631,कृषि क्षेत्र
प्रस्टोका,9,633,कृषि क्षेत्र
प्रस्टोका,9,635,कृषि क्षेत्र
प्रस्टोका,9,636,कृषि क्षेत्र
प्रस्टोका,9,659,कृषि क्षेत्र
प्रस्टोका,9,661,कृषि क्षेत्र
प्रस्टोका,9,662,कृषि क्षेत्र
प्रस्टोका,9,663,कृषि क्षेत्र
प्रस्टोका,9,664,कृषि क्षेत्र
प्रस्टोका,9,665,कृषि क्षेत्र
प्रस्टोका,9,666,कृषि क्षेत्र
प्रस्टोका,9,670,कृषि क्षेत्र
प्रस्टोका,9,671,कृषि क्षेत्र
प्रस्टोका,9,671,कृषि क्षेत्र
प्रस्टोका,9,672,कृषि क्षेत्र
प्रस्टोका,9,673,कृषि क्षेत्र
प्रस्टोका,9,674,कृषि क्षेत्र
प्रस्टोका,9,675,कृषि क्षेत्र
प्रस्टोका,9,677,आवासीय क्षेत्र
प्रस्टोका,9,678,आवासीय क्षेत्र
प्रस्टोका,9,679,कृषि क्षेत्र
प्रस्टोका,9,680,कृषि क्षेत्र
प्रस्टोका,9,681,कृषि क्षेत्र
प्रस्टोका,9,687,कृषि क्षेत्र
प्रस्टोका,9,688,कृषि क्षेत्र
प्रस्टोका,9,696,कृषि क्षेत्र
प्रस्टोका,9,697,कृषि क्षेत्र
प्रस्टोका,9,698,कृषि क्षेत्र
प्रस्टोका,9,699,कृषि क्षेत्र
प्रस्टोका,9,700,कृषि क्षेत्र
प्रस्टोका,9,701,कृषि क्षेत्र
प्रस्टोका,9,702,कृषि क्षेत्र
प्रस्टोका,9,703,कृषि क्षेत्र
प्रस्टोका,9,708,कृषि क्षेत्र
प्रस्टोका,9,709,आवासीय क्षेत्र
प्रस्टोका,9,712,कृषि क्षेत्र
प्रस्टोका,9,713,कृषि क्षेत्र
प्रस्टोका,9,716,कृषि क्षेत्र
प्रस्टोका,9,717,कृषि क्षेत्र
प्रस्टोका,9,935,कृषि क्षेत्र
प्रस्टोका,9,936,कृषि क्षेत्र
प्रस्टोका,9,937,कृषि क्षेत्र
प्रस्टोका,9,938,कृषि क्षेत्र
प्रस्टोका,9,939,कृषि क्षेत्र
प्रस्टोका,9,940,कृषि क्षेत्र
प्रस्टोका,9,941,कृषि क्षेत्र
प्रस्टोका,9,942,कृषि क्षेत्र
प्रस्टोका,9,943,कृषि क्षेत्र
प्रस्टोका,9,944,आवासीय क्षेत्र
प्रस्टोका,9,946,आवासीय क्षेत्र
प्रस्टोका,9,947,आवासीय क्षेत्र
प्रस्टोका,9,948,आवासीय क्षेत्र
प्रस्टोका,9,949,आवासीय क्षेत्र
प्रस्टोका,9,950,कृषि क्षेत्र
प्रस्टोका,9,951,कृषि क्षेत्र
प्रस्टोका,9,952,कृषि क्षेत्र
प्रस्टोका,9,953,कृषि क्षेत्र
प्रस्टोका,9,954,कृषि क्षेत्र
प्रस्टोका,9,955,कृषि क्षेत्र
प्रस्टोका,9,956,कृषि क्षेत्र
प्रस्टोका,9,957,कृषि क्षेत्र
प्रस्टोका,9,958,कृषि क्षेत्र
प्रस्टोका,9,959,कृषि क्षेत्र
प्रस्टोका,9,960,आवासीय क्षेत्र
प्रस्टोका,9,961,आवासीय क्षेत्र
प्रस्टोका,9,962,आवासीय क्षेत्र
प्रस्टोका,9,963,आवासीय क्षेत्र
प्रस्टोका,9,964,कृषि क्षेत्र
प्रस्टोका,9,965,कृषि क्षेत्र
प्रस्टोका,9,966,कृषि क्षेत्र
प्रस्टोका,9,967,कृषि क्षेत्र
प्रस्टोका,9,968,आवासीय क्षेत्र
प्रस्टोका,9,969,आवासीय क्षेत्र
प्रस्टोका,9,970,कृषि क्षेत्र
प्रस्टोका,9,971,कृषि क्षेत्र
प्रस्टोका,9,972,कृषि क्षेत्र
प्रस्टोका,9,973,कृषि क्षेत्र
प्रस्टोका,9,974,कृषि क्षेत्र
प्रस्टोका,9,975,कृषि क्षेत्र
प्रस्टोका,9,976,कृषि क्षेत्र
प्रस्टोका,9,977,कृषि क्षेत्र
प्रस्टोका,9,978,कृषि क्षेत्र
प्रस्टोका,9,980,कृषि क्षेत्र
प्रस्टोका,9,981,कृषि क्षेत्र
प्रस्टोका,9,982,कृषि क्षेत्र
प्रस्टोका,9,983,कृषि क्षेत्र
प्रस्टोका,9,984,कृषि क्षेत्र
प्रस्टोका,9 गाउँ 1,0,आवासीय क्षेत्र
प्रस्टोका,9 गाउँ 1,0,आवासीय क्षेत्र
प्रस्टोका,9 गाउँ 1,0,आवासीय क्षेत्र
प्रस्टोका,9 गाउँ 1,0,आवासीय क्षेत्र
प्रस्टोका,9 गाउँ 1,0,आवासीय क्षेत्र
प्रस्टोका,9 गाउँ 1,0,आवासीय क्षेत्र
प्रस्टोका,9 गाउँ 1,0,आवासीय क्षेत्र
प्रस्टोका,9 गाउँ 1,0,आवासीय क्षेत्र
प्रस्टोका,9 गाउँ 1,0,"नदी, खोला, ताल, सिमसार क्षेत्र"
प्रस्टोका,9 गाउँ 1,0,आवासीय क्षेत्र
प्रस्टोका,9 गाउँ 1,0,आवासीय क्षेत्र
प्रस्टोका,9 गाउँ 1,0,आवासीय क्षेत्र
प्रस्टोका,9 गाउँ 1,0,आवासीय क्षेत्र
प्रस्टोका,9 गाउँ 1,0,आवासीय क्षेत्र
प्रस्टोका,9 गाउँ 1,0,आवासीय क्षेत्र
प्रस्टोका,9 गाउँ 1,0,आवासीय क्षेत्र
प्रस्टोका,9 गाउँ 1,0,आवासीय क्षेत्र
प्रस्टोका,9 गाउँ 1,0,आवासीय क्षेत्र
प्रस्टोका,9 गाउँ 1,0,आवासीय क्षेत्र
प्रस्टोका,9 गाउँ 1,0,आवासीय क्षेत्र
प्रस्टोका,9 गाउँ 1,0,आवासीय क्षेत्र
प्रस्टोका,9 गाउँ 1,0,आवासीय क्षेत्र
प्रस्टोका,9 गाउँ 1,0,आवासीय क्षेत्र
प्रस्टोका,9 गाउँ 1,0,आवासीय क्षेत्र
प्रस्टोका,9 गाउँ 1,0,आवासीय क्षेत्र
प्रस्टोका,9 गाउँ 1,0,आवासीय क्षेत्र
प्रस्टोका,9 गाउँ 1,0,आवासीय क्षेत्र
प्रस्टोका,9 गाउँ 1,4,आवासीय क्षेत्र
प्रस्टोका,9 गाउँ 1,5,आवासीय क्षेत्र
प्रस्टोका,9 गाउँ 1,6,आवासीय क्षेत्र
प्रस्टोका,9 गाउँ 1,7,आवासीय क्षेत्र
प्रस्टोका,9 गाउँ 1,8,आवासीय क्षेत्र
प्रस्टोका,9 गाउँ 1,9,आवासीय क्षेत्र
प्रस्टोका,9 गाउँ 1,10,आवासीय क्षेत्र
प्रस्टोका,9 गाउँ 1,12,आवासीय क्षेत्र
प्रस्टोका,9 गाउँ 1,13,आवासीय क्षेत्र
प्रस्टोका,9 गाउँ 1,14,आवासीय क्षेत्र
प्रस्टोका,9 गाउँ 1,15,आवासीय क्षेत्र
प्रस्टोका,9 गाउँ 1,17,आवासीय क्षेत्र
प्रस्टोका,9 गाउँ 1,18,आवासीय क्षेत्र
प्रस्टोका,9 गाउँ 1,20,आवासीय क्षेत्र
प्रस्टोका,9 गाउँ 1,21,आवासीय क्षेत्र
प्रस्टोका,9 गाउँ 1,22,आवासीय क्षेत्र
प्रस्टोका,9 गाउँ 1,23,आवासीय क्षेत्र
प्रस्टोका,9 गाउँ 1,25,आवासीय क्षेत्र
प्रस्टोका,9 गाउँ 1,27,आवासीय क्षेत्र
प्रस्टोका,9 गाउँ 1,28,आवासीय क्षेत्र
प्रस्टोका,9 गाउँ 1,30,आवासीय क्षेत्र
प्रस्टोका,9 गाउँ 1,31,आवासीय क्षेत्र
प्रस्टोका,9 गाउँ 1,32,आवासीय क्षेत्र
प्रस्टोका,9 गाउँ 1,36,आवासीय क्षेत्र
प्रस्टोका,9 गाउँ 1,39,आवासीय क्षेत्र
प्रस्टोका,9 गाउँ 1,40,आवासीय क्षेत्र
प्रस्टोका,9 गाउँ 1,42,आवासीय क्षेत्र
प्रस्टोका,9 गाउँ 1,43,आवासीय क्षेत्र
प्रस्टोका,9 गाउँ 1,45,आवासीय क्षेत्र
प्रस्टोका,9 गाउँ 1,48,आवासीय क्षेत्र
प्रस्टोका,9 गाउँ 1,49,आवासीय क्षेत्र
प्रस्टोका,9 गाउँ 1,51,आवासीय क्षेत्र
प्रस्टोका,9 गाउँ 1,52,आवासीय क्षेत्र
प्रस्टोका,9 गाउँ 1,53,आवासीय क्षेत्र
प्रस्टोका,9 गाउँ 1,57,आवासीय क्षेत्र
प्रस्टोका,9 गाउँ 1,62,आवासीय क्षेत्र
प्रस्टोका,9 गाउँ 1,63,आवासीय क्षेत्र
प्रस्टोका,9 गाउँ 1,64,आवासीय क्षेत्र
प्रस्टोका,9 गाउँ 1,65,आवासीय क्षेत्र
प्रस्टोका,9 गाउँ 1,68,आवासीय क्षेत्र
प्रस्टोका,9 गाउँ 1,68,आवासीय क्षेत्र
प्रस्टोका,9 गाउँ 1,69,आवासीय क्षेत्र
प्रस्टोका,9 गाउँ 1,69,आवासीय क्षेत्र
प्रस्टोका,9 गाउँ 1,70,आवासीय क्षेत्र
प्रस्टोका,9 गाउँ 1,71,आवासीय क्षेत्र
प्रस्टोका,9 गाउँ 1,72,आवासीय क्षेत्र
प्रस्टोका,9 गाउँ 1,73,आवासीय क्षेत्र
प्रस्टोका,9 गाउँ 1,75,आवासीय क्षेत्र
प्रस्टोका,9 गाउँ 1,76,आवासीय क्षेत्र
प्रस्टोका,9 गाउँ 1,77,आवासीय क्षेत्र
प्रस्टोका,9 गाउँ 1,78,आवासीय क्षेत्र
प्रस्टोका,9 गाउँ 1,79,आवासीय क्षेत्र
प्रस्टोका,9 गाउँ 1,81,आवासीय क्षेत्र
प्रस्टोका,9 गाउँ 1,82,आवासीय क्षेत्र
प्रस्टोका,9 गाउँ 1,83,आवासीय क्षेत्र
प्रस्टोका,9 गाउँ 1,84,कृषि क्षेत्र
प्रस्टोका,9 गाउँ 1,85,कृषि क्षेत्र
प्रस्टोका,9 गाउँ 1,86,आवासीय क्षेत्र
प्रस्टोका,9 गाउँ 1,87,आवासीय क्षेत्र
प्रस्टोका,9 गाउँ 1,89,आवासीय क्षेत्र
प्रस्टोका,9 गाउँ 1,91,सार्वजनिक उपयोगको क्षेत्र
प्रस्टोका,9 गाउँ 1,94,आवासीय क्षेत्र
प्रस्टोका,9 गाउँ 1,95,आवासीय क्षेत्र
प्रस्टोका,9 गाउँ 1,96,आवासीय क्षेत्र
प्रस्टोका,9 गाउँ 1,97,आवासीय क्षेत्र
प्रस्टोका,9 गाउँ 1,98,कृषि क्षेत्र
प्रस्टोका,9 गाउँ 1,99,कृषि क्षेत्र
प्रस्टोका,9 गाउँ 1,100,आवासीय क्षेत्र
प्रस्टोका,9 गाउँ 1,101,आवासीय क्षेत्र
प्रस्टोका,9 गाउँ 1,102,आवासीय क्षेत्र
प्रस्टोका,9 गाउँ 1,103,आवासीय क्षेत्र
प्रस्टोका,9 गाउँ 1,118,आवासीय क्षेत्र
प्रस्टोका,9 गाउँ 1,119,आवासीय क्षेत्र
प्रस्टोका,9 गाउँ 1,120,आवासीय क्षेत्र
प्रस्टोका,9 गाउँ 1,124,आवासीय क्षेत्र
प्रस्टोका,9 गाउँ 1,126,आवासीय क्षेत्र
प्रस्टोका,9 गाउँ 1,127,आवासीय क्षेत्र
प्रस्टोका,9 गाउँ 1,128,आवासीय क्षेत्र
प्रस्टोका,9 गाउँ 1,129,आवासीय क्षेत्र
प्रस्टोका,9 गाउँ 1,130,आवासीय क्षेत्र
प्रस्टोका,9 गाउँ 1,131,आवासीय क्षेत्र
प्रस्टोका,9 गाउँ 1,132,आवासीय क्षेत्र
प्रस्टोका,9 गाउँ 1,133,आवासीय क्षेत्र
प्रस्टोका,9 गाउँ 1,134,आवासीय क्षेत्र
प्रस्टोका,9 गाउँ 1,135,कृषि क्षेत्र
प्रस्टोका,9 गाउँ 1,137,आवासीय क्षेत्र
प्रस्टोका,9 गाउँ 1,138,आवासीय क्षेत्र
प्रस्टोका,9 गाउँ 1,139,आवासीय क्षेत्र
प्रस्टोका,9 गाउँ 1,140,आवासीय क्षेत्र
प्रस्टोका,9 गाउँ 1,141,आवासीय क्षेत्र
प्रस्टोका,9 गाउँ 1,142,आवासीय क्षेत्र
प्रस्टोका,9 गाउँ 1,143,आवासीय क्षेत्र
प्रस्टोका,9 गाउँ 1,148,आवासीय क्षेत्र
प्रस्टोका,9 गाउँ 1,149,आवासीय क्षेत्र
प्रस्टोका,9 गाउँ 1,150,आवासीय क्षेत्र
प्रस्टोका,9 गाउँ 1,151,आवासीय क्षेत्र
प्रस्टोका,9 गाउँ 1,152,आवासीय क्षेत्र
प्रस्टोका,9 गाउँ 1,153,आवासीय क्षेत्र
प्रस्टोका,9 गाउँ 1,154,आवासीय क्षेत्र
प्रस्टोका,9 गाउँ 1,155,आवासीय क्षेत्र
प्रस्टोका,9 गाउँ 1,156,आवासीय क्षेत्र
प्रस्टोका,9 गाउँ 1,170,आवासीय क्षेत्र
प्रस्टोका,9 गाउँ 1,171,आवासीय क्षेत्र
प्रस्टोका,9 गाउँ 1,172,आवासीय क्षेत्र
प्रस्टोका,9 गाउँ 1,173,आवासीय क्षेत्र
प्रस्टोका,9 गाउँ 1,174,आवासीय क्षेत्र
प्रस्टोका,9 गाउँ 1,175,आवासीय क्षेत्र
प्रस्टोका,9 गाउँ 1,176,आवासीय क्षेत्र
प्रस्टोका,9 गाउँ 1,177,आवासीय क्षेत्र
प्रस्टोका,9 गाउँ 1,178,आवासीय क्षेत्र
प्रस्टोका,9 गाउँ 1,179,आवासीय क्षेत्र
प्रस्टोका,9 गाउँ 1,180,आवासीय क्षेत्र
प्रस्टोका,9 गाउँ 1,181,कृषि क्षेत्र
प्रस्टोका,9 गाउँ 1,182,कृषि क्षेत्र
प्रस्टोका,9 गाउँ 1,183,आवासीय क्षेत्र
प्रस्टोका,9 गाउँ 1,184,आवासीय क्षेत्र
प्रस्टोका,9 गाउँ 1,185,आवासीय क्षेत्र
प्रस्टोका,9 गाउँ 1,186,आवासीय क्षेत्र
प्रस्टोका,9 गाउँ 1,187,आवासीय क्षेत्र
प्रस्टोका,9 गाउँ 2,0,आवासीय क्षेत्र
प्रस्टोका,9 गाउँ 2,0,आवासीय क्षेत्र
प्रस्टोका,9 गाउँ 2,2,आवासीय क्षेत्र
प्रस्टोका,9 गाउँ 2,5,आवासीय क्षेत्र
प्रस्टोका,9 गाउँ 2,6,आवासीय क्षेत्र
प्रस्टोका,9 गाउँ 2,7,आवासीय क्षेत्र
प्रस्टोका,9 गाउँ 2,10,आवासीय क्षेत्र
प्रस्टोका,9 गाउँ 2,11,आवासीय क्षेत्र
प्रस्टोका,9 गाउँ 2,15,आवासीय क्षेत्र
प्रस्टोका,9 गाउँ 2,16,आवासीय क्षेत्र
प्रस्टोका,9 गाउँ 2,17,आवासीय क्षेत्र
प्रस्टोका,9 गाउँ 2,21,सार्वजनिक उपयोगको क्षेत्र
प्रस्टोका,9 गाउँ 2,22,आवासीय क्षेत्र
प्रस्टोका,9 गाउँ 2,23,आवासीय क्षेत्र
प्रस्टोका,9 गाउँ 2,24,आवासीय क्षेत्र
प्रस्टोका,9 गाउँ 2,26,आवासीय क्षेत्र
प्रस्टोका,9 गाउँ 2,27,आवासीय क्षेत्र
प्रस्टोका,9 गाउँ 2,28,आवासीय क्षेत्र
प्रस्टोका,9 गाउँ 2,29,आवासीय क्षेत्र
प्रस्टोका,9 गाउँ 2,30,आवासीय क्षेत्र
प्रस्टोका,9 गाउँ 2,31,आवासीय क्षेत्र
प्रस्टोका,9 गाउँ 2,32,आवासीय क्षेत्र
प्रस्टोका,9 गाउँ 2,34,आवासीय क्षेत्र
प्रस्टोका,9 गाउँ 2,35,आवासीय क्षेत्र
प्रस्टोका,9 गाउँ 2,36,सार्वजनिक उपयोगको क्षेत्र
प्रस्टोका,9 गाउँ 2,37,आवासीय क्षेत्र
प्रस्टोका,9 गाउँ 2,38,आवासीय क्षेत्र
प्रस्टोका,9 गाउँ 2,43,आवासीय क्षेत्र
प्रस्टोका,9 गाउँ 2,46,आवासीय क्षेत्र
प्रस्टोका,9 गाउँ 2,48,आवासीय क्षेत्र
प्रस्टोका,9 गाउँ 2,49,आवासीय क्षेत्र
प्रस्टोका,9 गाउँ 2,52,आवासीय क्षेत्र
प्रस्टोका,9 गाउँ 2,53,आवासीय क्षेत्र
प्रस्टोका,9 गाउँ 2,54,आवासीय क्षेत्र
प्रस्टोका,9 गाउँ 2,55,आवासीय क्षेत्र
प्रस्टोका,9 गाउँ 2,56,आवासीय क्षेत्र
प्रस्टोका,9 गाउँ 2,57,आवासीय क्षेत्र
प्रस्टोका,9 गाउँ 2,58,आवासीय क्षेत्र
प्रस्टोका,9 गाउँ 2,59,आवासीय क्षेत्र
प्रस्टोका,9 गाउँ 2,63,आवासीय क्षेत्र
प्रस्टोका,9 गाउँ 2,65,आवासीय क्षेत्र
प्रस्टोका,9 गाउँ 2,67,आवासीय क्षेत्र
प्रस्टोका,9 गाउँ 2,69,आवासीय क्षेत्र
प्रस्टोका,9 गाउँ 2,70,आवासीय क्षेत्र
प्रस्टोका,9 गाउँ 2,71,आवासीय क्षेत्र
प्रस्टोका,9 गाउँ 2,73,आवासीय क्षेत्र
प्रस्टोका,9 गाउँ 2,74,आवासीय क्षेत्र
प्रस्टोका,9 गाउँ 2,76,आवासीय क्षेत्र
प्रस्टोका,9 गाउँ 2,77,आवासीय क्षेत्र
प्रस्टोका,9 गाउँ 2,78,आवासीय क्षेत्र
प्रस्टोका,9 गाउँ 2,79,आवासीय क्षेत्र
प्रस्टोका,9 गाउँ 2,81,आवासीय क्षेत्र
प्रस्टोका,9 गाउँ 2,82,आवासीय क्षेत्र
प्रस्टोका,9 गाउँ 2,84,आवासीय क्षेत्र
प्रस्टोका,9 गाउँ 2,85,आवासीय क्षेत्र
प्रस्टोका,9 गाउँ 2,86,आवासीय क्षेत्र
प्रस्टोका,9 गाउँ 2,87,आवासीय क्षेत्र
प्रस्टोका,9 गाउँ 2,88,आवासीय क्षेत्र
प्रस्टोका,9 गाउँ 2,90,आवासीय क्षेत्र
प्रस्टोका,9 गाउँ 2,93,आवासीय क्षेत्र
प्रस्टोका,9 गाउँ 2,95,आवासीय क्षेत्र
प्रस्टोका,9 गाउँ 2,102,आवासीय क्षेत्र
प्रस्टोका,9 गाउँ 2,103,आवासीय क्षेत्र
प्रस्टोका,9 गाउँ 2,104,आवासीय क्षेत्र
प्रस्टोका,9 गाउँ 2,105,आवासीय क्षेत्र
प्रस्टोका,9 गाउँ 2,106,आवासीय क्षेत्र
प्रस्टोका,9 गाउँ 2,107,आवासीय क्षेत्र
प्रस्टोका,9 गाउँ 2,110,आवासीय क्षेत्र
प्रस्टोका,9 गाउँ 2,111,आवासीय क्षेत्र
प्रस्टोका,9 गाउँ 2,112,आवासीय क्षेत्र
प्रस्टोका,9 गाउँ 2,113,आवासीय क्षेत्र
प्रस्टोका,9 गाउँ 2,114,आवासीय क्षेत्र
प्रस्टोका,9 गाउँ 2,115,आवासीय क्षेत्र
प्रस्टोका,9 गाउँ 2,116,आवासीय क्षेत्र
प्रस्टोका,9 गाउँ 2,117,आवासीय क्षेत्र
प्रस्टोका,9 गाउँ 2,118,आवासीय क्षेत्र
प्रस्टोका,9 गाउँ 2,119,आवासीय क्षेत्र
प्रस्टोका,9 गाउँ 2,120,आवासीय क्षेत्र
प्रस्टोका,9 गाउँ 2,188,आवासीय क्षेत्र
प्रस्टोका,9 गाउँ 2,189,आवासीय क्षेत्र
प्रस्टोका,9 गाउँ 2,190,आवासीय क्षेत्र
बंजरिया,1,0,कृषि क्षेत्र
बंजरिया,1,0,कृषि क्षेत्र
बंजरिया,1,0,कृषि क्षेत्र
बंजरिया,1,0,कृषि क्षेत्र
बंजरिया,1,0,सार्वजनिक उपयोगको क्षेत्र
बंजरिया,1,0,कृषि क्षेत्र
बंजरिया,1,0,कृषि क्षेत्र
बंजरिया,1,0,कृषि क्षेत्र
बंजरिया,1,0,कृषि क्षेत्र
बंजरिया,1,0,कृषि क्षेत्र
बंजरिया,1,0,कृषि क्षेत्र
बंजरिया,1,0,कृषि क्षेत्र
बंजरिया,1,0,कृषि क्षेत्र
बंजरिया,1,0,कृषि क्षेत्र
बंजरिया,1,0,कृषि क्षेत्र
बंजरिया,1,0,कृषि क्षेत्र
बंजरिया,1,0,कृषि क्षेत्र
बंजरिया,1,0,कृषि क्षेत्र
बंजरिया,1,0,कृषि क्षेत्र
बंजरिया,1,0,कृषि क्षेत्र
बंजरिया,1,0,कृषि क्षेत्र
बंजरिया,1,0,कृषि क्षेत्र
बंजरिया,1,0,कृषि क्षेत्र
बंजरिया,1,0,कृषि क्षेत्र
बंजरिया,1,0,कृषि क्षेत्र
बंजरिया,1,0,कृषि क्षेत्र
बंजरिया,1,0,कृषि क्षेत्र
बंजरिया,1,0,कृषि क्षेत्र
बंजरिया,1,0,कृषि क्षेत्र
बंजरिया,1,0,कृषि क्षेत्र
बंजरिया,1,0,कृषि क्षेत्र
बंजरिया,1,0,कृषि क्षेत्र
बंजरिया,1,0,कृषि क्षेत्र
बंजरिया,1,0,कृषि क्षेत्र
बंजरिया,1,0,कृषि क्षेत्र
बंजरिया,1,0,कृषि क्षेत्र
बंजरिया,1,0,कृषि क्षेत्र
बंजरिया,1,0,कृषि क्षेत्र
बंजरिया,1,0,आवासीय क्षेत्र
बंजरिया,1,0,कृषि क्षेत्र
बंजरिया,1,0,कृषि क्षेत्र
बंजरिया,1,0,कृषि क्षेत्र
बंजरिया,1,0,कृषि क्षेत्र
बंजरिया,1,0,कृषि क्षेत्र
बंजरिया,1,0,कृषि क्षेत्र
बंजरिया,1,0,कृषि क्षेत्र
बंजरिया,1,0,कृषि क्षेत्र
बंजरिया,1,0,कृषि क्षेत्र
बंजरिया,1,0,कृषि क्षेत्र
बंजरिया,1,0,कृषि क्षेत्र
बंजरिया,1,0,कृषि क्षेत्र
बंजरिया,1,0,आवासीय क्षेत्र
बंजरिया,1,0,आवासीय क्षेत्र
बंजरिया,1,0,आवासीय क्षेत्र
बंजरिया,1,0,कृषि क्षेत्र
बंजरिया,1,0,कृषि क्षेत्र
बंजरिया,1,0,सार्वजनिक उपयोगको क्षेत्र
बंजरिया,1,0,आवासीय क्षेत्र
बंजरिया,1,0,आवासीय क्षेत्र
बंजरिया,1,0,आवासीय क्षेत्र
बंजरिया,1,0,कृषि क्षेत्र
बंजरिया,1,0,आवासीय क्षेत्र
बंजरिया,1,0,कृषि क्षेत्र
बंजरिया,1,0,कृषि क्षेत्र
बंजरिया,1,0,कृषि क्षेत्र
बंजरिया,1,0,कृषि क्षेत्र
बंजरिया,1,0,कृषि क्षेत्र
बंजरिया,1,0,कृषि क्षेत्र
बंजरिया,1,0,आवासीय क्षेत्र
बंजरिया,1,0,आवासीय क्षेत्र
बंजरिया,1,0,सार्वजनिक उपयोगको क्षेत्र
बंजरिया,1,0,आवासीय क्षेत्र
बंजरिया,1,0,सार्वजनिक उपयोगको क्षेत्र
बंजरिया,1,0,"नदी, खोला, ताल, सिमसार क्षेत्र"
बंजरिया,1,0,कृषि क्षेत्र
बंजरिया,1,0,कृषि क्षेत्र
बंजरिया,1,0,सार्वजनिक उपयोगको क्षेत्र
बंजरिया,1,0,कृषि क्षेत्र
बंजरिया,1,0,आवासीय क्षेत्र
बंजरिया,1,0,आवासीय क्षेत्र
बंजरिया,1,0,कृषि क्षेत्र
बंजरिया,1,0,कृषि क्षेत्र
बंजरिया,1,1,कृषि क्षेत्र
बंजरिया,1,2,कृषि क्षेत्र
बंजरिया,1,3,कृषि क्षेत्र
बंजरिया,1,4,कृषि क्षेत्र
बंजरिया,1,6,कृषि क्षेत्र
बंजरिया,1,7,कृषि क्षेत्र
बंजरिया,1,8,कृषि क्षेत्र
बंजरिया,1,9,कृषि क्षेत्र
बंजरिया,1,10,कृषि क्षेत्र
बंजरिया,1,13,कृषि क्षेत्र
बंजरिया,1,15,आवासीय क्षेत्र
बंजरिया,1,16,आवासीय क्षेत्र
बंजरिया,1,17,आवासीय क्षेत्र
बंजरिया,1,18,आवासीय क्षेत्र
बंजरिया,1,19,आवासीय क्षेत्र
बंजरिया,1,20,आवासीय क्षेत्र
बंजरिया,1,21,आवासीय क्षेत्र
बंजरिया,1,23,आवासीय क्षेत्र
बंजरिया,1,24,आवासीय क्षेत्र
बंजरिया,1,25,कृषि क्षेत्र
बंजरिया,1,26,कृषि क्षेत्र
बंजरिया,1,27,कृषि क्षेत्र
बंजरिया,1,28,कृषि क्षेत्र
बंजरिया,1,30,कृषि क्षेत्र
बंजरिया,1,31,कृषि क्षेत्र
बंजरिया,1,32,कृषि क्षेत्र
बंजरिया,1,33,कृषि क्षेत्र
बंजरिया,1,36,आवासीय क्षेत्र
बंजरिया,1,38,आवासीय क्षेत्र
बंजरिया,1,39,कृषि क्षेत्र
बंजरिया,1,39,आवासीय क्षेत्र
बंजरिया,1,40,आवासीय क्षेत्र
बंजरिया,1,42,कृषि क्षेत्र
बंजरिया,1,45,आवासीय क्षेत्र
बंजरिया,1,48,आवासीय क्षेत्र
बंजरिया,1,49,आवासीय क्षेत्र
बंजरिया,1,50,आवासीय क्षेत्र
बंजरिया,1,52,आवासीय क्षेत्र
बंजरिया,1,53,आवासीय क्षेत्र
बंजरिया,1,54,आवासीय क्षेत्र
बंजरिया,1,56,आवासीय क्षेत्र
बंजरिया,1,57,आवासीय क्षेत्र
बंजरिया,1,58,आवासीय क्षेत्र
बंजरिया,1,59,आवासीय क्षेत्र
बंजरिया,1,61,आवासीय क्षेत्र
बंजरिया,1,65,कृषि क्षेत्र
बंजरिया,1,69,आवासीय क्षेत्र
बंजरिया,1,70,आवासीय क्षेत्र
बंजरिया,1,72,आवासीय क्षेत्र
बंजरिया,1,74,आवासीय क्षेत्र
बंजरिया,1,75,आवासीय क्षेत्र
बंजरिया,1,79,आवासीय क्षेत्र
बंजरिया,1,80,कृषि क्षेत्र
बंजरिया,1,81,कृषि क्षेत्र
बंजरिया,1,82,कृषि क्षेत्र
बंजरिया,1,83,आवासीय क्षेत्र
बंजरिया,1,84,कृषि क्षेत्र
बंजरिया,1,86,कृषि क्षेत्र
बंजरिया,1,90,कृषि क्षेत्र
बंजरिया,1,92,कृषि क्षेत्र
बंजरिया,1,93,कृषि क्षेत्र
बंजरिया,1,94,कृषि क्षेत्र
बंजरिया,1,95,कृषि क्षेत्र
बंजरिया,1,96,कृषि क्षेत्र
बंजरिया,1,99,कृषि क्षेत्र
बंजरिया,1,100,कृषि क्षेत्र
बंजरिया,1,101,कृषि क्षेत्र
बंजरिया,1,102,कृषि क्षेत्र
बंजरिया,1,103,कृषि क्षेत्र
बंजरिया,1,104,कृषि क्षेत्र
बंजरिया,1,105,कृषि क्षेत्र
बंजरिया,1,107,कृषि क्षेत्र
बंजरिया,1,108,कृषि क्षेत्र
बंजरिया,1,109,कृषि क्षेत्र
बंजरिया,1,110,कृषि क्षेत्र
बंजरिया,1,111,कृषि क्षेत्र
बंजरिया,1,112,कृषि क्षेत्र
बंजरिया,1,113,कृषि क्षेत्र
बंजरिया,1,114,कृषि क्षेत्र
बंजरिया,1,115,कृषि क्षेत्र
बंजरिया,1,117,कृषि क्षेत्र
बंजरिया,1,118,कृषि क्षेत्र
बंजरिया,1,119,कृषि क्षेत्र
बंजरिया,1,120,कृषि क्षेत्र
बंजरिया,1,121,कृषि क्षेत्र
बंजरिया,1,123,कृषि क्षेत्र
बंजरिया,1,124,कृषि क्षेत्र
बंजरिया,1,125,कृषि क्षेत्र
बंजरिया,1,126,कृषि क्षेत्र
बंजरिया,1,137,कृषि क्षेत्र
बंजरिया,1,139,कृषि क्षेत्र
बंजरिया,1,140,कृषि क्षेत्र
बंजरिया,1,142,कृषि क्षेत्र
बंजरिया,1,144,कृषि क्षेत्र
बंजरिया,1,145,कृषि क्षेत्र
बंजरिया,1,148,कृषि क्षेत्र
बंजरिया,1,151,कृषि क्षेत्र
बंजरिया,1,152,आवासीय क्षेत्र
बंजरिया,1,154,कृषि क्षेत्र
बंजरिया,1,155,कृषि क्षेत्र
बंजरिया,1,156,कृषि क्षेत्र
बंजरिया,1,158,कृषि क्षेत्र
बंजरिया,1,159,कृषि क्षेत्र
बंजरिया,1,161,कृषि क्षेत्र
बंजरिया,1,162,कृषि क्षेत्र
बंजरिया,1,163,कृषि क्षेत्र
बंजरिया,1,168,कृषि क्षेत्र
बंजरिया,1,169,कृषि क्षेत्र
बंजरिया,1,170,कृषि क्षेत्र
बंजरिया,1,171,कृषि क्षेत्र
बंजरिया,1,173,कृषि क्षेत्र
बंजरिया,1,175,कृषि क्षेत्र
बंजरिया,1,176,कृषि क्षेत्र
बंजरिया,1,186,कृषि क्षेत्र
बंजरिया,1,187,कृषि क्षेत्र
बंजरिया,1,189,आवासीय क्षेत्र
बंजरिया,1,190,आवासीय क्षेत्र
बंजरिया,1,195,कृषि क्षेत्र
बंजरिया,1,198,कृषि क्षेत्र
बंजरिया,1,199,आवासीय क्षेत्र
बंजरिया,1,200,कृषि क्षेत्र
बंजरिया,1,201,कृषि क्षेत्र
बंजरिया,1,202,कृषि क्षेत्र
बंजरिया,1,203,कृषि क्षेत्र
बंजरिया,1,206,आवासीय क्षेत्र
बंजरिया,1,207,कृषि क्षेत्र
बंजरिया,1,208,आवासीय क्षेत्र
बंजरिया,1,209,आवासीय क्षेत्र
बंजरिया,1,211,आवासीय क्षेत्र
बंजरिया,1,212,आवासीय क्षेत्र
बंजरिया,1,214,कृषि क्षेत्र
बंजरिया,1,214,कृषि क्षेत्र
बंजरिया,1,215,कृषि क्षेत्र
बंजरिया,1,218,कृषि क्षेत्र
बंजरिया,1,219,कृषि क्षेत्र
बंजरिया,1,224,कृषि क्षेत्र
बंजरिया,1,225,कृषि क्षेत्र
बंजरिया,1,231,कृषि क्षेत्र
बंजरिया,1,232,कृषि क्षेत्र
बंजरिया,1,233,कृषि क्षेत्र
बंजरिया,1,235,कृषि क्षेत्र
बंजरिया,1,236,कृषि क्षेत्र
बंजरिया,1,236,कृषि क्षेत्र
बंजरिया,1,237,कृषि क्षेत्र
बंजरिया,1,240,आवासीय क्षेत्र
बंजरिया,1,241,कृषि क्षेत्र
बंजरिया,1,246,आवासीय क्षेत्र
बंजरिया,1,247,आवासीय क्षेत्र
बंजरिया,1,248,कृषि क्षेत्र
बंजरिया,1,249,कृषि क्षेत्र
बंजरिया,1,255,आवासीय क्षेत्र
बंजरिया,1,256,कृषि क्षेत्र
बंजरिया,1,256,कृषि क्षेत्र
बंजरिया,1,258,कृषि क्षेत्र
बंजरिया,1,259,कृषि क्षेत्र
बंजरिया,1,260,कृषि क्षेत्र
बंजरिया,1,261,कृषि क्षेत्र
बंजरिया,1,262,कृषि क्षेत्र
बंजरिया,1,263,कृषि क्षेत्र
बंजरिया,1,265,कृषि क्षेत्र
बंजरिया,1,266,कृषि क्षेत्र
बंजरिया,1,268,कृषि क्षेत्र
बंजरिया,1,269,कृषि क्षेत्र
बंजरिया,1,271,कृषि क्षेत्र
बंजरिया,1,272,कृषि क्षेत्र
बंजरिया,1,273,कृषि क्षेत्र
बंजरिया,1,276,कृषि क्षेत्र
बंजरिया,1,277,कृषि क्षेत्र
बंजरिया,1,278,कृषि क्षेत्र
बंजरिया,1,279,कृषि क्षेत्र
बंजरिया,1,280,कृषि क्षेत्र
बंजरिया,1,281,कृषि क्षेत्र
बंजरिया,1,285,कृषि क्षेत्र
बंजरिया,1,286,कृषि क्षेत्र
बंजरिया,1,288,कृषि क्षेत्र
बंजरिया,1,289,कृषि क्षेत्र
बंजरिया,1,290,कृषि क्षेत्र
बंजरिया,1,291,कृषि क्षेत्र
बंजरिया,1,293,कृषि क्षेत्र
बंजरिया,1,294,कृषि क्षेत्र
बंजरिया,1,299,कृषि क्षेत्र
बंजरिया,1,300,कृषि क्षेत्र
बंजरिया,1,303,कृषि क्षेत्र
बंजरिया,1,304,कृषि क्षेत्र
बंजरिया,1,306,कृषि क्षेत्र
बंजरिया,1,308,कृषि क्षेत्र
बंजरिया,1,308,कृषि क्षेत्र
बंजरिया,1,310,कृषि क्षेत्र
बंजरिया,1,311,कृषि क्षेत्र
बंजरिया,1,312,कृषि क्षेत्र
बंजरिया,1,313,कृषि क्षेत्र
बंजरिया,1,314,कृषि क्षेत्र
बंजरिया,1,316,कृषि क्षेत्र
बंजरिया,1,317,कृषि क्षेत्र
बंजरिया,1,318,कृषि क्षेत्र
बंजरिया,1,319,कृषि क्षेत्र
बंजरिया,1,320,कृषि क्षेत्र
बंजरिया,1,321,कृषि क्षेत्र
बंजरिया,1,322,कृषि क्षेत्र
बंजरिया,1,323,कृषि क्षेत्र
बंजरिया,1,324,कृषि क्षेत्र
बंजरिया,1,325,कृषि क्षेत्र
बंजरिया,1,329,कृषि क्षेत्र
बंजरिया,1,330,कृषि क्षेत्र
बंजरिया,1,338,कृषि क्षेत्र
बंजरिया,1,339,कृषि क्षेत्र
बंजरिया,1,340,कृषि क्षेत्र
बंजरिया,1,341,कृषि क्षेत्र
बंजरिया,1,343,कृषि क्षेत्र
बंजरिया,1,344,कृषि क्षेत्र
बंजरिया,1,345,कृषि क्षेत्र
बंजरिया,1,346,कृषि क्षेत्र
बंजरिया,1,349,कृषि क्षेत्र
बंजरिया,1,350,कृषि क्षेत्र
बंजरिया,1,351,कृषि क्षेत्र
बंजरिया,1,352,कृषि क्षेत्र
बंजरिया,1,354,कृषि क्षेत्र
बंजरिया,1,355,कृषि क्षेत्र
बंजरिया,1,357,कृषि क्षेत्र
बंजरिया,1,359,कृषि क्षेत्र
बंजरिया,1,361,कृषि क्षेत्र
बंजरिया,1,365,कृषि क्षेत्र
बंजरिया,1,366,कृषि क्षेत्र
बंजरिया,1,367,कृषि क्षेत्र
बंजरिया,1,368,सार्वजनिक उपयोगको क्षेत्र
बंजरिया,1,372,कृषि क्षेत्र
बंजरिया,1,373,"नदी, खोला, ताल, सिमसार क्षेत्र"
बंजरिया,1,380,कृषि क्षेत्र
बंजरिया,1,380,सार्वजनिक उपयोगको क्षेत्र
बंजरिया,1,381,कृषि क्षेत्र
बंजरिया,1,390,आवासीय क्षेत्र
बंजरिया,1,393,कृषि क्षेत्र
बंजरिया,1,397,आवासीय क्षेत्र
बंजरिया,1,398,कृषि क्षेत्र
बंजरिया,1,402,कृषि क्षेत्र
बंजरिया,1,408,कृषि क्षेत्र
बंजरिया,1,408,कृषि क्षेत्र
बंजरिया,1,409,कृषि क्षेत्र
बंजरिया,1,409,कृषि क्षेत्र
बंजरिया,1,410,कृषि क्षेत्र
बंजरिया,1,411,कृषि क्षेत्र
बंजरिया,1,415,आवासीय क्षेत्र
बंजरिया,1,416,कृषि क्षेत्र
बंजरिया,1,418,कृषि क्षेत्र
बंजरिया,1,420,आवासीय क्षेत्र
बंजरिया,1,421,आवासीय क्षेत्र
बंजरिया,1,426,आवासीय क्षेत्र
बंजरिया,1,430,कृषि क्षेत्र
बंजरिया,1,431,कृषि क्षेत्र
बंजरिया,1,432,कृषि क्षेत्र
बंजरिया,1,434,कृषि क्षेत्र
बंजरिया,1,435,कृषि क्षेत्र
बंजरिया,1,436,कृषि क्षेत्र
बंजरिया,1,441,कृषि क्षेत्र
बंजरिया,1,442,कृषि क्षेत्र
बंजरिया,1,443,कृषि क्षेत्र
बंजरिया,1,444,कृषि क्षेत्र
बंजरिया,1,445,कृषि क्षेत्र
बंजरिया,1,446,आवासीय क्षेत्र
बंजरिया,1,449,कृषि क्षेत्र
बंजरिया,1,454,आवासीय क्षेत्र
बंजरिया,1,455,आवासीय क्षेत्र
बंजरिया,1,456,आवासीय क्षेत्र
बंजरिया,1,457,आवासीय क्षेत्र
बंजरिया,1,461,कृषि क्षेत्र
बंजरिया,1,462,कृषि क्षेत्र
बंजरिया,1,463,कृषि क्षेत्र
बंजरिया,1,470,आवासीय क्षेत्र
बंजरिया,1,471,कृषि क्षेत्र
बंजरिया,1,472,कृषि क्षेत्र
बंजरिया,1,473,कृषि क्षेत्र
बंजरिया,1,474,कृषि क्षेत्र
बंजरिया,1,478,आवासीय क्षेत्र
बंजरिया,1,483,कृषि क्षेत्र
बंजरिया,1,485,कृषि क्षेत्र
बंजरिया,1,486,कृषि क्षेत्र
बंजरिया,1,486,कृषि क्षेत्र
बंजरिया,1,487,कृषि क्षेत्र
बंजरिया,1,488,कृषि क्षेत्र
बंजरिया,1,489,कृषि क्षेत्र
बंजरिया,1,490,कृषि क्षेत्र
बंजरिया,1,490,कृषि क्षेत्र
बंजरिया,1,491,आवासीय क्षेत्र
बंजरिया,1,491,कृषि क्षेत्र
बंजरिया,1,492,कृषि क्षेत्र
बंजरिया,1,496,कृषि क्षेत्र
बंजरिया,1,497,कृषि क्षेत्र
बंजरिया,1,500,कृषि क्षेत्र
बंजरिया,1,504,कृषि क्षेत्र
बंजरिया,1,505,कृषि क्षेत्र
बंजरिया,1,508,कृषि क्षेत्र
बंजरिया,1,514,कृषि क्षेत्र
बंजरिया,1,516,कृषि क्षेत्र
बंजरिया,1,517,कृषि क्षेत्र
बंजरिया,1,522,कृषि क्षेत्र
बंजरिया,1,523,कृषि क्षेत्र
बंजरिया,1,524,कृषि क्षेत्र
बंजरिया,1,529,आवासीय क्षेत्र
बंजरिया,1,530,कृषि क्षेत्र
बंजरिया,1,531,कृषि क्षेत्र
बंजरिया,1,532,कृषि क्षेत्र
बंजरिया,1,533,कृषि क्षेत्र
बंजरिया,1,534,कृषि क्षेत्र
बंजरिया,1,536,कृषि क्षेत्र
बंजरिया,1,545,आवासीय क्षेत्र
बंजरिया,1,546,आवासीय क्षेत्र
बंजरिया,1,547,कृषि क्षेत्र
बंजरिया,1,548,कृषि क्षेत्र
बंजरिया,1,549,आवासीय क्षेत्र
बंजरिया,1,550,आवासीय क्षेत्र
बंजरिया,1,551,कृषि क्षेत्र
बंजरिया,1,552,कृषि क्षेत्र
बंजरिया,1,553,आवासीय क्षेत्र
बंजरिया,1,554,आवासीय क्षेत्र
बंजरिया,1,555,आवासीय क्षेत्र
बंजरिया,1,556,कृषि क्षेत्र
बंजरिया,1,557,कृषि क्षेत्र
बंजरिया,1,559,आवासीय क्षेत्र
बंजरिया,1,560,आवासीय क्षेत्र
बंजरिया,1,580,कृषि क्षेत्र
बंजरिया,1,587,कृषि क्षेत्र
बंजरिया,1,590,आवासीय क्षेत्र
बंजरिया,1,592,आवासीय क्षेत्र
बंजरिया,1,599,आवासीय क्षेत्र
बंजरिया,1,600,कृषि क्षेत्र
बंजरिया,1,614,कृषि क्षेत्र
बंजरिया,1,615,कृषि क्षेत्र
बंजरिया,1,616,कृषि क्षेत्र
बंजरिया,1,628,कृषि क्षेत्र
बंजरिया,1,628,आवासीय क्षेत्र
बंजरिया,1,629,कृषि क्षेत्र
बंजरिया,1,629,आवासीय क्षेत्र
बंजरिया,1,634,आवासीय क्षेत्र
बंजरिया,1,642,कृषि क्षेत्र
बंजरिया,1,643,कृषि क्षेत्र
बंजरिया,1,644,कृषि क्षेत्र
बंजरिया,1,644,आवासीय क्षेत्र
बंजरिया,1,645,कृषि क्षेत्र
बंजरिया,1,646,आवासीय क्षेत्र
बंजरिया,1,647,आवासीय क्षेत्र
बंजरिया,1,648,आवासीय क्षेत्र
बंजरिया,1,649,आवासीय क्षेत्र
बंजरिया,1,650,आवासीय क्षेत्र
बंजरिया,1,651,आवासीय क्षेत्र
बंजरिया,1,664,आवासीय क्षेत्र
बंजरिया,1,670,कृषि क्षेत्र
बंजरिया,1,671,कृषि क्षेत्र
बंजरिया,1,672,आवासीय क्षेत्र
बंजरिया,1,673,आवासीय क्षेत्र
बंजरिया,1,689,कृषि क्षेत्र
बंजरिया,1,691,आवासीय क्षेत्र
बंजरिया,1,692,आवासीय क्षेत्र
बंजरिया,1,693,आवासीय क्षेत्र
बंजरिया,1,694,कृषि क्षेत्र
बंजरिया,1,695,कृषि क्षेत्र
बंजरिया,1,696,कृषि क्षेत्र
बंजरिया,1,705,आवासीय क्षेत्र
बंजरिया,1,707,कृषि क्षेत्र
बंजरिया,1,708,कृषि क्षेत्र
बंजरिया,1,711,कृषि क्षेत्र
बंजरिया,1,714,कृषि क्षेत्र
बंजरिया,1,715,कृषि क्षेत्र
बंजरिया,1,716,कृषि क्षेत्र
बंजरिया,1,716,कृषि क्षेत्र
बंजरिया,1,717,कृषि क्षेत्र
बंजरिया,1,718,कृषि क्षेत्र
बंजरिया,1,719,कृषि क्षेत्र
बंजरिया,1,719,कृषि क्षेत्र
बंजरिया,1,720,कृषि क्षेत्र
बंजरिया,1,721,कृषि क्षेत्र
बंजरिया,1,722,कृषि क्षेत्र
बंजरिया,1,723,कृषि क्षेत्र
बंजरिया,1,725,कृषि क्षेत्र
बंजरिया,1,726,कृषि क्षेत्र
बंजरिया,1,727,कृषि क्षेत्र
बंजरिया,1,732,कृषि क्षेत्र
बंजरिया,1,733,कृषि क्षेत्र
बंजरिया,1,734,कृषि क्षेत्र
बंजरिया,1,739,कृषि क्षेत्र
बंजरिया,1,740,कृषि क्षेत्र
बंजरिया,1,741,कृषि क्षेत्र
बंजरिया,1,741,कृषि क्षेत्र
बंजरिया,1,742,कृषि क्षेत्र
बंजरिया,1,743,कृषि क्षेत्र
बंजरिया,1,744,कृषि क्षेत्र
बंजरिया,1,745,कृषि क्षेत्र
बंजरिया,1,746,कृषि क्षेत्र
बंजरिया,1,747,कृषि क्षेत्र
बंजरिया,1,750,कृषि क्षेत्र
बंजरिया,1,751,आवासीय क्षेत्र
बंजरिया,1,752,आवासीय क्षेत्र
बंजरिया,1,753,आवासीय क्षेत्र
बंजरिया,1,754,कृषि क्षेत्र
बंजरिया,1,755,कृषि क्षेत्र
बंजरिया,1,756,कृषि क्षेत्र
बंजरिया,1,757,आवासीय क्षेत्र
बंजरिया,1,771,आवासीय क्षेत्र
बंजरिया,1,777,कृषि क्षेत्र
बंजरिया,1,782,कृषि क्षेत्र
बंजरिया,1,783,कृषि क्षेत्र
बंजरिया,1,784,कृषि क्षेत्र
बंजरिया,1,785,कृषि क्षेत्र
बंजरिया,1,788,कृषि क्षेत्र
बंजरिया,1,789,कृषि क्षेत्र
बंजरिया,1,789,कृषि क्षेत्र
बंजरिया,1,790,कृषि क्षेत्र
बंजरिया,1,792,कृषि क्षेत्र
बंजरिया,1,793,कृषि क्षेत्र
बंजरिया,1,796,कृषि क्षेत्र
बंजरिया,1,797,कृषि क्षेत्र
बंजरिया,1,801,आवासीय क्षेत्र
बंजरिया,1,802,कृषि क्षेत्र
बंजरिया,1,802,आवासीय क्षेत्र
बंजरिया,1,803,कृषि क्षेत्र
बंजरिया,1,804,आवासीय क्षेत्र
बंजरिया,1,805,आवासीय क्षेत्र
बंजरिया,1,814,कृषि क्षेत्र
बंजरिया,1,815,कृषि क्षेत्र
बंजरिया,1,816,कृषि क्षेत्र
बंजरिया,1,817,कृषि क्षेत्र
बंजरिया,1,835,आवासीय क्षेत्र
बंजरिया,1,836,आवासीय क्षेत्र
बंजरिया,1,837,आवासीय क्षेत्र
बंजरिया,1,838,आवासीय क्षेत्र
बंजरिया,1,840,कृषि क्षेत्र
बंजरिया,1,841,कृषि क्षेत्र
बंजरिया,1,842,कृषि क्षेत्र
बंजरिया,1,843,कृषि क्षेत्र
बंजरिया,1,844,कृषि क्षेत्र
बंजरिया,1,845,कृषि क्षेत्र
बंजरिया,1,858,कृषि क्षेत्र
बंजरिया,1,859,कृषि क्षेत्र
बंजरिया,1,865,आवासीय क्षेत्र
बंजरिया,1,872,कृषि क्षेत्र
बंजरिया,1,873,कृषि क्षेत्र
बंजरिया,1,874,कृषि क्षेत्र
बंजरिया,1,876,कृषि क्षेत्र
बंजरिया,1,877,कृषि क्षेत्र
बंजरिया,1,881,आवासीय क्षेत्र
बंजरिया,1,882,कृषि क्षेत्र
बंजरिया,1,884,कृषि क्षेत्र
बंजरिया,1,885,कृषि क्षेत्र
बंजरिया,1,886,आवासीय क्षेत्र
बंजरिया,1,887,आवासीय क्षेत्र
बंजरिया,1,888,कृषि क्षेत्र
बंजरिया,1,889,कृषि क्षेत्र
बंजरिया,1,894,कृषि क्षेत्र
बंजरिया,1,894,आवासीय क्षेत्र
बंजरिया,1,895,आवासीय क्षेत्र
बंजरिया,1,903,कृषि क्षेत्र
बंजरिया,1,904,कृषि क्षेत्र
बंजरिया,1,905,कृषि क्षेत्र
बंजरिया,1,906,कृषि क्षेत्र
बंजरिया,1,907,कृषि क्षेत्र
बंजरिया,1,908,कृषि क्षेत्र
बंजरिया,1,909,कृषि क्षेत्र
बंजरिया,1,910,कृषि क्षेत्र
बंजरिया,1,911,कृषि क्षेत्र
बंजरिया,1,912,आवासीय क्षेत्र
बंजरिया,1,941,कृषि क्षेत्र
बंजरिया,1,942,कृषि क्षेत्र
बंजरिया,1,943,कृषि क्षेत्र
बंजरिया,1,944,कृषि क्षेत्र
बंजरिया,1,953,कृषि क्षेत्र
बंजरिया,1,954,कृषि क्षेत्र
बंजरिया,1,970,कृषि क्षेत्र
बंजरिया,1,980,कृषि क्षेत्र
बंजरिया,1,981,कृषि क्षेत्र
बंजरिया,1,983,आवासीय क्षेत्र
बंजरिया,1,984,कृषि क्षेत्र
बंजरिया,1,985,कृषि क्षेत्र
बंजरिया,1,986,आवासीय क्षेत्र
बंजरिया,1,992,कृषि क्षेत्र
बंजरिया,1,994,कृषि क्षेत्र
बंजरिया,1,995,कृषि क्षेत्र
बंजरिया,1,996,कृषि क्षेत्र
बंजरिया,1,1010,आवासीय क्षेत्र
बंजरिया,1,1013,आवासीय क्षेत्र
बंजरिया,1,1032,आवासीय क्षेत्र
बंजरिया,1,1033,आवासीय क्षेत्र
बंजरिया,1,1034,कृषि क्षेत्र
बंजरिया,1,1036,कृषि क्षेत्र
बंजरिया,1,1037,आवासीय क्षेत्र
बंजरिया,1,1038,कृषि क्षेत्र
बंजरिया,1,1046,आवासीय क्षेत्र
बंजरिया,1,1047,आवासीय क्षेत्र
बंजरिया,1,1048,आवासीय क्षेत्र
बंजरिया,1,1049,आवासीय क्षेत्र
बंजरिया,1,1050,आवासीय क्षेत्र
बंजरिया,1,1051,आवासीय क्षेत्र
बंजरिया,1,1052,कृषि क्षेत्र
बंजरिया,1,1053,कृषि क्षेत्र
बंजरिया,1,1054,कृषि क्षेत्र
बंजरिया,1,1055,कृषि क्षेत्र
बंजरिया,1,1056,कृषि क्षेत्र
बंजरिया,1,1057,आवासीय क्षेत्र
बंजरिया,1,1059,आवासीय क्षेत्र
बंजरिया,1,1060,आवासीय क्षेत्र
बंजरिया,1,1061,कृषि क्षेत्र
बंजरिया,1,1062,कृषि क्षेत्र
बंजरिया,1,1063,कृषि क्षेत्र
बंजरिया,1,1064,कृषि क्षेत्र
बंजरिया,1,1065,आवासीय क्षेत्र
बंजरिया,1,1066,आवासीय क्षेत्र
बंजरिया,1,1067,आवासीय क्षेत्र
बंजरिया,1,1068,आवासीय क्षेत्र
बंजरिया,1,1069,कृषि क्षेत्र
बंजरिया,1,1070,कृषि क्षेत्र
बंजरिया,1,1071,आवासीय क्षेत्र
बंजरिया,1,1072,आवासीय क्षेत्र
बंजरिया,1,1073,आवासीय क्षेत्र
बंजरिया,1,1074,आवासीय क्षेत्र
बंजरिया,1,1075,कृषि क्षेत्र
बंजरिया,1,1076,कृषि क्षेत्र
बंजरिया,1,1077,कृषि क्षेत्र
बंजरिया,1,1078,आवासीय क्षेत्र
बंजरिया,1,1079,आवासीय क्षेत्र
बंजरिया,1,1080,आवासीय क्षेत्र
बंजरिया,1,1081,कृषि क्षेत्र
बंजरिया,1,1082,कृषि क्षेत्र
बंजरिया,1,1085,आवासीय क्षेत्र
बंजरिया,1,1085,आवासीय क्षेत्र
बंजरिया,1,1087,आवासीय क्षेत्र
बंजरिया,1,1088,आवासीय क्षेत्र
बंजरिया,1,1089,आवासीय क्षेत्र
बंजरिया,1,1090,आवासीय क्षेत्र
बंजरिया,1,1091,आवासीय क्षेत्र
बंजरिया,1,1092,कृषि क्षेत्र
बंजरिया,1,1095,आवासीय क्षेत्र
बंजरिया,1,1096,आवासीय क्षेत्र
बंजरिया,1,1101,आवासीय क्षेत्र
बंजरिया,1,1102,आवासीय क्षेत्र
बंजरिया,1,1103,आवासीय क्षेत्र
बंजरिया,1,1104,कृषि क्षेत्र
बंजरिया,1,1105,कृषि क्षेत्र
बंजरिया,1,1106,कृषि क्षेत्र
बंजरिया,1,1107,कृषि क्षेत्र
बंजरिया,1,1108,कृषि क्षेत्र
बंजरिया,1,1109,कृषि क्षेत्र
बंजरिया,1,1110,आवासीय क्षेत्र
बंजरिया,1,1111,आवासीय क्षेत्र
बंजरिया,1,1112,आवासीय क्षेत्र
बंजरिया,1,1113,आवासीय क्षेत्र
बंजरिया,1,1114,कृषि क्षेत्र
बंजरिया,1,1115,कृषि क्षेत्र
बंजरिया,1,1116,कृषि क्षेत्र
बंजरिया,1,1128,कृषि क्षेत्र
बंजरिया,1,1129,कृषि क्षेत्र
बंजरिया,1,1130,आवासीय क्षेत्र
बंजरिया,1,1131,आवासीय क्षेत्र
बंजरिया,1,1132,आवासीय क्षेत्र
बंजरिया,1,1133,आवासीय क्षेत्र
बंजरिया,1,1134,आवासीय क्षेत्र
बंजरिया,1,1136,आवासीय क्षेत्र
बंजरिया,1,1137,आवासीय क्षेत्र
बंजरिया,1,1138,आवासीय क्षेत्र
बंजरिया,1,1139,आवासीय क्षेत्र
बंजरिया,1,1140,आवासीय क्षेत्र
बंजरिया,1,1141,आवासीय क्षेत्र
बंजरिया,1,1142,आवासीय क्षेत्र
बंजरिया,1,1143,आवासीय क्षेत्र
बंजरिया,1,1144,आवासीय क्षेत्र
बंजरिया,1,1145,आवासीय क्षेत्र
बंजरिया,1 गाउँ,0,आवासीय क्षेत्र
बंजरिया,1 गाउँ,0,आवासीय क्षेत्र
बंजरिया,1 गाउँ,0,आवासीय क्षेत्र
बंजरिया,1 गाउँ,0,आवासीय क्षेत्र
बंजरिया,1 गाउँ,0,आवासीय क्षेत्र
बंजरिया,1 गाउँ,0,आवासीय क्षेत्र
बंजरिया,1 गाउँ,0,आवासीय क्षेत्र
बंजरिया,1 गाउँ,0,आवासीय क्षेत्र
बंजरिया,1 गाउँ,0,आवासीय क्षेत्र
बंजरिया,1 गाउँ,0,आवासीय क्षेत्र
बंजरिया,1 गाउँ,0,आवासीय क्षेत्र
बंजरिया,1 गाउँ,0,आवासीय क्षेत्र
बंजरिया,1 गाउँ,0,आवासीय क्षेत्र
बंजरिया,1 गाउँ,0,आवासीय क्षेत्र
बंजरिया,1 गाउँ,0,आवासीय क्षेत्र
बंजरिया,1 गाउँ,0,आवासीय क्षेत्र
बंजरिया,1 गाउँ,0,आवासीय क्षेत्र
बंजरिया,1 गाउँ,0,आवासीय क्षेत्र
बंजरिया,1 गाउँ,0,आवासीय क्षेत्र
बंजरिया,1 गाउँ,0,आवासीय क्षेत्र
बंजरिया,1 गाउँ,0,आवासीय क्षेत्र
बंजरिया,1 गाउँ,0,सार्वजनिक उपयोगको क्षेत्र
बंजरिया,1 गाउँ,0,आवासीय क्षेत्र
बंजरिया,1 गाउँ,3,आवासीय क्षेत्र
बंजरिया,1 गाउँ,6,आवासीय क्षेत्र
बंजरिया,1 गाउँ,18,आवासीय क्षेत्र
बंजरिया,1 गाउँ,19,आवासीय क्षेत्र
बंजरिया,1 गाउँ,21,आवासीय क्षेत्र
बंजरिया,1 गाउँ,22,आवासीय क्षेत्र
बंजरिया,1 गाउँ,23,आवासीय क्षेत्र
बंजरिया,1 गाउँ,24,आवासीय क्षेत्र
बंजरिया,1 गाउँ,25,आवासीय क्षेत्र
बंजरिया,1 गाउँ,26,आवासीय क्षेत्र
बंजरिया,1 गाउँ,27,आवासीय क्षेत्र
बंजरिया,1 गाउँ,29,आवासीय क्षेत्र
बंजरिया,1 गाउँ,30,आवासीय क्षेत्र
बंजरिया,1 गाउँ,31,सार्वजनिक उपयोगको क्षेत्र
बंजरिया,1 गाउँ,33,आवासीय क्षेत्र
बंजरिया,1 गाउँ,35,आवासीय क्षेत्र
बंजरिया,1 गाउँ,36,आवासीय क्षेत्र
बंजरिया,1 गाउँ,37,आवासीय क्षेत्र
बंजरिया,1 गाउँ,38,आवासीय क्षेत्र
बंजरिया,1 गाउँ,39,आवासीय क्षेत्र
बंजरिया,1 गाउँ,40,आवासीय क्षेत्र
बंजरिया,1 गाउँ,45,आवासीय क्षेत्र
बंजरिया,1 गाउँ,46,आवासीय क्षेत्र
बंजरिया,1 गाउँ,46,आवासीय क्षेत्र
बंजरिया,1 गाउँ,47,आवासीय क्षेत्र
बंजरिया,1 गाउँ,48,आवासीय क्षेत्र
बंजरिया,1 गाउँ,49,आवासीय क्षेत्र
बंजरिया,1 गाउँ,50,आवासीय क्षेत्र
बंजरिया,1 गाउँ,62,आवासीय क्षेत्र
बंजरिया,1 गाउँ,66,आवासीय क्षेत्र
बंजरिया,1 गाउँ,68,आवासीय क्षेत्र
बंजरिया,1 गाउँ,69,आवासीय क्षेत्र
बंजरिया,1 गाउँ,70,आवासीय क्षेत्र
बंजरिया,1 गाउँ,72,आवासीय क्षेत्र
बंजरिया,1 गाउँ,73,आवासीय क्षेत्र
बंजरिया,1 गाउँ,74,आवासीय क्षेत्र
बंजरिया,1 गाउँ,75,आवासीय क्षेत्र
बंजरिया,1 गाउँ,78,आवासीय क्षेत्र
बंजरिया,1 गाउँ,79,आवासीय क्षेत्र
बंजरिया,1 गाउँ,81,आवासीय क्षेत्र
बंजरिया,1 गाउँ,82,आवासीय क्षेत्र
बंजरिया,1 गाउँ,82,आवासीय क्षेत्र
बंजरिया,1 गाउँ,83,आवासीय क्षेत्र
बंजरिया,1 गाउँ,84,आवासीय क्षेत्र
बंजरिया,1 गाउँ,85,आवासीय क्षेत्र
बंजरिया,1 गाउँ,86,आवासीय क्षेत्र
बंजरिया,1 गाउँ,87,आवासीय क्षेत्र
बंजरिया,1 गाउँ,88,आवासीय क्षेत्र
बंजरिया,1 गाउँ,91,आवासीय क्षेत्र
बंजरिया,1 गाउँ,92,आवासीय क्षेत्र
बंजरिया,1 गाउँ,93,आवासीय क्षेत्र
बंजरिया,1 गाउँ,94,आवासीय क्षेत्र
बंजरिया,1 गाउँ,95,आवासीय क्षेत्र
बंजरिया,1 गाउँ,96,आवासीय क्षेत्र
बंजरिया,1 गाउँ,107,आवासीय क्षेत्र
बंजरिया,1 गाउँ,108,आवासीय क्षेत्र
बंजरिया,1 गाउँ,109,आवासीय क्षेत्र
बंजरिया,1 गाउँ,110,आवासीय क्षेत्र
बंजरिया,1 गाउँ,111,आवासीय क्षेत्र
बंजरिया,1 गाउँ,113,आवासीय क्षेत्र
बंजरिया,1 गाउँ,114,आवासीय क्षेत्र
बंजरिया,1 गाउँ,115,आवासीय क्षेत्र
बंजरिया,1 गाउँ,116,आवासीय क्षेत्र
बंजरिया,1 गाउँ,117,आवासीय क्षेत्र
बंजरिया,1 गाउँ,120,आवासीय क्षेत्र
बंजरिया,1 गाउँ,121,आवासीय क्षेत्र
बंजरिया,1 गाउँ,122,आवासीय क्षेत्र
बंजरिया,1 गाउँ,123,आवासीय क्षेत्र
बंजरिया,2,0,कृषि क्षेत्र
बंजरिया,2,0,कृषि क्षेत्र
बंजरिया,2,0,कृषि क्षेत्र
बंजरिया,2,0,कृषि क्षेत्र
बंजरिया,2,0,कृषि क्षेत्र
बंजरिया,2,0,कृषि क्षेत्र
बंजरिया,2,0,कृषि क्षेत्र
बंजरिया,2,0,कृषि क्षेत्र
बंजरिया,2,0,कृषि क्षेत्र
बंजरिया,2,0,कृषि क्षेत्र
बंजरिया,2,0,कृषि क्षेत्र
बंजरिया,2,0,कृषि क्षेत्र
बंजरिया,2,0,कृषि क्षेत्र
बंजरिया,2,0,कृषि क्षेत्र
बंजरिया,2,0,कृषि क्षेत्र
बंजरिया,2,0,कृषि क्षेत्र
बंजरिया,2,0,कृषि क्षेत्र
बंजरिया,2,0,कृषि क्षेत्र
बंजरिया,2,0,कृषि क्षेत्र
बंजरिया,2,0,कृषि क्षेत्र
बंजरिया,2,0,आवासीय क्षेत्र
बंजरिया,2,0,कृषि क्षेत्र
बंजरिया,2,0,कृषि क्षेत्र
बंजरिया,2,0,आवासीय क्षेत्र
बंजरिया,2,0,कृषि क्षेत्र
बंजरिया,2,0,आवासीय क्षेत्र
बंजरिया,2,0,कृषि क्षेत्र
बंजरिया,2,0,सार्वजनिक उपयोगको क्षेत्र
बंजरिया,2,0,आवासीय क्षेत्र
बंजरिया,2,0,आवासीय क्षेत्र
बंजरिया,2,0,आवासीय क्षेत्र
बंजरिया,2,0,आवासीय क्षेत्र
बंजरिया,2,57,कृषि क्षेत्र
बंजरिया,2,61,कृषि क्षेत्र
बंजरिया,2,84,कृषि क्षेत्र
बंजरिया,2,88,आवासीय क्षेत्र
बंजरिया,2,89,कृषि क्षेत्र
बंजरिया,2,90,आवासीय क्षेत्र
बंजरिया,2,93,आवासीय क्षेत्र
बंजरिया,2,96,आवासीय क्षेत्र
बंजरिया,2,97,आवासीय क्षेत्र
बंजरिया,2,99,आवासीय क्षेत्र
बंजरिया,2,101,आवासीय क्षेत्र
बंजरिया,2,104,कृषि क्षेत्र
बंजरिया,2,106,कृषि क्षेत्र
बंजरिया,2,107,कृषि क्षेत्र
बंजरिया,2,108,कृषि क्षेत्र
बंजरिया,2,110,कृषि क्षेत्र
बंजरिया,2,111,कृषि क्षेत्र
बंजरिया,2,112,कृषि क्षेत्र
बंजरिया,2,115,कृषि क्षेत्र
बंजरिया,2,117,कृषि क्षेत्र
बंजरिया,2,119,कृषि क्षेत्र
बंजरिया,2,120,कृषि क्षेत्र
बंजरिया,2,121,कृषि क्षेत्र
बंजरिया,2,123,कृषि क्षेत्र
बंजरिया,2,124,कृषि क्षेत्र
बंजरिया,2,125,कृषि क्षेत्र
बंजरिया,2,126,कृषि क्षेत्र
बंजरिया,2,127,कृषि क्षेत्र
बंजरिया,2,128,कृषि क्षेत्र
बंजरिया,2,130,कृषि क्षेत्र
बंजरिया,2,131,कृषि क्षेत्र
बंजरिया,2,132,कृषि क्षेत्र
बंजरिया,2,133,कृषि क्षेत्र
बंजरिया,2,134,कृषि क्षेत्र
बंजरिया,2,135,आवासीय क्षेत्र
बंजरिया,2,136,आवासीय क्षेत्र
बंजरिया,2,138,आवासीय क्षेत्र
बंजरिया,2,142,आवासीय क्षेत्र
बंजरिया,2,143,आवासीय क्षेत्र
बंजरिया,2,145,कृषि क्षेत्र
बंजरिया,2,146,कृषि क्षेत्र
बंजरिया,2,149,कृषि क्षेत्र
बंजरिया,2,153,कृषि क्षेत्र
बंजरिया,2,153,आवासीय क्षेत्र
बंजरिया,2,154,कृषि क्षेत्र
बंजरिया,2,155,कृषि क्षेत्र
बंजरिया,2,157,आवासीय क्षेत्र
बंजरिया,2,158,आवासीय क्षेत्र
बंजरिया,2,160,आवासीय क्षेत्र
बंजरिया,2,161,आवासीय क्षेत्र
बंजरिया,2,162,आवासीय क्षेत्र
बंजरिया,2,164,आवासीय क्षेत्र
बंजरिया,2,166,आवासीय क्षेत्र
बंजरिया,2,167,आवासीय क्षेत्र
बंजरिया,2,169,आवासीय क्षेत्र
बंजरिया,2,170,आवासीय क्षेत्र
बंजरिया,2,172,कृषि क्षेत्र
बंजरिया,2,173,कृषि क्षेत्र
बंजरिया,2,175,कृषि क्षेत्र
बंजरिया,2,178,कृषि क्षेत्र
बंजरिया,2,180,आवासीय क्षेत्र
बंजरिया,2,181,आवासीय क्षेत्र
बंजरिया,2,182,आवासीय क्षेत्र
बंजरिया,2,183,आवासीय क्षेत्र
बंजरिया,2,185,कृषि क्षेत्र
बंजरिया,2,186,आवासीय क्षेत्र
बंजरिया,2,187,आवासीय क्षेत्र
बंजरिया,2,188,आवासीय क्षेत्र
बंजरिया,2,189,आवासीय क्षेत्र
बंजरिया,2,190,कृषि क्षेत्र
बंजरिया,2,191,कृषि क्षेत्र
बंजरिया,2,192,कृषि क्षेत्र
बंजरिया,2,194,कृषि क्षेत्र
बंजरिया,2,197,कृषि क्षेत्र
बंजरिया,2,198,कृषि क्षेत्र
बंजरिया,2,200,कृषि क्षेत्र
बंजरिया,2,202,कृषि क्षेत्र
बंजरिया,2,203,कृषि क्षेत्र
बंजरिया,2,206,आवासीय क्षेत्र
बंजरिया,2,208,आवासीय क्षेत्र
बंजरिया,2,209,आवासीय क्षेत्र
बंजरिया,2,210,आवासीय क्षेत्र
बंजरिया,2,212,आवासीय क्षेत्र
बंजरिया,2,213,आवासीय क्षेत्र
बंजरिया,2,214,आवासीय क्षेत्र
बंजरिया,2,216,कृषि क्षेत्र
बंजरिया,2,221,आवासीय क्षेत्र
बंजरिया,2,222,कृषि क्षेत्र
बंजरिया,2,223,कृषि क्षेत्र
बंजरिया,2,224,आवासीय क्षेत्र
बंजरिया,2,225,आवासीय क्षेत्र
बंजरिया,2,227,आवासीय क्षेत्र
बंजरिया,2,228,आवासीय क्षेत्र
बंजरिया,2,229,आवासीय क्षेत्र
बंजरिया,2,230,आवासीय क्षेत्र
बंजरिया,2,234,कृषि क्षेत्र
बंजरिया,2,236,आवासीय क्षेत्र
बंजरिया,2,239,आवासीय क्षेत्र
बंजरिया,2,240,आवासीय क्षेत्र
बंजरिया,2,241,आवासीय क्षेत्र
बंजरिया,2,242,आवासीय क्षेत्र
बंजरिया,2,243,आवासीय क्षेत्र
बंजरिया,2,244,आवासीय क्षेत्र
बंजरिया,2,245,आवासीय क्षेत्र
बंजरिया,2,247,आवासीय क्षेत्र
बंजरिया,2,248,कृषि क्षेत्र
बंजरिया,2,250,कृषि क्षेत्र
बंजरिया,2,251,कृषि क्षेत्र
बंजरिया,2,252,कृषि क्षेत्र
बंजरिया,2,253,कृषि क्षेत्र
बंजरिया,2,256,कृषि क्षेत्र
बंजरिया,2,257,कृषि क्षेत्र
बंजरिया,2,258,कृषि क्षेत्र
बंजरिया,2,259,कृषि क्षेत्र
बंजरिया,2,260,कृषि क्षेत्र
बंजरिया,2,261,कृषि क्षेत्र
बंजरिया,2,264,कृषि क्षेत्र
बंजरिया,2,265,कृषि क्षेत्र
बंजरिया,2,267,कृषि क्षेत्र
बंजरिया,2,269,कृषि क्षेत्र
बंजरिया,2,270,कृषि क्षेत्र
बंजरिया,2,272,कृषि क्षेत्र
बंजरिया,2,273,कृषि क्षेत्र
बंजरिया,2,274,कृषि क्षेत्र
बंजरिया,2,276,कृषि क्षेत्र
बंजरिया,2,278,कृषि क्षेत्र
बंजरिया,2,278,कृषि क्षेत्र
बंजरिया,2,278,कृषि क्षेत्र
बंजरिया,2,279,कृषि क्षेत्र
बंजरिया,2,283,कृषि क्षेत्र
बंजरिया,2,285,कृषि क्षेत्र
बंजरिया,2,287,कृषि क्षेत्र
बंजरिया,2,288,कृषि क्षेत्र
बंजरिया,2,289,कृषि क्षेत्र
बंजरिया,2,297,कृषि क्षेत्र
बंजरिया,2,298,कृषि क्षेत्र
बंजरिया,2,299,कृषि क्षेत्र
बंजरिया,2,300,कृषि क्षेत्र
बंजरिया,2,301,कृषि क्षेत्र
बंजरिया,2,302,कृषि क्षेत्र
बंजरिया,2,304,कृषि क्षेत्र
बंजरिया,2,305,कृषि क्षेत्र
बंजरिया,2,306,कृषि क्षेत्र
बंजरिया,2,307,कृषि क्षेत्र
बंजरिया,2,310,कृषि क्षेत्र
बंजरिया,2,311,कृषि क्षेत्र
बंजरिया,2,314,कृषि क्षेत्र
बंजरिया,2,317,कृषि क्षेत्र
बंजरिया,2,318,कृषि क्षेत्र
बंजरिया,2,320,कृषि क्षेत्र
बंजरिया,2,322,कृषि क्षेत्र
बंजरिया,2,324,कृषि क्षेत्र
बंजरिया,2,330,कृषि क्षेत्र
बंजरिया,2,331,कृषि क्षेत्र
बंजरिया,2,332,कृषि क्षेत्र
बंजरिया,2,334,कृषि क्षेत्र
बंजरिया,2,335,कृषि क्षेत्र
बंजरिया,2,337,कृषि क्षेत्र
बंजरिया,2,339,कृषि क्षेत्र
बंजरिया,2,340,कृषि क्षेत्र
बंजरिया,2,341,कृषि क्षेत्र
बंजरिया,2,344,कृषि क्षेत्र
बंजरिया,2,345,कृषि क्षेत्र
बंजरिया,2,346,कृषि क्षेत्र
बंजरिया,2,348,कृषि क्षेत्र
बंजरिया,2,351,कृषि क्षेत्र
बंजरिया,2,352,कृषि क्षेत्र
बंजरिया,2,353,कृषि क्षेत्र
बंजरिया,2,354,कृषि क्षेत्र
बंजरिया,2,356,कृषि क्षेत्र
बंजरिया,2,357,कृषि क्षेत्र
बंजरिया,2,359,कृषि क्षेत्र
बंजरिया,2,360,कृषि क्षेत्र
बंजरिया,2,363,कृषि क्षेत्र
बंजरिया,2,364,कृषि क्षेत्र
बंजरिया,2,365,कृषि क्षेत्र
बंजरिया,2,366,कृषि क्षेत्र
बंजरिया,2,367,कृषि क्षेत्र
बंजरिया,2,369,कृषि क्षेत्र
बंजरिया,2,370,कृषि क्षेत्र
बंजरिया,2,371,कृषि क्षेत्र
बंजरिया,2,372,कृषि क्षेत्र
बंजरिया,2,373,कृषि क्षेत्र
बंजरिया,2,376,कृषि क्षेत्र
बंजरिया,2,378,कृषि क्षेत्र
बंजरिया,2,379,कृषि क्षेत्र
बंजरिया,2,380,कृषि क्षेत्र
बंजरिया,2,385,कृषि क्षेत्र
बंजरिया,2,386,कृषि क्षेत्र
बंजरिया,2,389,कृषि क्षेत्र
बंजरिया,2,390,कृषि क्षेत्र
बंजरिया,2,392,कृषि क्षेत्र
बंजरिया,2,393,कृषि क्षेत्र
बंजरिया,2,394,कृषि क्षेत्र
बंजरिया,2,396,कृषि क्षेत्र
बंजरिया,2,398,कृषि क्षेत्र
बंजरिया,2,399,कृषि क्षेत्र
बंजरिया,2,401,कृषि क्षेत्र
बंजरिया,2,402,कृषि क्षेत्र
बंजरिया,2,404,कृषि क्षेत्र
बंजरिया,2,405,कृषि क्षेत्र
बंजरिया,2,406,कृषि क्षेत्र
बंजरिया,2,407,कृषि क्षेत्र
बंजरिया,2,408,कृषि क्षेत्र
बंजरिया,2,410,कृषि क्षेत्र
बंजरिया,2,411,कृषि क्षेत्र
बंजरिया,2,412,कृषि क्षेत्र
बंजरिया,2,413,कृषि क्षेत्र
बंजरिया,2,414,कृषि क्षेत्र
बंजरिया,2,416,कृषि क्षेत्र
बंजरिया,2,417,कृषि क्षेत्र
बंजरिया,2,418,कृषि क्षेत्र
बंजरिया,2,419,कृषि क्षेत्र
बंजरिया,2,420,कृषि क्षेत्र
बंजरिया,2,421,कृषि क्षेत्र
बंजरिया,2,422,कृषि क्षेत्र
बंजरिया,2,425,कृषि क्षेत्र
बंजरिया,2,426,कृषि क्षेत्र
बंजरिया,2,427,कृषि क्षेत्र
बंजरिया,2,428,कृषि क्षेत्र
बंजरिया,2,431,"नदी, खोला, ताल, सिमसार क्षेत्र"
बंजरिया,2,432,"नदी, खोला, ताल, सिमसार क्षेत्र"
बंजरिया,2,433,सार्वजनिक उपयोगको क्षेत्र
बंजरिया,2,435,सार्वजनिक उपयोगको क्षेत्र
बंजरिया,2,443,कृषि क्षेत्र
बंजरिया,2,444,कृषि क्षेत्र
बंजरिया,2,446,कृषि क्षेत्र
बंजरिया,2,451,कृषि क्षेत्र
बंजरिया,2,456,कृषि क्षेत्र
बंजरिया,2,458,कृषि क्षेत्र
बंजरिया,2,459,कृषि क्षेत्र
बंजरिया,2,460,कृषि क्षेत्र
बंजरिया,2,461,कृषि क्षेत्र
बंजरिया,2,462,कृषि क्षेत्र
बंजरिया,2,464,कृषि क्षेत्र
बंजरिया,2,465,कृषि क्षेत्र
बंजरिया,2,468,कृषि क्षेत्र
बंजरिया,2,469,कृषि क्षेत्र
बंजरिया,2,470,कृषि क्षेत्र
बंजरिया,2,474,कृषि क्षेत्र
बंजरिया,2,475,आवासीय क्षेत्र
बंजरिया,2,476,कृषि क्षेत्र
बंजरिया,2,477,कृषि क्षेत्र
बंजरिया,2,494,कृषि क्षेत्र
बंजरिया,2,496,कृषि क्षेत्र
बंजरिया,2,497,कृषि क्षेत्र
बंजरिया,2,513,कृषि क्षेत्र
बंजरिया,2,514,कृषि क्षेत्र
बंजरिया,2,515,कृषि क्षेत्र
बंजरिया,2,516,कृषि क्षेत्र
बंजरिया,2,518,कृषि क्षेत्र
बंजरिया,2,522,आवासीय क्षेत्र
बंजरिया,2,523,आवासीय क्षेत्र
बंजरिया,2,526,आवासीय क्षेत्र
बंजरिया,2,528,कृषि क्षेत्र
बंजरिया,2,529,कृषि क्षेत्र
बंजरिया,2,530,कृषि क्षेत्र
बंजरिया,2,531,कृषि क्षेत्र
बंजरिया,2,542,कृषि क्षेत्र
बंजरिया,2,543,कृषि क्षेत्र
बंजरिया,2,544,कृषि क्षेत्र
बंजरिया,2,550,कृषि क्षेत्र
बंजरिया,2,552,कृषि क्षेत्र
बंजरिया,2,553,कृषि क्षेत्र
बंजरिया,2,554,कृषि क्षेत्र
बंजरिया,2,556,कृषि क्षेत्र
बंजरिया,2,557,कृषि क्षेत्र
बंजरिया,2,558,कृषि क्षेत्र
बंजरिया,2,559,कृषि क्षेत्र
बंजरिया,2,561,कृषि क्षेत्र
बंजरिया,2,562,आवासीय क्षेत्र
बंजरिया,2,566,कृषि क्षेत्र
बंजरिया,2,568,कृषि क्षेत्र
बंजरिया,2,569,कृषि क्षेत्र
बंजरिया,2,571,कृषि क्षेत्र
बंजरिया,2,574,कृषि क्षेत्र
बंजरिया,2,578,कृषि क्षेत्र
बंजरिया,2,579,कृषि क्षेत्र
बंजरिया,2,582,कृषि क्षेत्र
बंजरिया,2,600,कृषि क्षेत्र
बंजरिया,2,601,कृषि क्षेत्र
बंजरिया,2,602,कृषि क्षेत्र
बंजरिया,2,612,कृषि क्षेत्र
बंजरिया,2,614,कृषि क्षेत्र
बंजरिया,2,615,कृषि क्षेत्र
बंजरिया,2,622,कृषि क्षेत्र
बंजरिया,2,625,कृषि क्षेत्र
बंजरिया,2,626,कृषि क्षेत्र
बंजरिया,2,629,कृषि क्षेत्र
बंजरिया,2,630,कृषि क्षेत्र
बंजरिया,2,631,कृषि क्षेत्र
बंजरिया,2,632,कृषि क्षेत्र
बंजरिया,2,633,कृषि क्षेत्र
बंजरिया,2,638,कृषि क्षेत्र
बंजरिया,2,639,कृषि क्षेत्र
बंजरिया,2,640,आवासीय क्षेत्र
बंजरिया,2,645,कृषि क्षेत्र
बंजरिया,2,646,कृषि क्षेत्र
बंजरिया,2,647,कृषि क्षेत्र
बंजरिया,2,648,कृषि क्षेत्र
बंजरिया,2,651,कृषि क्षेत्र
बंजरिया,2,652,कृषि क्षेत्र
बंजरिया,2,653,कृषि क्षेत्र
बंजरिया,2,654,कृषि क्षेत्र
बंजरिया,2,657,कृषि क्षेत्र
बंजरिया,2,659,कृषि क्षेत्र
बंजरिया,2,660,कृषि क्षेत्र
बंजरिया,2,661,कृषि क्षेत्र
बंजरिया,2,662,कृषि क्षेत्र
बंजरिया,2,663,कृषि क्षेत्र
बंजरिया,2,664,कृषि क्षेत्र
बंजरिया,2,665,कृषि क्षेत्र
बंजरिया,2,667,कृषि क्षेत्र
बंजरिया,2,668,कृषि क्षेत्र
बंजरिया,2,672,आवासीय क्षेत्र
बंजरिया,2,673,आवासीय क्षेत्र
बंजरिया,2,684,कृषि क्षेत्र
बंजरिया,2,685,कृषि क्षेत्र
बंजरिया,2,686,आवासीय क्षेत्र
बंजरिया,2,687,आवासीय क्षेत्र
बंजरिया,2,688,कृषि क्षेत्र
बंजरिया,2,689,कृषि क्षेत्र
बंजरिया,2,698,कृषि क्षेत्र
बंजरिया,2,699,कृषि क्षेत्र
बंजरिया,2,708,कृषि क्षेत्र
बंजरिया,2,712,कृषि क्षेत्र
बंजरिया,2,713,कृषि क्षेत्र
बंजरिया,2,715,आवासीय क्षेत्र
बंजरिया,2,717,कृषि क्षेत्र
बंजरिया,2,718,कृषि क्षेत्र
बंजरिया,2,721,कृषि क्षेत्र
बंजरिया,2,728,आवासीय क्षेत्र
बंजरिया,2,729,आवासीय क्षेत्र
बंजरिया,2,730,आवासीय क्षेत्र
बंजरिया,2,731,आवासीय क्षेत्र
बंजरिया,2,731,आवासीय क्षेत्र
बंजरिया,2,731,आवासीय क्षेत्र
बंजरिया,2,732,आवासीय क्षेत्र
बंजरिया,2,733,आवासीय क्षेत्र
बंजरिया,2,733,आवासीय क्षेत्र
बंजरिया,2,734,आवासीय क्षेत्र
बंजरिया,2,735,कृषि क्षेत्र
बंजरिया,2,738,कृषि क्षेत्र
बंजरिया,2,739,कृषि क्षेत्र
बंजरिया,2,740,कृषि क्षेत्र
बंजरिया,2,741,कृषि क्षेत्र
बंजरिया,2,742,कृषि क्षेत्र
बंजरिया,2,748,कृषि क्षेत्र
बंजरिया,2,749,कृषि क्षेत्र
बंजरिया,2,750,कृषि क्षेत्र
बंजरिया,2,754,कृषि क्षेत्र
बंजरिया,2,758,आवासीय क्षेत्र
बंजरिया,2,759,आवासीय क्षेत्र
बंजरिया,2,760,आवासीय क्षेत्र
बंजरिया,2,767,कृषि क्षेत्र
बंजरिया,2,773,कृषि क्षेत्र
बंजरिया,2,775,कृषि क्षेत्र
बंजरिया,2,777,कृषि क्षेत्र
बंजरिया,2,778,कृषि क्षेत्र
बंजरिया,2,785,कृषि क्षेत्र
बंजरिया,2,790,कृषि क्षेत्र
बंजरिया,2,791,कृषि क्षेत्र
बंजरिया,2,792,कृषि क्षेत्र
बंजरिया,2,802,कृषि क्षेत्र
बंजरिया,2,803,कृषि क्षेत्र
बंजरिया,2,804,कृषि क्षेत्र
बंजरिया,2,805,कृषि क्षेत्र
बंजरिया,2,807,कृषि क्षेत्र
बंजरिया,2,808,कृषि क्षेत्र
बंजरिया,2,809,कृषि क्षेत्र
बंजरिया,2,813,कृषि क्षेत्र
बंजरिया,2,817,कृषि क्षेत्र
बंजरिया,2,818,कृषि क्षेत्र
बंजरिया,2,819,कृषि क्षेत्र
बंजरिया,2,820,कृषि क्षेत्र
बंजरिया,2,826,आवासीय क्षेत्र
बंजरिया,2,827,आवासीय क्षेत्र
बंजरिया,2,828,कृषि क्षेत्र
बंजरिया,2,828,आवासीय क्षेत्र
बंजरिया,2,829,कृषि क्षेत्र
बंजरिया,2,829,आवासीय क्षेत्र
बंजरिया,2,830,कृषि क्षेत्र
बंजरिया,2,831,कृषि क्षेत्र
बंजरिया,2,859,कृषि क्षेत्र
बंजरिया,2,860,कृषि क्षेत्र
बंजरिया,2,861,कृषि क्षेत्र
बंजरिया,2,865,कृषि क्षेत्र
बंजरिया,2,889,कृषि क्षेत्र
बंजरिया,2,891,कृषि क्षेत्र
बंजरिया,2,892,कृषि क्षेत्र
बंजरिया,2,904,कृषि क्षेत्र
बंजरिया,2,906,कृषि क्षेत्र
बंजरिया,2,908,कृषि क्षेत्र
बंजरिया,2,909,कृषि क्षेत्र
बंजरिया,2,910,कृषि क्षेत्र
बंजरिया,2,911,कृषि क्षेत्र
बंजरिया,2,912,कृषि क्षेत्र
बंजरिया,2,913,कृषि क्षेत्र
बंजरिया,2,914,कृषि क्षेत्र
बंजरिया,2,918,कृषि क्षेत्र
बंजरिया,2,919,कृषि क्षेत्र
बंजरिया,2,921,कृषि क्षेत्र
बंजरिया,2,927,कृषि क्षेत्र
बंजरिया,2,928,कृषि क्षेत्र
बंजरिया,2,932,कृषि क्षेत्र
बंजरिया,2,933,कृषि क्षेत्र
बंजरिया,2,934,कृषि क्षेत्र
बंजरिया,2,935,कृषि क्षेत्र
बंजरिया,2,936,कृषि क्षेत्र
बंजरिया,2,937,कृषि क्षेत्र
बंजरिया,2,938,कृषि क्षेत्र
बंजरिया,2,939,कृषि क्षेत्र
बंजरिया,2,945,कृषि क्षेत्र
बंजरिया,2,946,कृषि क्षेत्र
बंजरिया,2,947,कृषि क्षेत्र
बंजरिया,2,948,कृषि क्षेत्र
बंजरिया,2,949,कृषि क्षेत्र
बंजरिया,2,950,आवासीय क्षेत्र
बंजरिया,2,951,आवासीय क्षेत्र
बंजरिया,2,952,कृषि क्षेत्र
बंजरिया,2,953,कृषि क्षेत्र
बंजरिया,2,954,कृषि क्षेत्र
बंजरिया,2,955,कृषि क्षेत्र
बंजरिया,2,972,कृषि क्षेत्र
बंजरिया,2,973,कृषि क्षेत्र
बंजरिया,2,976,कृषि क्षेत्र
बंजरिया,2,978,कृषि क्षेत्र
बंजरिया,2,990,कृषि क्षेत्र
बंजरिया,2,993,कृषि क्षेत्र
बंजरिया,2,994,कृषि क्षेत्र
बंजरिया,2,995,कृषि क्षेत्र
बंजरिया,2,996,कृषि क्षेत्र
बंजरिया,2,999,कृषि क्षेत्र
बंजरिया,2,1000,कृषि क्षेत्र
बंजरिया,2,1003,कृषि क्षेत्र
बंजरिया,2,1004,कृषि क्षेत्र
बंजरिया,2,1005,कृषि क्षेत्र
बंजरिया,2,1006,कृषि क्षेत्र
बंजरिया,2,1007,कृषि क्षेत्र
बंजरिया,2,1008,कृषि क्षेत्र
बंजरिया,2,1009,कृषि क्षेत्र
बंजरिया,2,1012,कृषि क्षेत्र
बंजरिया,2,1013,कृषि क्षेत्र
बंजरिया,2,1014,कृषि क्षेत्र
बंजरिया,2,1015,कृषि क्षेत्र
बंजरिया,2,1016,कृषि क्षेत्र
बंजरिया,2,1017,कृषि क्षेत्र
बंजरिया,2,1019,कृषि क्षेत्र
बंजरिया,2,1020,कृषि क्षेत्र
बंजरिया,2,1021,कृषि क्षेत्र
बंजरिया,2,1021,कृषि क्षेत्र
बंजरिया,2,1021,कृषि क्षेत्र
बंजरिया,2,1039,कृषि क्षेत्र
बंजरिया,2,1040,कृषि क्षेत्र
बंजरिया,2,1047,कृषि क्षेत्र
बंजरिया,2,1048,कृषि क्षेत्र
बंजरिया,2,1050,कृषि क्षेत्र
बंजरिया,2,1071,आवासीय क्षेत्र
बंजरिया,2,1072,आवासीय क्षेत्र
बंजरिया,2,1073,आवासीय क्षेत्र
बंजरिया,2,1079,आवासीय क्षेत्र
बंजरिया,2,1080,आवासीय क्षेत्र
बंजरिया,2,1081,आवासीय क्षेत्र
बंजरिया,2,1087,कृषि क्षेत्र
बंजरिया,2,1094,कृषि क्षेत्र
बंजरिया,2,1099,कृषि क्षेत्र
बंजरिया,2,1102,आवासीय क्षेत्र
बंजरिया,2,1103,आवासीय क्षेत्र
बंजरिया,2,1113,आवासीय क्षेत्र
बंजरिया,2,1114,आवासीय क्षेत्र
बंजरिया,2,1119,कृषि क्षेत्र
बंजरिया,2,1120,कृषि क्षेत्र
बंजरिया,2,1121,कृषि क्षेत्र
बंजरिया,2,1122,कृषि क्षेत्र
बंजरिया,2,1225,कृषि क्षेत्र
बंजरिया,2,1226,कृषि क्षेत्र
बंजरिया,2,1228,कृषि क्षेत्र
बंजरिया,2,1229,कृषि क्षेत्र
बंजरिया,2,1234,कृषि क्षेत्र
बंजरिया,2,1235,कृषि क्षेत्र
बंजरिया,2,1249,कृषि क्षेत्र
बंजरिया,2,1250,कृषि क्षेत्र
बंजरिया,2,1251,कृषि क्षेत्र
बंजरिया,2,1254,कृषि क्षेत्र
बंजरिया,2,1255,कृषि क्षेत्र
बंजरिया,2,1256,कृषि क्षेत्र
बंजरिया,2,1257,कृषि क्षेत्र
बंजरिया,2,1266,कृषि क्षेत्र
बंजरिया,2,1267,कृषि क्षेत्र
बंजरिया,2,1268,कृषि क्षेत्र
बंजरिया,2,1269,कृषि क्षेत्र
बंजरिया,2,1270,कृषि क्षेत्र
बंजरिया,2,1271,कृषि क्षेत्र
बंजरिया,2,1272,कृषि क्षेत्र
बंजरिया,2,1274,कृषि क्षेत्र
बंजरिया,2,1287,कृषि क्षेत्र
बंजरिया,2,1288,कृषि क्षेत्र
बंजरिया,2,1289,कृषि क्षेत्र
बंजरिया,2,1290,कृषि क्षेत्र
बंजरिया,2,1291,आवासीय क्षेत्र
बंजरिया,2,1295,कृषि क्षेत्र
बंजरिया,2,1296,कृषि क्षेत्र
बंजरिया,2,1301,कृषि क्षेत्र
बंजरिया,2,1302,कृषि क्षेत्र
बंजरिया,2,1304,कृषि क्षेत्र
बंजरिया,2,1305,कृषि क्षेत्र
बंजरिया,2,1310,कृषि क्षेत्र
बंजरिया,2,1310,कृषि क्षेत्र
बंजरिया,2,1312,कृषि क्षेत्र
बंजरिया,2,1313,कृषि क्षेत्र
बंजरिया,2,1318,कृषि क्षेत्र
बंजरिया,2,1323,कृषि क्षेत्र
बंजरिया,2,1324,कृषि क्षेत्र
बंजरिया,2,1325,कृषि क्षेत्र
बंजरिया,2,1326,कृषि क्षेत्र
बंजरिया,2,1327,कृषि क्षेत्र
बंजरिया,2,1328,कृषि क्षेत्र
बंजरिया,2,1336,आवासीय क्षेत्र
बंजरिया,2,1337,आवासीय क्षेत्र
बंजरिया,2,1340,आवासीय क्षेत्र
बंजरिया,2,1341,आवासीय क्षेत्र
बंजरिया,2,1345,कृषि क्षेत्र
बंजरिया,2,1348,कृषि क्षेत्र
बंजरिया,2,1349,कृषि क्षेत्र
बंजरिया,2,1350,कृषि क्षेत्र
बंजरिया,2,1351,कृषि क्षेत्र
बंजरिया,2,1352,कृषि क्षेत्र
बंजरिया,2,1353,कृषि क्षेत्र
बंजरिया,2,1363,आवासीय क्षेत्र
बंजरिया,2,1364,आवासीय क्षेत्र
बंजरिया,2,1370,कृषि क्षेत्र
बंजरिया,2,1371,कृषि क्षेत्र
बंजरिया,2,1382,कृषि क्षेत्र
बंजरिया,2,1383,कृषि क्षेत्र
बंजरिया,2,1384,कृषि क्षेत्र
बंजरिया,2,1385,कृषि क्षेत्र
बंजरिया,2,1387,कृषि क्षेत्र
बंजरिया,2,1388,कृषि क्षेत्र
बंजरिया,2,1389,कृषि क्षेत्र
बंजरिया,2,1390,कृषि क्षेत्र
बंजरिया,2,1391,कृषि क्षेत्र
बंजरिया,2,1392,कृषि क्षेत्र
बंजरिया,2,1393,आवासीय क्षेत्र
बंजरिया,2,1394,आवासीय क्षेत्र
बंजरिया,2,1395,आवासीय क्षेत्र
बंजरिया,2,1396,आवासीय क्षेत्र
बंजरिया,2,1403,कृषि क्षेत्र
बंजरिया,2,1403,कृषि क्षेत्र
बंजरिया,2,1404,कृषि क्षेत्र
बंजरिया,2,1405,कृषि क्षेत्र
बंजरिया,2,1406,कृषि क्षेत्र
बंजरिया,2,1411,कृषि क्षेत्र
बंजरिया,2,1412,कृषि क्षेत्र
बंजरिया,2,1414,आवासीय क्षेत्र
बंजरिया,2,1416,कृषि क्षेत्र
बंजरिया,2,1417,कृषि क्षेत्र
बंजरिया,2,1418,कृषि क्षेत्र
बंजरिया,2,1419,कृषि क्षेत्र
बंजरिया,2,1422,कृषि क्षेत्र
बंजरिया,2,1423,कृषि क्षेत्र
बंजरिया,2,1426,कृषि क्षेत्र
बंजरिया,2,1427,कृषि क्षेत्र
बंजरिया,2,1430,आवासीय क्षेत्र
बंजरिया,2,1431,आवासीय क्षेत्र
बंजरिया,2,1434,आवासीय क्षेत्र
बंजरिया,2,1435,आवासीय क्षेत्र
बंजरिया,2,1438,कृषि क्षेत्र
बंजरिया,2,1439,कृषि क्षेत्र
बंजरिया,2,1443,कृषि क्षेत्र
बंजरिया,2,1446,कृषि क्षेत्र
बंजरिया,2,1447,कृषि क्षेत्र
बंजरिया,2,1448,कृषि क्षेत्र
बंजरिया,2,1449,कृषि क्षेत्र
बंजरिया,2,1450,कृषि क्षेत्र
बंजरिया,2,1451,कृषि क्षेत्र
बंजरिया,2,1452,आवासीय क्षेत्र
बंजरिया,2,1453,आवासीय क्षेत्र
बंजरिया,2,1462,आवासीय क्षेत्र
बंजरिया,2,1463,आवासीय क्षेत्र
बंजरिया,2,1464,कृषि क्षेत्र
बंजरिया,2,1465,कृषि क्षेत्र
बंजरिया,2,1467,कृषि क्षेत्र
बंजरिया,2,1468,कृषि क्षेत्र
बंजरिया,2,1469,कृषि क्षेत्र
बंजरिया,2,1474,कृषि क्षेत्र
बंजरिया,2,1475,कृषि क्षेत्र
बंजरिया,2,1476,कृषि क्षेत्र
बंजरिया,2,1477,कृषि क्षेत्र
बंजरिया,2,1478,कृषि क्षेत्र
बंजरिया,2,1479,कृषि क्षेत्र
बंजरिया,2,1480,कृषि क्षेत्र
बंजरिया,2,1481,कृषि क्षेत्र
बंजरिया,2,1482,कृषि क्षेत्र
बंजरिया,2,1483,कृषि क्षेत्र
बंजरिया,2,1484,कृषि क्षेत्र
बंजरिया,2,1485,आवासीय क्षेत्र
बंजरिया,2,1486,आवासीय क्षेत्र
बंजरिया,2,1487,आवासीय क्षेत्र
बंजरिया,2,1488,आवासीय क्षेत्र
बंजरिया,2,1489,कृषि क्षेत्र
बंजरिया,2,1490,कृषि क्षेत्र
बंजरिया,2,1498,आवासीय क्षेत्र
बंजरिया,2,1499,आवासीय क्षेत्र
बंजरिया,2,1500,आवासीय क्षेत्र
बंजरिया,2,1501,आवासीय क्षेत्र
बंजरिया,2,1502,आवासीय क्षेत्र
बंजरिया,2,1503,आवासीय क्षेत्र
बंजरिया,2,1504,आवासीय क्षेत्र
बंजरिया,2,1504,आवासीय क्षेत्र
बंजरिया,2,1516,कृषि क्षेत्र
बंजरिया,2,1517,कृषि क्षेत्र
बंजरिया,2,1520,कृषि क्षेत्र
बंजरिया,2,1521,कृषि क्षेत्र
बंजरिया,2,1522,कृषि क्षेत्र
बंजरिया,2,1523,कृषि क्षेत्र
बंजरिया,2 गाउँ 2,0,आवासीय क्षेत्र
बंजरिया,2 गाउँ 2,0,आवासीय क्षेत्र
बंजरिया,2 गाउँ 2,0,आवासीय क्षेत्र
बंजरिया,2 गाउँ 2,2,आवासीय क्षेत्र
बंजरिया,2 गाउँ 2,2,आवासीय क्षेत्र
बंजरिया,2 गाउँ 2,3,आवासीय क्षेत्र
बंजरिया,2 गाउँ 2,4,आवासीय क्षेत्र
बंजरिया,2 गाउँ 2,7,आवासीय क्षेत्र
बंजरिया,2 गाउँ 2,9,आवासीय क्षेत्र
बंजरिया,2 गाउँ 2,10,आवासीय क्षेत्र
बंजरिया,2 गाउँ 2,11,आवासीय क्षेत्र
बंजरिया,2 गाउँ 2,12,आवासीय क्षेत्र
बंजरिया,2 गाउँ 2,14,आवासीय क्षेत्र
बंजरिया,2 गाउँ 2,15,आवासीय क्षेत्र
बंजरिया,2 गाउँ 2,16,आवासीय क्षेत्र
बंजरिया,2 गाउँ 2,19,आवासीय क्षेत्र
बंजरिया,2 गाउँ 2,20,आवासीय क्षेत्र
बंजरिया,2 गाउँ 2,22,आवासीय क्षेत्र
बंजरिया,2 गाउँ 2,23,आवासीय क्षेत्र
बंजरिया,2 गाउँ 2,26,आवासीय क्षेत्र
बंजरिया,2 गाउँ 2,27,आवासीय क्षेत्र
बंजरिया,2 गाउँ 2,28,आवासीय क्षेत्र
बंजरिया,2 गाउँ 2,29,आवासीय क्षेत्र
बंजरिया,2 गाउँ 2,30,आवासीय क्षेत्र
बंजरिया,2 गाउँ 2,32,आवासीय क्षेत्र
बंजरिया,2 गाउँ 2,32,आवासीय क्षेत्र
बंजरिया,2 गाउँ 2,35,आवासीय क्षेत्र
बंजरिया,2 गाउँ 2,36,आवासीय क्षेत्र
बंजरिया,2 गाउँ 2,38,आवासीय क्षेत्र
बंजरिया,2 गाउँ 2,40,आवासीय क्षेत्र
बंजरिया,2 गाउँ 2,41,आवासीय क्षेत्र
बंजरिया,2 गाउँ 2,48,आवासीय क्षेत्र
बंजरिया,2 गाउँ 2,49,आवासीय क्षेत्र
बंजरिया,2 गाउँ 2,49,आवासीय क्षेत्र
बंजरिया,2 गाउँ 2,50,आवासीय क्षेत्र
बंजरिया,2 गाउँ 2,50,आवासीय क्षेत्र
बंजरिया,2 गाउँ 2,51,आवासीय क्षेत्र
बंजरिया,2 गाउँ 2,51,आवासीय क्षेत्र
बंजरिया,2 गाउँ 2,52,आवासीय क्षेत्र
बंजरिया,2 गाउँ 2,53,आवासीय क्षेत्र
बंजरिया,2 गाउँ 2,54,आवासीय क्षेत्र
बंजरिया,2 गाउँ 2,55,आवासीय क्षेत्र
बंजरिया,2 गाउँ 2,56,आवासीय क्षेत्र
बंजरिया,2 गाउँ 2,57,आवासीय क्षेत्र
बंजरिया,2 गाउँ 2,58,आवासीय क्षेत्र
बंजरिया,2 गाउँ 2,59,आवासीय क्षेत्र
बंजरिया,2 गाउँ 2,60,आवासीय क्षेत्र
बंजरिया,2 गाउँ 2,61,आवासीय क्षेत्र
बंजरिया,2 गाउँ 2,62,आवासीय क्षेत्र
बंजरिया,2 गाउँ 2,63,आवासीय क्षेत्र
बंजरिया,2 गाउँ 2,64,आवासीय क्षेत्र
बंजरिया,2 गाउँ 2,66,आवासीय क्षेत्र
बंजरिया,2 गाउँ 2,67,आवासीय क्षेत्र
बंजरिया,2 गाउँ 2,67,आवासीय क्षेत्र
बंजरिया,2 गाउँ 2,68,आवासीय क्षेत्र
बंजरिया,2 गाउँ 2,69,आवासीय क्षेत्र
बंजरिया,2 गाउँ 2,70,आवासीय क्षेत्र
बंजरिया,2 गाउँ 2,71,आवासीय क्षेत्र
बंजरिया,2 गाउँ 2,72,आवासीय क्षेत्र
बंजरिया,2 गाउँ 2,76,आवासीय क्षेत्र
बंजरिया,2 गाउँ 2,77,आवासीय क्षेत्र
बंजरिया,2 गाउँ 2,86,आवासीय क्षेत्र
बंजरिया,2 गाउँ 2,87,आवासीय क्षेत्र
बंजरिया,2 गाउँ 2,88,आवासीय क्षेत्र
बंजरिया,2 गाउँ 2,89,आवासीय क्षेत्र
बंजरिया,2 गाउँ,0,आवासीय क्षेत्र
बंजरिया,2 गाउँ,0,सार्वजनिक उपयोगको क्षेत्र
बंजरिया,2 गाउँ,1,आवासीय क्षेत्र
बंजरिया,2 गाउँ,4,आवासीय क्षेत्र
बंजरिया,2 गाउँ,6,आवासीय क्षेत्र
बंजरिया,2 गाउँ,7,आवासीय क्षेत्र
बंजरिया,2 गाउँ,8,आवासीय क्षेत्र
बंजरिया,2 गाउँ,9,आवासीय क्षेत्र
बंजरिया,2 गाउँ,10,आवासीय क्षेत्र
बंजरिया,2 गाउँ,11,आवासीय क्षेत्र
बंजरिया,2 गाउँ,12,आवासीय क्षेत्र
बंजरिया,2 गाउँ,13,आवासीय क्षेत्र
बंजरिया,2 गाउँ,14,आवासीय क्षेत्र
बंजरिया,2 गाउँ,15,आवासीय क्षेत्र
बंजरिया,2 गाउँ,16,आवासीय क्षेत्र
बंजरिया,2 गाउँ,17,आवासीय क्षेत्र
बंजरिया,2 गाउँ,18,आवासीय क्षेत्र
बंजरिया,2 गाउँ,19,आवासीय क्षेत्र
बंजरिया,2 गाउँ,20,आवासीय क्षेत्र
बंजरिया,2 गाउँ,21,आवासीय क्षेत्र
बंजरिया,2 गाउँ,22,आवासीय क्षेत्र
बंजरिया,2 गाउँ,22,आवासीय क्षेत्र
बंजरिया,2 गाउँ,23,आवासीय क्षेत्र
बंजरिया,2 गाउँ,24,आवासीय क्षेत्र
बंजरिया,2 गाउँ,25,आवासीय क्षेत्र
बंजरिया,2 गाउँ,26,आवासीय क्षेत्र
बंजरिया,2 गाउँ,27,आवासीय क्षेत्र
बंजरिया,2 गाउँ,28,आवासीय क्षेत्र
बंजरिया,2 गाउँ,29,आवासीय क्षेत्र
बंजरिया,2 गाउँ,30,आवासीय क्षेत्र
बंजरिया,2 गाउँ,31,आवासीय क्षेत्र
बंजरिया,2 गाउँ,32,आवासीय क्षेत्र
बंजरिया,2 गाउँ,33,आवासीय क्षेत्र
बंजरिया,2 गाउँ,34,आवासीय क्षेत्र
बंजरिया,2 गाउँ,36,आवासीय क्षेत्र
बंजरिया,2 गाउँ,37,आवासीय क्षेत्र
बंजरिया,2 गाउँ,38,आवासीय क्षेत्र
बंजरिया,2 गाउँ,39,आवासीय क्षेत्र
बंजरिया,2 गाउँ,41,आवासीय क्षेत्र
बंजरिया,2 गाउँ,43,सार्वजनिक उपयोगको क्षेत्र
बंजरिया,2 गाउँ,60,आवासीय क्षेत्र
बंजरिया,2 गाउँ,61,आवासीय क्षेत्र
बंजरिया,2 गाउँ,62,आवासीय क्षेत्र
बंजरिया,2 गाउँ,63,आवासीय क्षेत्र
बंजरिया,2 गाउँ,64,आवासीय क्षेत्र
बंजरिया,2 गाउँ,65,आवासीय क्षेत्र
बंजरिया,2 गाउँ,65,आवासीय क्षेत्र
बंजरिया,2 गाउँ,66,आवासीय क्षेत्र
बंजरिया,2 गाउँ,82,आवासीय क्षेत्र
बंजरिया,2 गाउँ,83,आवासीय क्षेत्र
बंजरिया,2 गाउँ,84,आवासीय क्षेत्र
बंजरिया,2 गाउँ,85,आवासीय क्षेत्र
बंजरिया,3,0,कृषि क्षेत्र
बंजरिया,3,0,आवासीय क्षेत्र
बंजरिया,3,0,कृषि क्षेत्र
बंजरिया,3,0,आवासीय क्षेत्र
बंजरिया,3,0,कृषि क्षेत्र
बंजरिया,3,0,कृषि क्षेत्र
बंजरिया,3,0,कृषि क्षेत्र
बंजरिया,3,0,सार्वजनिक उपयोगको क्षेत्र
बंजरिया,3,0,कृषि क्षेत्र
बंजरिया,3,0,कृषि क्षेत्र
बंजरिया,3,0,कृषि क्षेत्र
बंजरिया,3,0,कृषि क्षेत्र
बंजरिया,3,0,कृषि क्षेत्र
बंजरिया,3,0,कृषि क्षेत्र
बंजरिया,3,0,कृषि क्षेत्र
बंजरिया,3,3,कृषि क्षेत्र
बंजरिया,3,4,कृषि क्षेत्र
बंजरिया,3,5,कृषि क्षेत्र
बंजरिया,3,6,कृषि क्षेत्र
बंजरिया,3,9,कृषि क्षेत्र
बंजरिया,3,10,कृषि क्षेत्र
बंजरिया,3,11,कृषि क्षेत्र
बंजरिया,3,12,कृषि क्षेत्र
बंजरिया,3,14,कृषि क्षेत्र
बंजरिया,3,15,कृषि क्षेत्र
बंजरिया,3,17,कृषि क्षेत्र
बंजरिया,3,18,कृषि क्षेत्र
बंजरिया,3,19,कृषि क्षेत्र
बंजरिया,3,22,कृषि क्षेत्र
बंजरिया,3,24,कृषि क्षेत्र
बंजरिया,3,25,कृषि क्षेत्र
बंजरिया,3,27,कृषि क्षेत्र
बंजरिया,3,28,कृषि क्षेत्र
बंजरिया,3,33,आवासीय क्षेत्र
बंजरिया,3,34,कृषि क्षेत्र
बंजरिया,3,35,कृषि क्षेत्र
बंजरिया,3,36,आवासीय क्षेत्र
बंजरिया,3,37,आवासीय क्षेत्र
बंजरिया,3,42,आवासीय क्षेत्र
बंजरिया,3,44,कृषि क्षेत्र
बंजरिया,3,45,कृषि क्षेत्र
बंजरिया,3,46,कृषि क्षेत्र
बंजरिया,3,47,कृषि क्षेत्र
बंजरिया,3,48,कृषि क्षेत्र
बंजरिया,3,49,कृषि क्षेत्र
बंजरिया,3,51,कृषि क्षेत्र
बंजरिया,3,53,कृषि क्षेत्र
बंजरिया,3,54,कृषि क्षेत्र
बंजरिया,3,55,कृषि क्षेत्र
बंजरिया,3,56,कृषि क्षेत्र
बंजरिया,3,57,कृषि क्षेत्र
बंजरिया,3,59,कृषि क्षेत्र
बंजरिया,3,60,कृषि क्षेत्र
बंजरिया,3,63,कृषि क्षेत्र
बंजरिया,3,64,कृषि क्षेत्र
बंजरिया,3,65,कृषि क्षेत्र
बंजरिया,3,66,कृषि क्षेत्र
बंजरिया,3,67,कृषि क्षेत्र
बंजरिया,3,68,कृषि क्षेत्र
बंजरिया,3,69,कृषि क्षेत्र
बंजरिया,3,71,कृषि क्षेत्र
बंजरिया,3,73,कृषि क्षेत्र
बंजरिया,3,85,कृषि क्षेत्र
बंजरिया,3,89,कृषि क्षेत्र
बंजरिया,3,90,आवासीय क्षेत्र
बंजरिया,3,91,कृषि क्षेत्र
बंजरिया,3,93,कृषि क्षेत्र
बंजरिया,3,94,कृषि क्षेत्र
बंजरिया,3,98,आवासीय क्षेत्र
बंजरिया,3,99,आवासीय क्षेत्र
बंजरिया,3,100,आवासीय क्षेत्र
बंजरिया,3,103,आवासीय क्षेत्र
बंजरिया,3,108,आवासीय क्षेत्र
बंजरिया,3,109,आवासीय क्षेत्र
बंजरिया,3,110,आवासीय क्षेत्र
बंजरिया,3,111,आवासीय क्षेत्र
बंजरिया,3,112,आवासीय क्षेत्र
बंजरिया,3,114,आवासीय क्षेत्र
बंजरिया,3,115,आवासीय क्षेत्र
बंजरिया,3,116,आवासीय क्षेत्र
बंजरिया,3,117,आवासीय क्षेत्र
बंजरिया,3,118,आवासीय क्षेत्र
बंजरिया,3,119,आवासीय क्षेत्र
बंजरिया,3,120,कृषि क्षेत्र
बंजरिया,3,121,कृषि क्षेत्र
बंजरिया,3,123,आवासीय क्षेत्र
बंजरिया,3,124,कृषि क्षेत्र
बंजरिया,3,125,कृषि क्षेत्र
बंजरिया,3,126,कृषि क्षेत्र
बंजरिया,3,128,आवासीय क्षेत्र
बंजरिया,3,129,आवासीय क्षेत्र
बंजरिया,3,130,आवासीय क्षेत्र
बंजरिया,3,131,आवासीय क्षेत्र
बंजरिया,3,133,आवासीय क्षेत्र
बंजरिया,3,134,आवासीय क्षेत्र
बंजरिया,3,135,आवासीय क्षेत्र
बंजरिया,3,136,आवासीय क्षेत्र
बंजरिया,3,137,आवासीय क्षेत्र
बंजरिया,3,138,आवासीय क्षेत्र
बंजरिया,3,139,आवासीय क्षेत्र
बंजरिया,3,141,आवासीय क्षेत्र
बंजरिया,3,142,आवासीय क्षेत्र
बंजरिया,3,143,आवासीय क्षेत्र
बंजरिया,3,153,कृषि क्षेत्र
बंजरिया,3,154,कृषि क्षेत्र
बंजरिया,3,162,आवासीय क्षेत्र
बंजरिया,3,163,कृषि क्षेत्र
बंजरिया,3,164,कृषि क्षेत्र
बंजरिया,3,165,कृषि क्षेत्र
बंजरिया,3,166,कृषि क्षेत्र
बंजरिया,3,167,कृषि क्षेत्र
बंजरिया,3,172,कृषि क्षेत्र
बंजरिया,3,173,कृषि क्षेत्र
बंजरिया,3,174,कृषि क्षेत्र
बंजरिया,3,190,आवासीय क्षेत्र
बंजरिया,3,191,आवासीय क्षेत्र
बंजरिया,3,192,आवासीय क्षेत्र
बंजरिया,3,193,आवासीय क्षेत्र
बंजरिया,3,194,कृषि क्षेत्र
बंजरिया,3,197,कृषि क्षेत्र
बंजरिया,3,198,कृषि क्षेत्र
बंजरिया,3,199,कृषि क्षेत्र
बंजरिया,3,201,कृषि क्षेत्र
बंजरिया,3,202,कृषि क्षेत्र
बंजरिया,3,206,कृषि क्षेत्र
बंजरिया,3,207,कृषि क्षेत्र
बंजरिया,3,210,कृषि क्षेत्र
बंजरिया,3,211,कृषि क्षेत्र
बंजरिया,3,214,कृषि क्षेत्र
बंजरिया,3,215,कृषि क्षेत्र
बंजरिया,3,217,कृषि क्षेत्र
बंजरिया,3,218,कृषि क्षेत्र
बंजरिया,3,219,कृषि क्षेत्र
बंजरिया,3,224,कृषि क्षेत्र
बंजरिया,3,225,कृषि क्षेत्र
बंजरिया,3,226,कृषि क्षेत्र
बंजरिया,3,228,कृषि क्षेत्र
बंजरिया,3,229,कृषि क्षेत्र
बंजरिया,3,236,कृषि क्षेत्र
बंजरिया,3,238,कृषि क्षेत्र
बंजरिया,3,242,कृषि क्षेत्र
बंजरिया,3,243,कृषि क्षेत्र
बंजरिया,3,244,कृषि क्षेत्र
बंजरिया,3,244,कृषि क्षेत्र
बंजरिया,3,245,कृषि क्षेत्र
बंजरिया,3,246,आवासीय क्षेत्र
बंजरिया,3,247,आवासीय क्षेत्र
बंजरिया,3,248,कृषि क्षेत्र
बंजरिया,3,249,कृषि क्षेत्र
बंजरिया,3,250,कृषि क्षेत्र
बंजरिया,3,251,कृषि क्षेत्र
बंजरिया,3,252,कृषि क्षेत्र
बंजरिया,3,253,कृषि क्षेत्र
बंजरिया,3,255,कृषि क्षेत्र
बंजरिया,3,257,आवासीय क्षेत्र
बंजरिया,3,258,आवासीय क्षेत्र
बंजरिया,3,259,कृषि क्षेत्र
बंजरिया,3,260,कृषि क्षेत्र
बंजरिया,3,261,कृषि क्षेत्र
बंजरिया,3,262,कृषि क्षेत्र
बंजरिया,3,263,आवासीय क्षेत्र
बंजरिया,3,264,आवासीय क्षेत्र
बंजरिया,3,265,आवासीय क्षेत्र
बंजरिया,3,266,आवासीय क्षेत्र
बंजरिया,3,269,कृषि क्षेत्र
बंजरिया,3,271,कृषि क्षेत्र
बंजरिया,3,276,कृषि क्षेत्र
बंजरिया,3,277,कृषि क्षेत्र
बंजरिया,3,281,कृषि क्षेत्र
बंजरिया,3,285,आवासीय क्षेत्र
बंजरिया,3,286,आवासीय क्षेत्र
बंजरिया,3,293,आवासीय क्षेत्र
बंजरिया,3,294,आवासीय क्षेत्र
बंजरिया,3,295,आवासीय क्षेत्र
बंजरिया,3,306,कृषि क्षेत्र
बंजरिया,3,307,कृषि क्षेत्र
बंजरिया,3,311,कृषि क्षेत्र
बंजरिया,3,320,कृषि क्षेत्र
बंजरिया,3,328,कृषि क्षेत्र
बंजरिया,3,329,कृषि क्षेत्र
बंजरिया,3,330,कृषि क्षेत्र
बंजरिया,3,332,कृषि क्षेत्र
बंजरिया,3,334,कृषि क्षेत्र
बंजरिया,3,336,आवासीय क्षेत्र
बंजरिया,3,337,आवासीय क्षेत्र
बंजरिया,3,338,आवासीय क्षेत्र
बंजरिया,3,340,कृषि क्षेत्र
बंजरिया,3,341,कृषि क्षेत्र
बंजरिया,3,342,कृषि क्षेत्र
बंजरिया,3,343,कृषि क्षेत्र
बंजरिया,3,344,कृषि क्षेत्र
बंजरिया,3,389,कृषि क्षेत्र
बंजरिया,3,390,कृषि क्षेत्र
बंजरिया,3,391,आवासीय क्षेत्र
बंजरिया,3,392,आवासीय क्षेत्र
बंजरिया,3,393,कृषि क्षेत्र
बंजरिया,3,394,कृषि क्षेत्र
बंजरिया,3,395,आवासीय क्षेत्र
बंजरिया,3,396,आवासीय क्षेत्र
बंजरिया,3,397,कृषि क्षेत्र
बंजरिया,3,397,कृषि क्षेत्र
बंजरिया,3,398,कृषि क्षेत्र
बंजरिया,3,401,कृषि क्षेत्र
बंजरिया,3,402,आवासीय क्षेत्र
बंजरिया,3,403,आवासीय क्षेत्र
बंजरिया,3,404,आवासीय क्षेत्र
बंजरिया,3,407,कृषि क्षेत्र
बंजरिया,3,408,कृषि क्षेत्र
बंजरिया,3,409,कृषि क्षेत्र
बंजरिया,3,410,कृषि क्षेत्र
बंजरिया,3,415,कृषि क्षेत्र
बंजरिया,3,416,कृषि क्षेत्र
बंजरिया,3,417,कृषि क्षेत्र
बंजरिया,3,424,कृषि क्षेत्र
बंजरिया,3,425,कृषि क्षेत्र
बंजरिया,3,426,कृषि क्षेत्र
बंजरिया,3,427,कृषि क्षेत्र
बंजरिया,3,454,कृषि क्षेत्र
बंजरिया,3,455,कृषि क्षेत्र
बंजरिया,3,494,कृषि क्षेत्र
बंजरिया,3,496,कृषि क्षेत्र
बंजरिया,3,497,कृषि क्षेत्र
बंजरिया,3,498,कृषि क्षेत्र
बंजरिया,3,499,कृषि क्षेत्र
बंजरिया,3,507,आवासीय क्षेत्र
बंजरिया,3,512,आवासीय क्षेत्र
बंजरिया,3,513,आवासीय क्षेत्र
बंजरिया,3,514,आवासीय क्षेत्र
बंजरिया,3,515,आवासीय क्षेत्र
बंजरिया,3,516,कृषि क्षेत्र
बंजरिया,3,517,कृषि क्षेत्र
बंजरिया,3,518,आवासीय क्षेत्र
बंजरिया,3,519,कृषि क्षेत्र
बंजरिया,3,520,कृषि क्षेत्र
बंजरिया,3,521,कृषि क्षेत्र
बंजरिया,3,527,कृषि क्षेत्र
बंजरिया,3,534,कृषि क्षेत्र
बंजरिया,3,536,कृषि क्षेत्र
बंजरिया,3,537,कृषि क्षेत्र
बंजरिया,3,538,कृषि क्षेत्र
बंजरिया,3,539,कृषि क्षेत्र
बंजरिया,3,540,कृषि क्षेत्र
बंजरिया,3,541,कृषि क्षेत्र
बंजरिया,3,542,कृषि क्षेत्र
बंजरिया,3,543,कृषि क्षेत्र
बंजरिया,3,544,कृषि क्षेत्र
बंजरिया,3,545,कृषि क्षेत्र
बंजरिया,3,546,कृषि क्षेत्र
बंजरिया,3,547,कृषि क्षेत्र
बंजरिया,3,548,कृषि क्षेत्र
बंजरिया,3,549,कृषि क्षेत्र
बंजरिया,3,550,कृषि क्षेत्र
बंजरिया,3,551,कृषि क्षेत्र
बंजरिया,3,552,आवासीय क्षेत्र
बंजरिया,3,555,आवासीय क्षेत्र
बंजरिया,3,556,आवासीय क्षेत्र
बंजरिया,3,557,आवासीय क्षेत्र
बंजरिया,3,564,आवासीय क्षेत्र
बंजरिया,3,565,आवासीय क्षेत्र
बंजरिया,3,567,आवासीय क्षेत्र
बंजरिया,3,571,आवासीय क्षेत्र
बंजरिया,3,572,आवासीय क्षेत्र
बंजरिया,3,573,कृषि क्षेत्र
बंजरिया,3,574,कृषि क्षेत्र
बंजरिया,3,575,कृषि क्षेत्र
बंजरिया,3 गाउँ,0,आवासीय क्षेत्र
बंजरिया,3 गाउँ,0,आवासीय क्षेत्र
बंजरिया,3 गाउँ,0,आवासीय क्षेत्र
बंजरिया,3 गाउँ,0,आवासीय क्षेत्र
बंजरिया,3 गाउँ,0,आवासीय क्षेत्र
बंजरिया,3 गाउँ,0,आवासीय क्षेत्र
बंजरिया,3 गाउँ,0,आवासीय क्षेत्र
बंजरिया,3 गाउँ,0,आवासीय क्षेत्र
बंजरिया,3 गाउँ,0,आवासीय क्षेत्र
बंजरिया,3 गाउँ,0,आवासीय क्षेत्र
बंजरिया,3 गाउँ,0,आवासीय क्षेत्र
बंजरिया,3 गाउँ,0,आवासीय क्षेत्र
बंजरिया,3 गाउँ,0,आवासीय क्षेत्र
बंजरिया,3 गाउँ,0,आवासीय क्षेत्र
बंजरिया,3 गाउँ,0,आवासीय क्षेत्र
बंजरिया,3 गाउँ,0,आवासीय क्षेत्र
बंजरिया,3 गाउँ,0,आवासीय क्षेत्र
बंजरिया,3 गाउँ,0,आवासीय क्षेत्र
बंजरिया,3 गाउँ,0,आवासीय क्षेत्र
बंजरिया,3 गाउँ,0,आवासीय क्षेत्र
बंजरिया,3 गाउँ,0,आवासीय क्षेत्र
बंजरिया,3 गाउँ,0,आवासीय क्षेत्र
बंजरिया,3 गाउँ,0,आवासीय क्षेत्र
बंजरिया,3 गाउँ,0,आवासीय क्षेत्र
बंजरिया,3 गाउँ,0,आवासीय क्षेत्र
बंजरिया,3 गाउँ,0,आवासीय क्षेत्र
बंजरिया,3 गाउँ,0,आवासीय क्षेत्र
बंजरिया,3 गाउँ,0,आवासीय क्षेत्र
बंजरिया,3 गाउँ,0,आवासीय क्षेत्र
बंजरिया,3 गाउँ,0,आवासीय क्षेत्र
बंजरिया,3 गाउँ,0,आवासीय क्षेत्र
बंजरिया,3 गाउँ,0,आवासीय क्षेत्र
बंजरिया,3 गाउँ,0,आवासीय क्षेत्र
बंजरिया,3 गाउँ,0,कृषि क्षेत्र
बंजरिया,3 गाउँ,0,आवासीय क्षेत्र
बंजरिया,3 गाउँ,0,कृषि क्षेत्र
बंजरिया,3 गाउँ,0,कृषि क्षेत्र
बंजरिया,3 गाउँ,0,कृषि क्षेत्र
बंजरिया,3 गाउँ,4,आवासीय क्षेत्र
बंजरिया,3 गाउँ,5,आवासीय क्षेत्र
बंजरिया,3 गाउँ,6,आवासीय क्षेत्र
बंजरिया,3 गाउँ,7,आवासीय क्षेत्र
बंजरिया,3 गाउँ,8,आवासीय क्षेत्र
बंजरिया,3 गाउँ,9,आवासीय क्षेत्र
बंजरिया,3 गाउँ,11,आवासीय क्षेत्र
बंजरिया,3 गाउँ,12,आवासीय क्षेत्र
बंजरिया,3 गाउँ,13,आवासीय क्षेत्र
बंजरिया,3 गाउँ,22,आवासीय क्षेत्र
बंजरिया,3 गाउँ,23,आवासीय क्षेत्र
बंजरिया,3 गाउँ,24,आवासीय क्षेत्र
बंजरिया,3 गाउँ,25,आवासीय क्षेत्र
बंजरिया,3 गाउँ,26,आवासीय क्षेत्र
बंजरिया,3 गाउँ,27,आवासीय क्षेत्र
बंजरिया,3 गाउँ,28,आवासीय क्षेत्र
बंजरिया,3 गाउँ,29,आवासीय क्षेत्र
बंजरिया,3 गाउँ,30,सार्वजनिक उपयोगको क्षेत्र
बंजरिया,3 गाउँ,31,आवासीय क्षेत्र
बंजरिया,3 गाउँ,33,आवासीय क्षेत्र
बंजरिया,3 गाउँ,34,आवासीय क्षेत्र
बंजरिया,3 गाउँ,35,आवासीय क्षेत्र
बंजरिया,3 गाउँ,36,आवासीय क्षेत्र
बंजरिया,3 गाउँ,37,आवासीय क्षेत्र
बंजरिया,3 गाउँ,38,आवासीय क्षेत्र
बंजरिया,3 गाउँ,39,आवासीय क्षेत्र
बंजरिया,3 गाउँ,40,आवासीय क्षेत्र
बंजरिया,3 गाउँ,45,आवासीय क्षेत्र
बंजरिया,3 गाउँ,46,आवासीय क्षेत्र
बंजरिया,3 गाउँ,51,आवासीय क्षेत्र
बंजरिया,3 गाउँ,52,आवासीय क्षेत्र
बंजरिया,3 गाउँ,53,आवासीय क्षेत्र
बंजरिया,3 गाउँ,54,आवासीय क्षेत्र
बंजरिया,3 गाउँ,55,आवासीय क्षेत्र
बंजरिया,3 गाउँ,58,आवासीय क्षेत्र
बंजरिया,3 गाउँ,60,आवासीय क्षेत्र
बंजरिया,3 गाउँ,77,आवासीय क्षेत्र
बंजरिया,3 गाउँ,78,आवासीय क्षेत्र
बंजरिया,3 गाउँ,79,आवासीय क्षेत्र
बंजरिया,3 गाउँ,80,आवासीय क्षेत्र
बंजरिया,3 गाउँ,97,आवासीय क्षेत्र
बंजरिया,3 गाउँ,99,आवासीय क्षेत्र
बंजरिया,3 गाउँ,101,आवासीय क्षेत्र
बंजरिया,3 गाउँ,102,आवासीय क्षेत्र
बंजरिया,3 गाउँ,105,आवासीय क्षेत्र
बंजरिया,3 गाउँ,106,आवासीय क्षेत्र
बंजरिया,3 गाउँ,119,आवासीय क्षेत्र
बंजरिया,3 गाउँ,121,आवासीय क्षेत्र
बंजरिया,3 गाउँ,122,आवासीय क्षेत्र
बंजरिया,3 गाउँ,123,आवासीय क्षेत्र
बंजरिया,3 गाउँ,124,आवासीय क्षेत्र
बंजरिया,3 गाउँ,125,आवासीय क्षेत्र
बंजरिया,3 गाउँ,132,आवासीय क्षेत्र
बंजरिया,3 गाउँ,133,आवासीय क्षेत्र
बंजरिया,3 गाउँ,136,आवासीय क्षेत्र
बंजरिया,3 गाउँ,137,आवासीय क्षेत्र
बंजरिया,3 गाउँ,138,आवासीय क्षेत्र
बंजरिया,3 गाउँ,139,आवासीय क्षेत्र
बंजरिया,3 गाउँ,140,आवासीय क्षेत्र
बंजरिया,3 गाउँ,142,आवासीय क्षेत्र
बंजरिया,3 गाउँ,143,आवासीय क्षेत्र
बंजरिया,3 गाउँ,144,आवासीय क्षेत्र
बंजरिया,3 गाउँ,146,आवासीय क्षेत्र
बंजरिया,3 गाउँ,147,आवासीय क्षेत्र
बंजरिया,3 गाउँ,148,आवासीय क्षेत्र
बंजरिया,3 गाउँ,149,आवासीय क्षेत्र
बंजरिया,3 गाउँ,150,आवासीय क्षेत्र
बंजरिया,3 गाउँ,151,आवासीय क्षेत्र
बंजरिया,3 गाउँ,152,आवासीय क्षेत्र
बंजरिया,3 गाउँ,153,आवासीय क्षेत्र
बंजरिया,3 गाउँ,154,आवासीय क्षेत्र
बंजरिया,3 गाउँ,155,आवासीय क्षेत्र
बंजरिया,3 गाउँ,156,आवासीय क्षेत्र
बंजरिया,3 गाउँ,157,आवासीय क्षेत्र
बंजरिया,3 गाउँ,158,आवासीय क्षेत्र
बंजरिया,3 गाउँ,159,आवासीय क्षेत्र
बंजरिया,3 गाउँ,160,आवासीय क्षेत्र
बंजरिया,3 गाउँ,166,आवासीय क्षेत्र
बंजरिया,3 गाउँ,167,आवासीय क्षेत्र
बंजरिया,3 गाउँ,168,आवासीय क्षेत्र
बंजरिया,3 गाउँ,169,आवासीय क्षेत्र
बंजरिया,3 गाउँ,170,आवासीय क्षेत्र
बंजरिया,3 गाउँ,173,आवासीय क्षेत्र
बंजरिया,3 गाउँ,174,आवासीय क्षेत्र
बंजरिया,3 गाउँ,175,आवासीय क्षेत्र
बंजरिया,3 गाउँ,176,आवासीय क्षेत्र
बंजरिया,3 गाउँ,177,आवासीय क्षेत्र
बंजरिया,3 गाउँ,181,आवासीय क्षेत्र
बंजरिया,3 गाउँ,182,आवासीय क्षेत्र
बंजरिया,3 गाउँ,183,आवासीय क्षेत्र
बंजरिया,3 गाउँ,184,आवासीय क्षेत्र
बंजरिया,3 गाउँ,185,आवासीय क्षेत्र
बंजरिया,3 गाउँ,186,आवासीय क्षेत्र
बंजरिया,3 गाउँ,187,आवासीय क्षेत्र
बंजरिया,3 गाउँ,188,आवासीय क्षेत्र
बंजरिया,3 गाउँ,189,आवासीय क्षेत्र
बंजरिया,3 गाउँ,191,आवासीय क्षेत्र
बंजरिया,3 गाउँ,205,आवासीय क्षेत्र
बंजरिया,3 गाउँ,206,आवासीय क्षेत्र
बंजरिया,3 गाउँ,209,आवासीय क्षेत्र
बंजरिया,3 गाउँ,210,आवासीय क्षेत्र
बंजरिया,3 गाउँ,213,आवासीय क्षेत्र
बंजरिया,3 गाउँ,214,आवासीय क्षेत्र
बंजरिया,3 गाउँ,215,आवासीय क्षेत्र
बंजरिया,3 गाउँ,216,आवासीय क्षेत्र
बंजरिया,3 गाउँ,221,आवासीय क्षेत्र
बंजरिया,3 गाउँ,222,आवासीय क्षेत्र
बंजरिया,3 गाउँ,223,आवासीय क्षेत्र
बंजरिया,3 गाउँ,225,आवासीय क्षेत्र
बंजरिया,3 गाउँ,226,आवासीय क्षेत्र
बंजरिया,3 गाउँ,227,आवासीय क्षेत्र
बंजरिया,3 गाउँ,228,आवासीय क्षेत्र
बंजरिया,3 गाउँ,229,आवासीय क्षेत्र
बंजरिया,4,0,कृषि क्षेत्र
बंजरिया,4,0,कृषि क्षेत्र
बंजरिया,4,0,कृषि क्षेत्र
बंजरिया,4,0,कृषि क्षेत्र
बंजरिया,4,0,कृषि क्षेत्र
बंजरिया,4,0,कृषि क्षेत्र
बंजरिया,4,0,कृषि क्षेत्र
बंजरिया,4,0,कृषि क्षेत्र
बंजरिया,4,0,आवासीय क्षेत्र
बंजरिया,4,0,कृषि क्षेत्र
बंजरिया,4,0,कृषि क्षेत्र
बंजरिया,4,0,कृषि क्षेत्र
बंजरिया,4,0,कृषि क्षेत्र
बंजरिया,4,0,कृषि क्षेत्र
बंजरिया,4,0,कृषि क्षेत्र
बंजरिया,4,0,कृषि क्षेत्र
बंजरिया,4,0,कृषि क्षेत्र
बंजरिया,4,0,कृषि क्षेत्र
बंजरिया,4,0,कृषि क्षेत्र
बंजरिया,4,0,कृषि क्षेत्र
बंजरिया,4,0,कृषि क्षेत्र
बंजरिया,4,0,कृषि क्षेत्र
बंजरिया,4,0,कृषि क्षेत्र
बंजरिया,4,0,कृषि क्षेत्र
बंजरिया,4,0,आवासीय क्षेत्र
बंजरिया,4,0,कृषि क्षेत्र
बंजरिया,4,0,कृषि क्षेत्र
बंजरिया,4,0,आवासीय क्षेत्र
बंजरिया,4,0,आवासीय क्षेत्र
बंजरिया,4,0,आवासीय क्षेत्र
बंजरिया,4,0,आवासीय क्षेत्र
बंजरिया,4,0,सार्वजनिक उपयोगको क्षेत्र
बंजरिया,4,0,आवासीय क्षेत्र
बंजरिया,4,0,कृषि क्षेत्र
बंजरिया,4,0,कृषि क्षेत्र
बंजरिया,4,3,कृषि क्षेत्र
बंजरिया,4,6,कृषि क्षेत्र
बंजरिया,4,8,कृषि क्षेत्र
बंजरिया,4,9,कृषि क्षेत्र
बंजरिया,4,10,कृषि क्षेत्र
बंजरिया,4,14,कृषि क्षेत्र
बंजरिया,4,15,कृषि क्षेत्र
बंजरिया,4,16,कृषि क्षेत्र
बंजरिया,4,18,कृषि क्षेत्र
बंजरिया,4,25,आवासीय क्षेत्र
बंजरिया,4,26,आवासीय क्षेत्र
बंजरिया,4,28,कृषि क्षेत्र
बंजरिया,4,30,कृषि क्षेत्र
बंजरिया,4,35,आवासीय क्षेत्र
बंजरिया,4,36,कृषि क्षेत्र
बंजरिया,4,37,कृषि क्षेत्र
बंजरिया,4,38,कृषि क्षेत्र
बंजरिया,4,39,कृषि क्षेत्र
बंजरिया,4,40,कृषि क्षेत्र
बंजरिया,4,41,कृषि क्षेत्र
बंजरिया,4,42,कृषि क्षेत्र
बंजरिया,4,43,कृषि क्षेत्र
बंजरिया,4,44,कृषि क्षेत्र
बंजरिया,4,45,कृषि क्षेत्र
बंजरिया,4,50,कृषि क्षेत्र
बंजरिया,4,51,कृषि क्षेत्र
बंजरिया,4,52,कृषि क्षेत्र
बंजरिया,4,54,कृषि क्षेत्र
बंजरिया,4,55,कृषि क्षेत्र
बंजरिया,4,58,कृषि क्षेत्र
बंजरिया,4,60,कृषि क्षेत्र
बंजरिया,4,68,कृषि क्षेत्र
बंजरिया,4,71,कृषि क्षेत्र
बंजरिया,4,73,कृषि क्षेत्र
बंजरिया,4,78,कृषि क्षेत्र
बंजरिया,4,79,कृषि क्षेत्र
बंजरिया,4,80,कृषि क्षेत्र
बंजरिया,4,81,कृषि क्षेत्र
बंजरिया,4,82,कृषि क्षेत्र
बंजरिया,4,83,कृषि क्षेत्र
बंजरिया,4,84,सार्वजनिक उपयोगको क्षेत्र
बंजरिया,4,86,कृषि क्षेत्र
बंजरिया,4,87,कृषि क्षेत्र
बंजरिया,4,88,कृषि क्षेत्र
बंजरिया,4,91,कृषि क्षेत्र
बंजरिया,4,93,कृषि क्षेत्र
बंजरिया,4,96,आवासीय क्षेत्र
बंजरिया,4,97,आवासीय क्षेत्र
बंजरिया,4,98,आवासीय क्षेत्र
बंजरिया,4,99,आवासीय क्षेत्र
बंजरिया,4,100,आवासीय क्षेत्र
बंजरिया,4,101,आवासीय क्षेत्र
बंजरिया,4,102,कृषि क्षेत्र
बंजरिया,4,103,कृषि क्षेत्र
बंजरिया,4,116,कृषि क्षेत्र
बंजरिया,4,119,कृषि क्षेत्र
बंजरिया,4,145,आवासीय क्षेत्र
बंजरिया,4,152,कृषि क्षेत्र
बंजरिया,4,153,कृषि क्षेत्र
बंजरिया,4,157,कृषि क्षेत्र
बंजरिया,4,164,कृषि क्षेत्र
बंजरिया,4,166,कृषि क्षेत्र
बंजरिया,4,169,कृषि क्षेत्र
बंजरिया,4,170,कृषि क्षेत्र
बंजरिया,4,171,कृषि क्षेत्र
बंजरिया,4,172,कृषि क्षेत्र
बंजरिया,4,173,कृषि क्षेत्र
बंजरिया,4,174,कृषि क्षेत्र
बंजरिया,4,175,आवासीय क्षेत्र
बंजरिया,4,176,आवासीय क्षेत्र
बंजरिया,4,179,कृषि क्षेत्र
बंजरिया,4,180,कृषि क्षेत्र
बंजरिया,4,181,कृषि क्षेत्र
बंजरिया,4,182,कृषि क्षेत्र
बंजरिया,4,186,कृषि क्षेत्र
बंजरिया,4,187,आवासीय क्षेत्र
बंजरिया,4,188,आवासीय क्षेत्र
बंजरिया,4,190,आवासीय क्षेत्र
बंजरिया,4,194,कृषि क्षेत्र
बंजरिया,4,195,कृषि क्षेत्र
बंजरिया,4,197,आवासीय क्षेत्र
बंजरिया,4,198,आवासीय क्षेत्र
बंजरिया,4,199,कृषि क्षेत्र
बंजरिया,4,200,कृषि क्षेत्र
बंजरिया,4,202,कृषि क्षेत्र
बंजरिया,4,203,कृषि क्षेत्र
बंजरिया,4,203,कृषि क्षेत्र
बंजरिया,4,206,आवासीय क्षेत्र
बंजरिया,4,265,कृषि क्षेत्र
बंजरिया,4,266,कृषि क्षेत्र
बंजरिया,4,268,कृषि क्षेत्र
बंजरिया,4,269,कृषि क्षेत्र
बंजरिया,4,270,कृषि क्षेत्र
बंजरिया,4,271,कृषि क्षेत्र
बंजरिया,4,273,कृषि क्षेत्र
बंजरिया,4,276,कृषि क्षेत्र
बंजरिया,4,277,कृषि क्षेत्र
बंजरिया,4,278,कृषि क्षेत्र
बंजरिया,4,279,कृषि क्षेत्र
बंजरिया,4,286,कृषि क्षेत्र
बंजरिया,4,289,आवासीय क्षेत्र
बंजरिया,4,295,कृषि क्षेत्र
बंजरिया,4,300,आवासीय क्षेत्र
बंजरिया,4,302,आवासीय क्षेत्र
बंजरिया,4,303,कृषि क्षेत्र
बंजरिया,4,308,कृषि क्षेत्र
बंजरिया,4,309,कृषि क्षेत्र
बंजरिया,4,310,कृषि क्षेत्र
बंजरिया,4,311,कृषि क्षेत्र
बंजरिया,4,312,कृषि क्षेत्र
बंजरिया,4,313,कृषि क्षेत्र
बंजरिया,4,316,कृषि क्षेत्र
बंजरिया,4,317,कृषि क्षेत्र
बंजरिया,4,318,कृषि क्षेत्र
बंजरिया,4,319,कृषि क्षेत्र
बंजरिया,4,322,कृषि क्षेत्र
बंजरिया,4,323,कृषि क्षेत्र
बंजरिया,4,324,आवासीय क्षेत्र
बंजरिया,4,341,कृषि क्षेत्र
बंजरिया,4,342,कृषि क्षेत्र
बंजरिया,4,343,कृषि क्षेत्र
बंजरिया,4,346,कृषि क्षेत्र
बंजरिया,4,347,कृषि क्षेत्र
बंजरिया,4,348,कृषि क्षेत्र
बंजरिया,4,349,कृषि क्षेत्र
बंजरिया,4,371,कृषि क्षेत्र
बंजरिया,4,372,कृषि क्षेत्र
बंजरिया,4,373,कृषि क्षेत्र
बंजरिया,4,377,कृषि क्षेत्र
बंजरिया,4,378,कृषि क्षेत्र
बंजरिया,4,393,कृषि क्षेत्र
बंजरिया,4,394,कृषि क्षेत्र
बंजरिया,4,395,आवासीय क्षेत्र
बंजरिया,4,396,कृषि क्षेत्र
बंजरिया,4,401,कृषि क्षेत्र
बंजरिया,4,402,कृषि क्षेत्र
बंजरिया,4,403,कृषि क्षेत्र
बंजरिया,4,404,कृषि क्षेत्र
बंजरिया,4,414,कृषि क्षेत्र
बंजरिया,4,433,आवासीय क्षेत्र
बंजरिया,4,434,आवासीय क्षेत्र
बंजरिया,4,435,कृषि क्षेत्र
बंजरिया,4,436,कृषि क्षेत्र
बंजरिया,4,437,कृषि क्षेत्र
बंजरिया,4,438,कृषि क्षेत्र
बंजरिया,4,439,कृषि क्षेत्र
बंजरिया,4,440,कृषि क्षेत्र
बंजरिया,4,447,कृषि क्षेत्र
बंजरिया,4,448,कृषि क्षेत्र
बंजरिया,4,489,आवासीय क्षेत्र
बंजरिया,4,490,आवासीय क्षेत्र
बंजरिया,4,504,कृषि क्षेत्र
बंजरिया,4,505,कृषि क्षेत्र
बंजरिया,4,509,कृषि क्षेत्र
बंजरिया,4,511,कृषि क्षेत्र
बंजरिया,4,512,कृषि क्षेत्र
बंजरिया,4,526,कृषि क्षेत्र
बंजरिया,4,527,कृषि क्षेत्र
बंजरिया,4,532,आवासीय क्षेत्र
बंजरिया,4,533,आवासीय क्षेत्र
बंजरिया,4,534,आवासीय क्षेत्र
बंजरिया,4,536,कृषि क्षेत्र
बंजरिया,4,537,कृषि क्षेत्र
बंजरिया,4,538,कृषि क्षेत्र
बंजरिया,4,539,कृषि क्षेत्र
बंजरिया,4,540,कृषि क्षेत्र
बंजरिया,4,542,कृषि क्षेत्र
बंजरिया,4,543,कृषि क्षेत्र
बंजरिया,4,545,आवासीय क्षेत्र
बंजरिया,4,546,आवासीय क्षेत्र
बंजरिया,4,567,कृषि क्षेत्र
बंजरिया,4,568,कृषि क्षेत्र
बंजरिया,4,569,कृषि क्षेत्र
बंजरिया,4,570,आवासीय क्षेत्र
बंजरिया,4,571,कृषि क्षेत्र
बंजरिया,4,572,कृषि क्षेत्र
बंजरिया,4,573,कृषि क्षेत्र
बंजरिया,4,574,कृषि क्षेत्र
बंजरिया,4,588,कृषि क्षेत्र
बंजरिया,4,589,कृषि क्षेत्र
बंजरिया,4,602,आवासीय क्षेत्र
बंजरिया,4,603,आवासीय क्षेत्र
बंजरिया,4,604,आवासीय क्षेत्र
बंजरिया,4,605,कृषि क्षेत्र
बंजरिया,4,608,आवासीय क्षेत्र
बंजरिया,4,609,आवासीय क्षेत्र
बंजरिया,4,610,कृषि क्षेत्र
बंजरिया,4,611,कृषि क्षेत्र
बंजरिया,4,612,आवासीय क्षेत्र
बंजरिया,4,613,आवासीय क्षेत्र
बंजरिया,4,616,आवासीय क्षेत्र
बंजरिया,4,619,कृषि क्षेत्र
बंजरिया,4,634,कृषि क्षेत्र
बंजरिया,4,635,आवासीय क्षेत्र
बंजरिया,4,640,कृषि क्षेत्र
बंजरिया,4,641,कृषि क्षेत्र
बंजरिया,4,642,आवासीय क्षेत्र
बंजरिया,4,643,कृषि क्षेत्र
बंजरिया,4,644,आवासीय क्षेत्र
बंजरिया,4,645,कृषि क्षेत्र
बंजरिया,4,646,आवासीय क्षेत्र
बंजरिया,4,647,आवासीय क्षेत्र
बंजरिया,4,648,आवासीय क्षेत्र
बंजरिया,4,651,कृषि क्षेत्र
बंजरिया,4,652,कृषि क्षेत्र
बंजरिया,4,653,कृषि क्षेत्र
बंजरिया,4,654,कृषि क्षेत्र
बंजरिया,4,655,आवासीय क्षेत्र
बंजरिया,4,656,आवासीय क्षेत्र
बंजरिया,4,657,आवासीय क्षेत्र
बंजरिया,4,658,आवासीय क्षेत्र
बंजरिया,4,659,कृषि क्षेत्र
बंजरिया,4,660,कृषि क्षेत्र
बंजरिया,4 गाउँ,0,आवासीय क्षेत्र
बंजरिया,4 गाउँ,0,आवासीय क्षेत्र
बंजरिया,4 गाउँ,0,आवासीय क्षेत्र
बंजरिया,4 गाउँ,0,आवासीय क्षेत्र
बंजरिया,4 गाउँ,0,आवासीय क्षेत्र
बंजरिया,4 गाउँ,0,आवासीय क्षेत्र
बंजरिया,4 गाउँ,0,आवासीय क्षेत्र
बंजरिया,4 गाउँ,2,आवासीय क्षेत्र
बंजरिया,4 गाउँ,5,आवासीय क्षेत्र
बंजरिया,4 गाउँ,6,आवासीय क्षेत्र
बंजरिया,4 गाउँ,8,आवासीय क्षेत्र
बंजरिया,4 गाउँ,10,आवासीय क्षेत्र
बंजरिया,4 गाउँ,11,आवासीय क्षेत्र
बंजरिया,4 गाउँ,12,सार्वजनिक उपयोगको क्षेत्र
बंजरिया,4 गाउँ,16,आवासीय क्षेत्र
बंजरिया,4 गाउँ,18,आवासीय क्षेत्र
बंजरिया,4 गाउँ,19,आवासीय क्षेत्र
बंजरिया,4 गाउँ,20,आवासीय क्षेत्र
बंजरिया,4 गाउँ,22,आवासीय क्षेत्र
बंजरिया,4 गाउँ,23,आवासीय क्षेत्र
बंजरिया,4 गाउँ,25,आवासीय क्षेत्र
बंजरिया,4 गाउँ,26,आवासीय क्षेत्र
बंजरिया,4 गाउँ,27,आवासीय क्षेत्र
बंजरिया,4 गाउँ,28,आवासीय क्षेत्र
बंजरिया,4 गाउँ,31,आवासीय क्षेत्र
बंजरिया,4 गाउँ,33,आवासीय क्षेत्र
बंजरिया,4 गाउँ,34,आवासीय क्षेत्र
बंजरिया,4 गाउँ,35,आवासीय क्षेत्र
बंजरिया,4 गाउँ,36,आवासीय क्षेत्र
बंजरिया,4 गाउँ,37,आवासीय क्षेत्र
बंजरिया,4 गाउँ,38,आवासीय क्षेत्र
बंजरिया,4 गाउँ,42,आवासीय क्षेत्र
बंजरिया,4 गाउँ,48,आवासीय क्षेत्र
बंजरिया,4 गाउँ,51,आवासीय क्षेत्र
बंजरिया,4 गाउँ,52,आवासीय क्षेत्र
बंजरिया,4 गाउँ,54,आवासीय क्षेत्र
बंजरिया,4 गाउँ,55,आवासीय क्षेत्र
बंजरिया,4 गाउँ,56,कृषि क्षेत्र
बंजरिया,4 गाउँ,57,आवासीय क्षेत्र
बंजरिया,4 गाउँ,60,आवासीय क्षेत्र
बंजरिया,4 गाउँ,61,आवासीय क्षेत्र
बंजरिया,4 गाउँ,62,आवासीय क्षेत्र
बंजरिया,4 गाउँ,64,आवासीय क्षेत्र
बंजरिया,4 गाउँ,65,आवासीय क्षेत्र
बंजरिया,4 गाउँ,66,आवासीय क्षेत्र
बंजरिया,4 गाउँ,67,आवासीय क्षेत्र
बंजरिया,4 गाउँ,68,आवासीय क्षेत्र
बंजरिया,4 गाउँ,69,आवासीय क्षेत्र
बंजरिया,4 गाउँ,70,आवासीय क्षेत्र
बंजरिया,4 गाउँ,71,आवासीय क्षेत्र
बंजरिया,4 गाउँ,73,आवासीय क्षेत्र
बंजरिया,4 गाउँ,74,आवासीय क्षेत्र
बंजरिया,4 गाउँ,76,आवासीय क्षेत्र
बंजरिया,4 गाउँ,80,आवासीय क्षेत्र
बंजरिया,4 गाउँ,81,आवासीय क्षेत्र
बंजरिया,4 गाउँ,84,आवासीय क्षेत्र
बंजरिया,4 गाउँ,86,आवासीय क्षेत्र
बंजरिया,4 गाउँ,87,आवासीय क्षेत्र
बंजरिया,4 गाउँ,88,आवासीय क्षेत्र
बंजरिया,4 गाउँ,89,आवासीय क्षेत्र
बंजरिया,4 गाउँ,90,आवासीय क्षेत्र
बंजरिया,4 गाउँ,92,आवासीय क्षेत्र
बंजरिया,4 गाउँ,93,कृषि क्षेत्र
बंजरिया,4 गाउँ,94,कृषि क्षेत्र
बंजरिया,4 गाउँ,95,कृषि क्षेत्र
बंजरिया,4 गाउँ,96,कृषि क्षेत्र
बंजरिया,4 गाउँ,98,आवासीय क्षेत्र
बंजरिया,4 गाउँ,102,आवासीय क्षेत्र
बंजरिया,4 गाउँ,103,आवासीय क्षेत्र
बंजरिया,4 गाउँ,104,आवासीय क्षेत्र
बंजरिया,4 गाउँ,106,आवासीय क्षेत्र
बंजरिया,4 गाउँ,107,आवासीय क्षेत्र
बंजरिया,4 गाउँ,110,आवासीय क्षेत्र
बंजरिया,4 गाउँ,111,आवासीय क्षेत्र
बंजरिया,4 गाउँ,114,आवासीय क्षेत्र
बंजरिया,4 गाउँ,115,आवासीय क्षेत्र
बंजरिया,4 गाउँ,117,आवासीय क्षेत्र
बंजरिया,4 गाउँ,118,आवासीय क्षेत्र
बंजरिया,4 गाउँ,119,आवासीय क्षेत्र
बंजरिया,4 गाउँ,120,आवासीय क्षेत्र
बंजरिया,4 गाउँ,121,आवासीय क्षेत्र
बंजरिया,4 गाउँ,122,आवासीय क्षेत्र
बंजरिया,4 गाउँ,123,आवासीय क्षेत्र
बंजरिया,4 गाउँ,126,आवासीय क्षेत्र
बंजरिया,4 गाउँ,128,आवासीय क्षेत्र
बंजरिया,4 गाउँ,131,आवासीय क्षेत्र
बंजरिया,4 गाउँ,132,आवासीय क्षेत्र
बंजरिया,4 गाउँ,136,आवासीय क्षेत्र
बंजरिया,4 गाउँ,137,आवासीय क्षेत्र
बंजरिया,4 गाउँ,139,आवासीय क्षेत्र
बंजरिया,4 गाउँ,140,आवासीय क्षेत्र
बंजरिया,4 गाउँ,142,आवासीय क्षेत्र
बंजरिया,4 गाउँ,143,आवासीय क्षेत्र
बंजरिया,4 गाउँ,146,आवासीय क्षेत्र
बंजरिया,4 गाउँ,147,आवासीय क्षेत्र
बंजरिया,4 गाउँ,148,आवासीय क्षेत्र
बंजरिया,4 गाउँ,150,आवासीय क्षेत्र
बंजरिया,4 गाउँ,151,आवासीय क्षेत्र
बंजरिया,4 गाउँ,152,आवासीय क्षेत्र
बंजरिया,4 गाउँ,153,आवासीय क्षेत्र
बंजरिया,4 गाउँ,154,आवासीय क्षेत्र
बंजरिया,4 गाउँ,155,आवासीय क्षेत्र
बंजरिया,4 गाउँ,156,आवासीय क्षेत्र
बंजरिया,4 गाउँ,157,आवासीय क्षेत्र
बंजरिया,4 गाउँ,158,आवासीय क्षेत्र
बंजरिया,4 गाउँ,159,आवासीय क्षेत्र
बंजरिया,4 गाउँ,160,आवासीय क्षेत्र
बंजरिया,4 गाउँ,161,आवासीय क्षेत्र
बंजरिया,4 गाउँ,162,आवासीय क्षेत्र
बंजरिया,4 गाउँ,163,आवासीय क्षेत्र
बंजरिया,4 गाउँ,164,आवासीय क्षेत्र
बंजरिया,5,0,कृषि क्षेत्र
बंजरिया,5,0,कृषि क्षेत्र
बंजरिया,5,0,कृषि क्षेत्र
बंजरिया,5,0,कृषि क्षेत्र
बंजरिया,5,0,कृषि क्षेत्र
बंजरिया,5,0,कृषि क्षेत्र
बंजरिया,5,0,कृषि क्षेत्र
बंजरिया,5,0,आवासीय क्षेत्र
बंजरिया,5,0,कृषि क्षेत्र
बंजरिया,5,0,कृषि क्षेत्र
बंजरिया,5,0,कृषि क्षेत्र
बंजरिया,5,0,आवासीय क्षेत्र
बंजरिया,5,0,आवासीय क्षेत्र
बंजरिया,5,0,सार्वजनिक उपयोगको क्षेत्र
बंजरिया,5,0,कृषि क्षेत्र
बंजरिया,5,0,कृषि क्षेत्र
बंजरिया,5,0,कृषि क्षेत्र
बंजरिया,5,1,आवासीय क्षेत्र
बंजरिया,5,3,कृषि क्षेत्र
बंजरिया,5,4,कृषि क्षेत्र
बंजरिया,5,5,आवासीय क्षेत्र
बंजरिया,5,6,कृषि क्षेत्र
बंजरिया,5,8,कृषि क्षेत्र
बंजरिया,5,9,कृषि क्षेत्र
बंजरिया,5,12,कृषि क्षेत्र
बंजरिया,5,13,कृषि क्षेत्र
बंजरिया,5,14,कृषि क्षेत्र
बंजरिया,5,16,कृषि क्षेत्र
बंजरिया,5,17,कृषि क्षेत्र
बंजरिया,5,18,कृषि क्षेत्र
बंजरिया,5,19,कृषि क्षेत्र
बंजरिया,5,20,कृषि क्षेत्र
बंजरिया,5,21,कृषि क्षेत्र
बंजरिया,5,26,कृषि क्षेत्र
बंजरिया,5,28,कृषि क्षेत्र
बंजरिया,5,28,कृषि क्षेत्र
बंजरिया,5,30,कृषि क्षेत्र
बंजरिया,5,33,कृषि क्षेत्र
बंजरिया,5,34,कृषि क्षेत्र
बंजरिया,5,38,कृषि क्षेत्र
बंजरिया,5,39,कृषि क्षेत्र
बंजरिया,5,41,कृषि क्षेत्र
बंजरिया,5,42,कृषि क्षेत्र
बंजरिया,5,43,कृषि क्षेत्र
बंजरिया,5,44,कृषि क्षेत्र
बंजरिया,5,45,कृषि क्षेत्र
बंजरिया,5,46,कृषि क्षेत्र
बंजरिया,5,47,कृषि क्षेत्र
बंजरिया,5,48,कृषि क्षेत्र
बंजरिया,5,51,कृषि क्षेत्र
बंजरिया,5,52,कृषि क्षेत्र
बंजरिया,5,54,कृषि क्षेत्र
बंजरिया,5,55,कृषि क्षेत्र
बंजरिया,5,60,कृषि क्षेत्र
बंजरिया,5,64,कृषि क्षेत्र
बंजरिया,5,66,कृषि क्षेत्र
बंजरिया,5,67,कृषि क्षेत्र
बंजरिया,5,68,कृषि क्षेत्र
बंजरिया,5,69,कृषि क्षेत्र
बंजरिया,5,70,कृषि क्षेत्र
बंजरिया,5,72,कृषि क्षेत्र
बंजरिया,5,73,कृषि क्षेत्र
बंजरिया,5,74,कृषि क्षेत्र
बंजरिया,5,75,कृषि क्षेत्र
बंजरिया,5,76,कृषि क्षेत्र
बंजरिया,5,78,कृषि क्षेत्र
बंजरिया,5,79,कृषि क्षेत्र
बंजरिया,5,80,कृषि क्षेत्र
बंजरिया,5,81,कृषि क्षेत्र
बंजरिया,5,82,कृषि क्षेत्र
बंजरिया,5,83,कृषि क्षेत्र
बंजरिया,5,84,कृषि क्षेत्र
बंजरिया,5,86,कृषि क्षेत्र
बंजरिया,5,87,कृषि क्षेत्र
बंजरिया,5,88,कृषि क्षेत्र
बंजरिया,5,89,आवासीय क्षेत्र
बंजरिया,5,90,कृषि क्षेत्र
बंजरिया,5,91,आवासीय क्षेत्र
बंजरिया,5,92,आवासीय क्षेत्र
बंजरिया,5,93,आवासीय क्षेत्र
बंजरिया,5,94,आवासीय क्षेत्र
बंजरिया,5,95,आवासीय क्षेत्र
बंजरिया,5,96,आवासीय क्षेत्र
बंजरिया,5,97,आवासीय क्षेत्र
बंजरिया,5,98,आवासीय क्षेत्र
बंजरिया,5,99,आवासीय क्षेत्र
बंजरिया,5,100,आवासीय क्षेत्र
बंजरिया,5,101,आवासीय क्षेत्र
बंजरिया,5,102,कृषि क्षेत्र
बंजरिया,5,103,कृषि क्षेत्र
बंजरिया,5,105,आवासीय क्षेत्र
बंजरिया,5,107,आवासीय क्षेत्र
बंजरिया,5,108,आवासीय क्षेत्र
बंजरिया,5,110,आवासीय क्षेत्र
बंजरिया,5,111,कृषि क्षेत्र
बंजरिया,5,112,कृषि क्षेत्र
बंजरिया,5,116,कृषि क्षेत्र
बंजरिया,5,119,कृषि क्षेत्र
बंजरिया,5,122,कृषि क्षेत्र
बंजरिया,5,124,कृषि क्षेत्र
बंजरिया,5,126,कृषि क्षेत्र
बंजरिया,5,127,कृषि क्षेत्र
बंजरिया,5,130,कृषि क्षेत्र
बंजरिया,5,131,कृषि क्षेत्र
बंजरिया,5,132,कृषि क्षेत्र
बंजरिया,5,133,कृषि क्षेत्र
बंजरिया,5,134,कृषि क्षेत्र
बंजरिया,5,135,कृषि क्षेत्र
बंजरिया,5,136,कृषि क्षेत्र
बंजरिया,5,137,कृषि क्षेत्र
बंजरिया,5,140,कृषि क्षेत्र
बंजरिया,5,141,कृषि क्षेत्र
बंजरिया,5,144,कृषि क्षेत्र
बंजरिया,5,145,कृषि क्षेत्र
बंजरिया,5,145,कृषि क्षेत्र
बंजरिया,5,146,कृषि क्षेत्र
बंजरिया,5,147,कृषि क्षेत्र
बंजरिया,5,156,आवासीय क्षेत्र
बंजरिया,5,157,आवासीय क्षेत्र
बंजरिया,5,158,कृषि क्षेत्र
बंजरिया,5,159,कृषि क्षेत्र
बंजरिया,5,160,कृषि क्षेत्र
बंजरिया,5,161,कृषि क्षेत्र
बंजरिया,5,163,कृषि क्षेत्र
बंजरिया,5,165,कृषि क्षेत्र
बंजरिया,5,167,कृषि क्षेत्र
बंजरिया,5,168,कृषि क्षेत्र
बंजरिया,5,169,कृषि क्षेत्र
बंजरिया,5,170,कृषि क्षेत्र
बंजरिया,5,171,कृषि क्षेत्र
बंजरिया,5,172,कृषि क्षेत्र
बंजरिया,5,173,कृषि क्षेत्र
बंजरिया,5,179,आवासीय क्षेत्र
बंजरिया,5,181,आवासीय क्षेत्र
बंजरिया,5,183,कृषि क्षेत्र
बंजरिया,5,185,आवासीय क्षेत्र
बंजरिया,5,186,आवासीय क्षेत्र
बंजरिया,5,187,कृषि क्षेत्र
बंजरिया,5,188,कृषि क्षेत्र
बंजरिया,5,189,कृषि क्षेत्र
बंजरिया,5,190,कृषि क्षेत्र
बंजरिया,5,190,कृषि क्षेत्र
बंजरिया,5,191,कृषि क्षेत्र
बंजरिया,5,198,कृषि क्षेत्र
बंजरिया,5,199,कृषि क्षेत्र
बंजरिया,5,202,आवासीय क्षेत्र
बंजरिया,5,203,आवासीय क्षेत्र
बंजरिया,5,204,कृषि क्षेत्र
बंजरिया,5,205,कृषि क्षेत्र
बंजरिया,5,206,कृषि क्षेत्र
बंजरिया,5,207,कृषि क्षेत्र
बंजरिया,5,208,कृषि क्षेत्र
बंजरिया,5,209,कृषि क्षेत्र
बंजरिया,5,210,कृषि क्षेत्र
बंजरिया,5,211,कृषि क्षेत्र
बंजरिया,5,219,कृषि क्षेत्र
बंजरिया,5,220,कृषि क्षेत्र
बंजरिया,5,221,कृषि क्षेत्र
बंजरिया,5,223,कृषि क्षेत्र
बंजरिया,5,224,कृषि क्षेत्र
बंजरिया,5,225,कृषि क्षेत्र
बंजरिया,5,235,कृषि क्षेत्र
बंजरिया,5,236,कृषि क्षेत्र
बंजरिया,5,243,कृषि क्षेत्र
बंजरिया,5,244,कृषि क्षेत्र
बंजरिया,5,247,कृषि क्षेत्र
बंजरिया,5,248,कृषि क्षेत्र
बंजरिया,5,249,आवासीय क्षेत्र
बंजरिया,5,258,कृषि क्षेत्र
बंजरिया,5,259,कृषि क्षेत्र
बंजरिया,5,260,कृषि क्षेत्र
बंजरिया,5,268,कृषि क्षेत्र
बंजरिया,5,269,कृषि क्षेत्र
बंजरिया,5,302,आवासीय क्षेत्र
बंजरिया,5,303,आवासीय क्षेत्र
बंजरिया,5,304,कृषि क्षेत्र
बंजरिया,5,305,कृषि क्षेत्र
बंजरिया,5,306,कृषि क्षेत्र
बंजरिया,5,307,कृषि क्षेत्र
बंजरिया,5,308,कृषि क्षेत्र
बंजरिया,5,309,कृषि क्षेत्र
बंजरिया,5,310,कृषि क्षेत्र
बंजरिया,5,311,कृषि क्षेत्र
बंजरिया,5 गाउँ,0,आवासीय क्षेत्र
बंजरिया,5 गाउँ,0,आवासीय क्षेत्र
बंजरिया,5 गाउँ,0,आवासीय क्षेत्र
बंजरिया,5 गाउँ,0,आवासीय क्षेत्र
बंजरिया,5 गाउँ,0,आवासीय क्षेत्र
बंजरिया,5 गाउँ,0,आवासीय क्षेत्र
बंजरिया,5 गाउँ,0,आवासीय क्षेत्र
बंजरिया,5 गाउँ,0,आवासीय क्षेत्र
बंजरिया,5 गाउँ,0,आवासीय क्षेत्र
बंजरिया,5 गाउँ,0,आवासीय क्षेत्र
बंजरिया,5 गाउँ,0,आवासीय क्षेत्र
बंजरिया,5 गाउँ,0,आवासीय क्षेत्र
बंजरिया,5 गाउँ,0,आवासीय क्षेत्र
बंजरिया,5 गाउँ,0,आवासीय क्षेत्र
बंजरिया,5 गाउँ,1,आवासीय क्षेत्र
बंजरिया,5 गाउँ,4,आवासीय क्षेत्र
बंजरिया,5 गाउँ,7,आवासीय क्षेत्र
बंजरिया,5 गाउँ,8,आवासीय क्षेत्र
बंजरिया,5 गाउँ,9,आवासीय क्षेत्र
बंजरिया,5 गाउँ,11,आवासीय क्षेत्र
बंजरिया,5 गाउँ,12,आवासीय क्षेत्र
बंजरिया,5 गाउँ,13,आवासीय क्षेत्र
बंजरिया,5 गाउँ,14,आवासीय क्षेत्र
बंजरिया,5 गाउँ,15,आवासीय क्षेत्र
बंजरिया,5 गाउँ,16,आवासीय क्षेत्र
बंजरिया,5 गाउँ,17,आवासीय क्षेत्र
बंजरिया,5 गाउँ,19,आवासीय क्षेत्र
बंजरिया,5 गाउँ,20,आवासीय क्षेत्र
बंजरिया,5 गाउँ,21,आवासीय क्षेत्र
बंजरिया,5 गाउँ,22,आवासीय क्षेत्र
बंजरिया,5 गाउँ,23,आवासीय क्षेत्र
बंजरिया,5 गाउँ,24,आवासीय क्षेत्र
बंजरिया,5 गाउँ,25,आवासीय क्षेत्र
बंजरिया,5 गाउँ,26,आवासीय क्षेत्र
बंजरिया,5 गाउँ,28,आवासीय क्षेत्र
बंजरिया,5 गाउँ,29,आवासीय क्षेत्र
बंजरिया,5 गाउँ,30,आवासीय क्षेत्र
बंजरिया,5 गाउँ,31,आवासीय क्षेत्र
बंजरिया,5 गाउँ,32,आवासीय क्षेत्र
बंजरिया,5 गाउँ,33,आवासीय क्षेत्र
बंजरिया,5 गाउँ,34,आवासीय क्षेत्र
बंजरिया,5 गाउँ,36,आवासीय क्षेत्र
बंजरिया,5 गाउँ,38,आवासीय क्षेत्र
बंजरिया,5 गाउँ,39,आवासीय क्षेत्र
बंजरिया,5 गाउँ,41,आवासीय क्षेत्र
बंजरिया,5 गाउँ,42,आवासीय क्षेत्र
बंजरिया,5 गाउँ,44,आवासीय क्षेत्र
बंजरिया,5 गाउँ,45,आवासीय क्षेत्र
बंजरिया,5 गाउँ,46,आवासीय क्षेत्र
बंजरिया,5 गाउँ,47,आवासीय क्षेत्र
बंजरिया,5 गाउँ,47,आवासीय क्षेत्र
बंजरिया,5 गाउँ,48,आवासीय क्षेत्र
बंजरिया,5 गाउँ,49,आवासीय क्षेत्र
बंजरिया,5 गाउँ,51,आवासीय क्षेत्र
बंजरिया,5 गाउँ,53,आवासीय क्षेत्र
बंजरिया,5 गाउँ,58,आवासीय क्षेत्र
बंजरिया,5 गाउँ,60,सार्वजनिक उपयोगको क्षेत्र
बंजरिया,5 गाउँ,61,आवासीय क्षेत्र
बंजरिया,5 गाउँ,62,आवासीय क्षेत्र
बंजरिया,5 गाउँ,63,आवासीय क्षेत्र
बंजरिया,5 गाउँ,66,आवासीय क्षेत्र
बंजरिया,5 गाउँ,69,आवासीय क्षेत्र
बंजरिया,5 गाउँ,71,आवासीय क्षेत्र
बंजरिया,5 गाउँ,72,आवासीय क्षेत्र
बंजरिया,5 गाउँ,73,आवासीय क्षेत्र
बंजरिया,5 गाउँ,74,आवासीय क्षेत्र
बंजरिया,5 गाउँ,75,आवासीय क्षेत्र
बंजरिया,5 गाउँ,76,आवासीय क्षेत्र
बंजरिया,5 गाउँ,77,आवासीय क्षेत्र
बंजरिया,5 गाउँ,78,आवासीय क्षेत्र
बंजरिया,5 गाउँ,79,आवासीय क्षेत्र
बंजरिया,5 गाउँ,80,आवासीय क्षेत्र
बंजरिया,5 गाउँ,81,आवासीय क्षेत्र
बंजरिया,5 गाउँ,82,आवासीय क्षेत्र
बंजरिया,5 गाउँ,83,आवासीय क्षेत्र
बंजरिया,5 गाउँ,84,आवासीय क्षेत्र
बंजरिया,5 गाउँ,85,आवासीय क्षेत्र
बंजरिया,5 गाउँ,86,आवासीय क्षेत्र
बंजरिया,5 गाउँ,87,आवासीय क्षेत्र
बंजरिया,5 गाउँ,88,आवासीय क्षेत्र
बंजरिया,5 गाउँ,89,आवासीय क्षेत्र
बंजरिया,5 गाउँ,90,आवासीय क्षेत्र
बंजरिया,5 गाउँ,91,आवासीय क्षेत्र
बंजरिया,5 गाउँ,93,आवासीय क्षेत्र
बंजरिया,5 गाउँ,94,आवासीय क्षेत्र
बंजरिया,5 गाउँ,95,आवासीय क्षेत्र
बंजरिया,5 गाउँ,98,आवासीय क्षेत्र
बंजरिया,5 गाउँ,99,आवासीय क्षेत्र
बंजरिया,5 गाउँ,105,आवासीय क्षेत्र
बंजरिया,5 गाउँ,106,आवासीय क्षेत्र
बंजरिया,5 गाउँ,107,आवासीय क्षेत्र
बंजरिया,5 गाउँ,108,आवासीय क्षेत्र
बंजरिया,5 गाउँ,112,आवासीय क्षेत्र
बंजरिया,5 गाउँ,114,आवासीय क्षेत्र
बंजरिया,5 गाउँ,115,आवासीय क्षेत्र
बंजरिया,5 गाउँ,116,आवासीय क्षेत्र
बंजरिया,5 गाउँ,117,आवासीय क्षेत्र
बंजरिया,5 गाउँ,120,आवासीय क्षेत्र
बंजरिया,5 गाउँ,121,आवासीय क्षेत्र
बंजरिया,5 गाउँ,122,आवासीय क्षेत्र
बंजरिया,5 गाउँ,123,आवासीय क्षेत्र
बंजरिया,5 गाउँ,124,आवासीय क्षेत्र
बंजरिया,5 गाउँ,125,आवासीय क्षेत्र
बंजरिया,5 गाउँ,126,आवासीय क्षेत्र
बंजरिया,5 गाउँ,127,आवासीय क्षेत्र
बंजरिया,5 गाउँ,128,आवासीय क्षेत्र
बंजरिया,5 गाउँ,129,आवासीय क्षेत्र
बंजरिया,5 गाउँ,130,आवासीय क्षेत्र
बंजरिया,5 गाउँ,135,आवासीय क्षेत्र
बंजरिया,5 गाउँ,136,आवासीय क्षेत्र
बंजरिया,5 गाउँ,139,आवासीय क्षेत्र
बंजरिया,5 गाउँ,140,आवासीय क्षेत्र
बंजरिया,6,0,आवासीय क्षेत्र
बंजरिया,6,0,आवासीय क्षेत्र
बंजरिया,6,0,आवासीय क्षेत्र
बंजरिया,6,0,आवासीय क्षेत्र
बंजरिया,6,0,आवासीय क्षेत्र
बंजरिया,6,0,आवासीय क्षेत्र
बंजरिया,6,0,कृषि क्षेत्र
बंजरिया,6,0,कृषि क्षेत्र
बंजरिया,6,0,आवासीय क्षेत्र
बंजरिया,6,0,सार्वजनिक उपयोगको क्षेत्र
बंजरिया,6,0,कृषि क्षेत्र
बंजरिया,6,0,कृषि क्षेत्र
बंजरिया,6,0,कृषि क्षेत्र
बंजरिया,6,0,कृषि क्षेत्र
बंजरिया,6,0,कृषि क्षेत्र
बंजरिया,6,0,कृषि क्षेत्र
बंजरिया,6,1,कृषि क्षेत्र
बंजरिया,6,3,कृषि क्षेत्र
बंजरिया,6,5,कृषि क्षेत्र
बंजरिया,6,10,कृषि क्षेत्र
बंजरिया,6,12,कृषि क्षेत्र
बंजरिया,6,14,कृषि क्षेत्र
बंजरिया,6,15,कृषि क्षेत्र
बंजरिया,6,16,कृषि क्षेत्र
बंजरिया,6,17,कृषि क्षेत्र
बंजरिया,6,21,कृषि क्षेत्र
बंजरिया,6,22,कृषि क्षेत्र
बंजरिया,6,25,कृषि क्षेत्र
बंजरिया,6,26,कृषि क्षेत्र
बंजरिया,6,28,कृषि क्षेत्र
बंजरिया,6,29,कृषि क्षेत्र
बंजरिया,6,32,कृषि क्षेत्र
बंजरिया,6,36,कृषि क्षेत्र
बंजरिया,6,37,कृषि क्षेत्र
बंजरिया,6,40,आवासीय क्षेत्र
बंजरिया,6,46,कृषि क्षेत्र
बंजरिया,6,49,कृषि क्षेत्र
बंजरिया,6,50,कृषि क्षेत्र
बंजरिया,6,51,कृषि क्षेत्र
बंजरिया,6,52,कृषि क्षेत्र
बंजरिया,6,55,कृषि क्षेत्र
बंजरिया,6,58,कृषि क्षेत्र
बंजरिया,6,59,कृषि क्षेत्र
बंजरिया,6,60,कृषि क्षेत्र
बंजरिया,6,167,कृषि क्षेत्र
बंजरिया,6,187,कृषि क्षेत्र
बंजरिया,6,188,कृषि क्षेत्र
बंजरिया,6,189,कृषि क्षेत्र
बंजरिया,6,190,कृषि क्षेत्र
बंजरिया,6,191,कृषि क्षेत्र
बंजरिया,6,192,कृषि क्षेत्र
बंजरिया,6,196,कृषि क्षेत्र
बंजरिया,6,197,कृषि क्षेत्र
बंजरिया,6,198,कृषि क्षेत्र
बंजरिया,6,198,कृषि क्षेत्र
बंजरिया,6,200,कृषि क्षेत्र
बंजरिया,6,201,कृषि क्षेत्र
बंजरिया,6,202,कृषि क्षेत्र
बंजरिया,6,203,कृषि क्षेत्र
बंजरिया,6,204,कृषि क्षेत्र
बंजरिया,6,208,कृषि क्षेत्र
बंजरिया,6,214,कृषि क्षेत्र
बंजरिया,6,215,कृषि क्षेत्र
बंजरिया,6,216,कृषि क्षेत्र
बंजरिया,6,218,कृषि क्षेत्र
बंजरिया,6,220,"नदी, खोला, ताल, सिमसार क्षेत्र"
बंजरिया,6,220,सार्वजनिक उपयोगको क्षेत्र
बंजरिया,6,221,कृषि क्षेत्र
बंजरिया,6,222,कृषि क्षेत्र
बंजरिया,6,223,कृषि क्षेत्र
बंजरिया,6,224,कृषि क्षेत्र
बंजरिया,6,225,कृषि क्षेत्र
बंजरिया,6,227,कृषि क्षेत्र
बंजरिया,6,229,कृषि क्षेत्र
बंजरिया,6,230,कृषि क्षेत्र
बंजरिया,6,231,कृषि क्षेत्र
बंजरिया,6,232,कृषि क्षेत्र
बंजरिया,6,233,कृषि क्षेत्र
बंजरिया,6,234,कृषि क्षेत्र
बंजरिया,6,235,कृषि क्षेत्र
बंजरिया,6,237,कृषि क्षेत्र
बंजरिया,6,241,कृषि क्षेत्र
बंजरिया,6,242,कृषि क्षेत्र
बंजरिया,6,243,कृषि क्षेत्र
बंजरिया,6,244,कृषि क्षेत्र
बंजरिया,6,244,कृषि क्षेत्र
बंजरिया,6,245,कृषि क्षेत्र
बंजरिया,6,247,कृषि क्षेत्र
बंजरिया,6,248,कृषि क्षेत्र
बंजरिया,6,250,कृषि क्षेत्र
बंजरिया,6,252,कृषि क्षेत्र
बंजरिया,6,254,कृषि क्षेत्र
बंजरिया,6,255,कृषि क्षेत्र
बंजरिया,6,256,कृषि क्षेत्र
बंजरिया,6,257,कृषि क्षेत्र
बंजरिया,6,258,कृषि क्षेत्र
बंजरिया,6,261,कृषि क्षेत्र
बंजरिया,6,262,कृषि क्षेत्र
बंजरिया,6,263,कृषि क्षेत्र
बंजरिया,6,264,कृषि क्षेत्र
बंजरिया,6,266,कृषि क्षेत्र
बंजरिया,6,267,कृषि क्षेत्र
बंजरिया,6,268,कृषि क्षेत्र
बंजरिया,6,269,कृषि क्षेत्र
बंजरिया,6,271,कृषि क्षेत्र
बंजरिया,6,272,कृषि क्षेत्र
बंजरिया,6,273,कृषि क्षेत्र
बंजरिया,6,275,कृषि क्षेत्र
बंजरिया,6,275,कृषि क्षेत्र
बंजरिया,6,276,कृषि क्षेत्र
बंजरिया,6,277,कृषि क्षेत्र
बंजरिया,6,278,कृषि क्षेत्र
बंजरिया,6,280,कृषि क्षेत्र
बंजरिया,6,281,कृषि क्षेत्र
बंजरिया,6,283,कृषि क्षेत्र
बंजरिया,6,284,कृषि क्षेत्र
बंजरिया,6,286,कृषि क्षेत्र
बंजरिया,6,287,कृषि क्षेत्र
बंजरिया,6,288,कृषि क्षेत्र
बंजरिया,6,289,कृषि क्षेत्र
बंजरिया,6,290,कृषि क्षेत्र
बंजरिया,6,293,कृषि क्षेत्र
बंजरिया,6,294,कृषि क्षेत्र
बंजरिया,6,295,कृषि क्षेत्र
बंजरिया,6,297,कृषि क्षेत्र
बंजरिया,6,298,कृषि क्षेत्र
बंजरिया,6,300,आवासीय क्षेत्र
बंजरिया,6,301,आवासीय क्षेत्र
बंजरिया,6,302,आवासीय क्षेत्र
बंजरिया,6,303,कृषि क्षेत्र
बंजरिया,6,304,कृषि क्षेत्र
बंजरिया,6,307,कृषि क्षेत्र
बंजरिया,6,310,आवासीय क्षेत्र
बंजरिया,6,316,कृषि क्षेत्र
बंजरिया,6,317,कृषि क्षेत्र
बंजरिया,6,318,कृषि क्षेत्र
बंजरिया,6,319,कृषि क्षेत्र
बंजरिया,6,321,कृषि क्षेत्र
बंजरिया,6,322,कृषि क्षेत्र
बंजरिया,6,323,कृषि क्षेत्र
बंजरिया,6,324,कृषि क्षेत्र
बंजरिया,6,325,आवासीय क्षेत्र
बंजरिया,6,326,आवासीय क्षेत्र
बंजरिया,6,327,कृषि क्षेत्र
बंजरिया,6,328,कृषि क्षेत्र
बंजरिया,6,329,कृषि क्षेत्र
बंजरिया,6,330,कृषि क्षेत्र
बंजरिया,6,331,कृषि क्षेत्र
बंजरिया,6,332,कृषि क्षेत्र
बंजरिया,6,335,कृषि क्षेत्र
बंजरिया,6,336,आवासीय क्षेत्र
बंजरिया,6,337,कृषि क्षेत्र
बंजरिया,6,339,कृषि क्षेत्र
बंजरिया,6,340,कृषि क्षेत्र
बंजरिया,6,341,कृषि क्षेत्र
बंजरिया,6,343,कृषि क्षेत्र
बंजरिया,6,344,कृषि क्षेत्र
बंजरिया,6,346,कृषि क्षेत्र
बंजरिया,6,347,कृषि क्षेत्र
बंजरिया,6,348,कृषि क्षेत्र
बंजरिया,6,349,आवासीय क्षेत्र
बंजरिया,6,350,कृषि क्षेत्र
बंजरिया,6,352,आवासीय क्षेत्र
बंजरिया,6,353,कृषि क्षेत्र
बंजरिया,6,354,कृषि क्षेत्र
बंजरिया,6,356,कृषि क्षेत्र
बंजरिया,6,357,कृषि क्षेत्र
बंजरिया,6,362,आवासीय क्षेत्र
बंजरिया,6,366,आवासीय क्षेत्र
बंजरिया,6,367,आवासीय क्षेत्र
बंजरिया,6,368,आवासीय क्षेत्र
बंजरिया,6,369,आवासीय क्षेत्र
बंजरिया,6,371,आवासीय क्षेत्र
बंजरिया,6,372,आवासीय क्षेत्र
बंजरिया,6,373,आवासीय क्षेत्र
बंजरिया,6,374,आवासीय क्षेत्र
बंजरिया,6,375,आवासीय क्षेत्र
बंजरिया,6,379,आवासीय क्षेत्र
बंजरिया,6,381,आवासीय क्षेत्र
बंजरिया,6,382,आवासीय क्षेत्र
बंजरिया,6,383,आवासीय क्षेत्र
बंजरिया,6,385,कृषि क्षेत्र
बंजरिया,6,387,कृषि क्षेत्र
बंजरिया,6,388,कृषि क्षेत्र
बंजरिया,6,389,कृषि क्षेत्र
बंजरिया,6,390,कृषि क्षेत्र
बंजरिया,6,391,आवासीय क्षेत्र
बंजरिया,6,392,आवासीय क्षेत्र
बंजरिया,6,393,आवासीय क्षेत्र
बंजरिया,6,394,आवासीय क्षेत्र
बंजरिया,6,395,सार्वजनिक उपयोगको क्षेत्र
बंजरिया,6,396,आवासीय क्षेत्र
बंजरिया,6,397,आवासीय क्षेत्र
बंजरिया,6,398,कृषि क्षेत्र
बंजरिया,6,399,कृषि क्षेत्र
बंजरिया,6,400,कृषि क्षेत्र
बंजरिया,6,401,कृषि क्षेत्र
बंजरिया,6,402,कृषि क्षेत्र
बंजरिया,6,403,कृषि क्षेत्र
बंजरिया,6,404,आवासीय क्षेत्र
बंजरिया,6,405,आवासीय क्षेत्र
बंजरिया,6,406,आवासीय क्षेत्र
बंजरिया,6,407,आवासीय क्षेत्र
बंजरिया,6,409,आवासीय क्षेत्र
बंजरिया,6,410,आवासीय क्षेत्र
बंजरिया,6,411,आवासीय क्षेत्र
बंजरिया,6,413,आवासीय क्षेत्र
बंजरिया,6,414,आवासीय क्षेत्र
बंजरिया,6,415,आवासीय क्षेत्र
बंजरिया,6,417,कृषि क्षेत्र
बंजरिया,6,418,आवासीय क्षेत्र
बंजरिया,6,420,आवासीय क्षेत्र
बंजरिया,6,421,आवासीय क्षेत्र
बंजरिया,6,421,आवासीय क्षेत्र
बंजरिया,6,422,आवासीय क्षेत्र
बंजरिया,6,423,आवासीय क्षेत्र
बंजरिया,6,424,आवासीय क्षेत्र
बंजरिया,6,425,आवासीय क्षेत्र
बंजरिया,6,426,आवासीय क्षेत्र
बंजरिया,6,427,आवासीय क्षेत्र
बंजरिया,6,429,आवासीय क्षेत्र
बंजरिया,6,432,आवासीय क्षेत्र
बंजरिया,6,433,आवासीय क्षेत्र
बंजरिया,6,436,कृषि क्षेत्र
बंजरिया,6,437,कृषि क्षेत्र
बंजरिया,6,438,कृषि क्षेत्र
बंजरिया,6,439,कृषि क्षेत्र
बंजरिया,6,441,कृषि क्षेत्र
बंजरिया,6,442,कृषि क्षेत्र
बंजरिया,6,443,कृषि क्षेत्र
बंजरिया,6,446,कृषि क्षेत्र
बंजरिया,6,447,कृषि क्षेत्र
बंजरिया,6,451,कृषि क्षेत्र
बंजरिया,6,452,आवासीय क्षेत्र
बंजरिया,6,452,कृषि क्षेत्र
बंजरिया,6,453,कृषि क्षेत्र
बंजरिया,6,456,कृषि क्षेत्र
बंजरिया,6,457,कृषि क्षेत्र
बंजरिया,6,458,कृषि क्षेत्र
बंजरिया,6,459,आवासीय क्षेत्र
बंजरिया,6,461,आवासीय क्षेत्र
बंजरिया,6,464,आवासीय क्षेत्र
बंजरिया,6,465,आवासीय क्षेत्र
बंजरिया,6,467,आवासीय क्षेत्र
बंजरिया,6,469,आवासीय क्षेत्र
बंजरिया,6,470,आवासीय क्षेत्र
बंजरिया,6,481,आवासीय क्षेत्र
बंजरिया,6,511,कृषि क्षेत्र
बंजरिया,6,512,कृषि क्षेत्र
बंजरिया,6,513,कृषि क्षेत्र
बंजरिया,6,517,कृषि क्षेत्र
बंजरिया,6,517,कृषि क्षेत्र
बंजरिया,6,525,कृषि क्षेत्र
बंजरिया,6,526,कृषि क्षेत्र
बंजरिया,6,527,कृषि क्षेत्र
बंजरिया,6,534,कृषि क्षेत्र
बंजरिया,6,534,कृषि क्षेत्र
बंजरिया,6,535,कृषि क्षेत्र
बंजरिया,6,535,कृषि क्षेत्र
बंजरिया,6,554,आवासीय क्षेत्र
बंजरिया,6,555,कृषि क्षेत्र
बंजरिया,6,564,कृषि क्षेत्र
बंजरिया,6,564,आवासीय क्षेत्र
बंजरिया,6,566,आवासीय क्षेत्र
बंजरिया,6,567,कृषि क्षेत्र
बंजरिया,6,568,कृषि क्षेत्र
बंजरिया,6,569,कृषि क्षेत्र
बंजरिया,6,570,कृषि क्षेत्र
बंजरिया,6,571,कृषि क्षेत्र
बंजरिया,6,572,कृषि क्षेत्र
बंजरिया,6,574,कृषि क्षेत्र
बंजरिया,6,575,कृषि क्षेत्र
बंजरिया,6,578,आवासीय क्षेत्र
बंजरिया,6,578,कृषि क्षेत्र
बंजरिया,6,579,कृषि क्षेत्र
बंजरिया,6,579,कृषि क्षेत्र
बंजरिया,6,580,कृषि क्षेत्र
बंजरिया,6,581,कृषि क्षेत्र
बंजरिया,6,584,कृषि क्षेत्र
बंजरिया,6,585,कृषि क्षेत्र
बंजरिया,6,585,कृषि क्षेत्र
बंजरिया,6,585,कृषि क्षेत्र
बंजरिया,6,589,कृषि क्षेत्र
बंजरिया,6,590,कृषि क्षेत्र
बंजरिया,6,592,कृषि क्षेत्र
बंजरिया,6,596,कृषि क्षेत्र
बंजरिया,6,597,कृषि क्षेत्र
बंजरिया,6,599,कृषि क्षेत्र
बंजरिया,6,609,कृषि क्षेत्र
बंजरिया,6,613,कृषि क्षेत्र
बंजरिया,6,614,कृषि क्षेत्र
बंजरिया,6,619,कृषि क्षेत्र
बंजरिया,6,620,कृषि क्षेत्र
बंजरिया,6,621,कृषि क्षेत्र
बंजरिया,6,622,कृषि क्षेत्र
बंजरिया,6,636,कृषि क्षेत्र
बंजरिया,6,637,कृषि क्षेत्र
बंजरिया,6,644,कृषि क्षेत्र
बंजरिया,6,645,कृषि क्षेत्र
बंजरिया,6,646,कृषि क्षेत्र
बंजरिया,6,661,आवासीय क्षेत्र
बंजरिया,6,662,आवासीय क्षेत्र
बंजरिया,6,665,आवासीय क्षेत्र
बंजरिया,6,666,आवासीय क्षेत्र
बंजरिया,6,667,आवासीय क्षेत्र
बंजरिया,6,671,कृषि क्षेत्र
बंजरिया,6,681,कृषि क्षेत्र
बंजरिया,6,682,कृषि क्षेत्र
बंजरिया,6,683,कृषि क्षेत्र
बंजरिया,6,684,कृषि क्षेत्र
बंजरिया,6,691,कृषि क्षेत्र
बंजरिया,6,692,कृषि क्षेत्र
बंजरिया,6,705,कृषि क्षेत्र
बंजरिया,6,706,कृषि क्षेत्र
बंजरिया,6,710,कृषि क्षेत्र
बंजरिया,6,711,कृषि क्षेत्र
बंजरिया,6,712,कृषि क्षेत्र
बंजरिया,6,713,कृषि क्षेत्र
बंजरिया,6,714,कृषि क्षेत्र
बंजरिया,6,715,आवासीय क्षेत्र
बंजरिया,6,716,आवासीय क्षेत्र
बंजरिया,6,717,कृषि क्षेत्र
बंजरिया,6,718,कृषि क्षेत्र
बंजरिया,6,733,कृषि क्षेत्र
बंजरिया,6,734,आवासीय क्षेत्र
बंजरिया,6,735,कृषि क्षेत्र
बंजरिया,6,736,कृषि क्षेत्र
बंजरिया,6,738,कृषि क्षेत्र
बंजरिया,6,739,कृषि क्षेत्र
बंजरिया,6,740,कृषि क्षेत्र
बंजरिया,6,756,कृषि क्षेत्र
बंजरिया,6,759,कृषि क्षेत्र
बंजरिया,6,760,कृषि क्षेत्र
बंजरिया,6,765,आवासीय क्षेत्र
बंजरिया,6,766,आवासीय क्षेत्र
बंजरिया,6,771,कृषि क्षेत्र
बंजरिया,6,773,आवासीय क्षेत्र
बंजरिया,6,782,कृषि क्षेत्र
बंजरिया,6,787,आवासीय क्षेत्र
बंजरिया,6,788,आवासीय क्षेत्र
बंजरिया,6,795,आवासीय क्षेत्र
बंजरिया,6,796,आवासीय क्षेत्र
बंजरिया,6,803,कृषि क्षेत्र
बंजरिया,6,804,कृषि क्षेत्र
बंजरिया,6,805,कृषि क्षेत्र
बंजरिया,6,806,आवासीय क्षेत्र
बंजरिया,6,807,कृषि क्षेत्र
बंजरिया,6,808,कृषि क्षेत्र
बंजरिया,6,815,आवासीय क्षेत्र
बंजरिया,6,824,कृषि क्षेत्र
बंजरिया,6,825,कृषि क्षेत्र
बंजरिया,6,846,कृषि क्षेत्र
बंजरिया,6,847,कृषि क्षेत्र
बंजरिया,6,848,कृषि क्षेत्र
बंजरिया,6,857,कृषि क्षेत्र
बंजरिया,6,867,कृषि क्षेत्र
बंजरिया,6,868,कृषि क्षेत्र
बंजरिया,6,875,कृषि क्षेत्र
बंजरिया,6,876,आवासीय क्षेत्र
बंजरिया,6,876,कृषि क्षेत्र
बंजरिया,6,877,आवासीय क्षेत्र
बंजरिया,6,878,कृषि क्षेत्र
बंजरिया,6,880,कृषि क्षेत्र
बंजरिया,6,881,कृषि क्षेत्र
बंजरिया,6,890,कृषि क्षेत्र
बंजरिया,6,891,कृषि क्षेत्र
बंजरिया,6,892,कृषि क्षेत्र
बंजरिया,6,894,कृषि क्षेत्र
बंजरिया,6,895,कृषि क्षेत्र
बंजरिया,6,898,कृषि क्षेत्र
बंजरिया,6,899,कृषि क्षेत्र
बंजरिया,6,900,कृषि क्षेत्र
बंजरिया,6,901,कृषि क्षेत्र
बंजरिया,6,902,आवासीय क्षेत्र
बंजरिया,6,912,कृषि क्षेत्र
बंजरिया,6,913,कृषि क्षेत्र
बंजरिया,6,916,आवासीय क्षेत्र
बंजरिया,6,917,आवासीय क्षेत्र
बंजरिया,6,927,कृषि क्षेत्र
बंजरिया,6,928,कृषि क्षेत्र
बंजरिया,6,931,कृषि क्षेत्र
बंजरिया,6,932,कृषि क्षेत्र
बंजरिया,6,945,आवासीय क्षेत्र
बंजरिया,6,946,आवासीय क्षेत्र
बंजरिया,6,947,कृषि क्षेत्र
बंजरिया,6,948,कृषि क्षेत्र
बंजरिया,6,954,कृषि क्षेत्र
बंजरिया,6,955,कृषि क्षेत्र
बंजरिया,6,956,कृषि क्षेत्र
बंजरिया,6,958,कृषि क्षेत्र
बंजरिया,6,966,कृषि क्षेत्र
बंजरिया,6,967,कृषि क्षेत्र
बंजरिया,6,968,कृषि क्षेत्र
बंजरिया,6,969,कृषि क्षेत्र
बंजरिया,6,970,कृषि क्षेत्र
बंजरिया,6,971,आवासीय क्षेत्र
बंजरिया,6,980,कृषि क्षेत्र
बंजरिया,6,981,कृषि क्षेत्र
बंजरिया,6,1024,कृषि क्षेत्र
बंजरिया,6,1025,आवासीय क्षेत्र
बंजरिया,6,1026,कृषि क्षेत्र
बंजरिया,6,1027,कृषि क्षेत्र
बंजरिया,6,1028,कृषि क्षेत्र
बंजरिया,6,1029,कृषि क्षेत्र
बंजरिया,6,1038,कृषि क्षेत्र
बंजरिया,6,1039,कृषि क्षेत्र
बंजरिया,6,1047,आवासीय क्षेत्र
बंजरिया,6,1048,आवासीय क्षेत्र
बंजरिया,6,1055,कृषि क्षेत्र
बंजरिया,6,1056,कृषि क्षेत्र
बंजरिया,6,1057,कृषि क्षेत्र
बंजरिया,6,1059,कृषि क्षेत्र
बंजरिया,6,1077,कृषि क्षेत्र
बंजरिया,6,1094,कृषि क्षेत्र
बंजरिया,6,1095,कृषि क्षेत्र
बंजरिया,6,1102,कृषि क्षेत्र
बंजरिया,6,1103,कृषि क्षेत्र
बंजरिया,6,1109,कृषि क्षेत्र
बंजरिया,6,1117,कृषि क्षेत्र
बंजरिया,6,1118,कृषि क्षेत्र
बंजरिया,6,1121,आवासीय क्षेत्र
बंजरिया,6,1122,आवासीय क्षेत्र
बंजरिया,6,1123,आवासीय क्षेत्र
बंजरिया,6,1124,कृषि क्षेत्र
बंजरिया,6,1125,आवासीय क्षेत्र
बंजरिया,6,1136,कृषि क्षेत्र
बंजरिया,6,1137,कृषि क्षेत्र
बंजरिया,6,1138,कृषि क्षेत्र
बंजरिया,6,1153,कृषि क्षेत्र
बंजरिया,6,1154,कृषि क्षेत्र
बंजरिया,6,1155,कृषि क्षेत्र
बंजरिया,6,1156,कृषि क्षेत्र
बंजरिया,6,1157,कृषि क्षेत्र
बंजरिया,6,1164,कृषि क्षेत्र
बंजरिया,6,1165,कृषि क्षेत्र
बंजरिया,6,1207,कृषि क्षेत्र
बंजरिया,6,1208,कृषि क्षेत्र
बंजरिया,6,1209,कृषि क्षेत्र
बंजरिया,6,1210,कृषि क्षेत्र
बंजरिया,6,1213,कृषि क्षेत्र
बंजरिया,6,1216,कृषि क्षेत्र
बंजरिया,6,1217,कृषि क्षेत्र
बंजरिया,6,1233,कृषि क्षेत्र
बंजरिया,6,1234,कृषि क्षेत्र
बंजरिया,6,1235,कृषि क्षेत्र
बंजरिया,6,1236,कृषि क्षेत्र
बंजरिया,6,1237,कृषि क्षेत्र
बंजरिया,6,1238,कृषि क्षेत्र
बंजरिया,6,1239,कृषि क्षेत्र
बंजरिया,6,1253,आवासीय क्षेत्र
बंजरिया,6,1254,आवासीय क्षेत्र
बंजरिया,6,1264,कृषि क्षेत्र
बंजरिया,6,1265,कृषि क्षेत्र
बंजरिया,6,1266,कृषि क्षेत्र
बंजरिया,6,1267,कृषि क्षेत्र
बंजरिया,6,1269,कृषि क्षेत्र
बंजरिया,6,1291,आवासीय क्षेत्र
बंजरिया,6,1292,आवासीय क्षेत्र
बंजरिया,6,1295,कृषि क्षेत्र
बंजरिया,6,1296,कृषि क्षेत्र
बंजरिया,6,1316,आवासीय क्षेत्र
बंजरिया,6,1317,आवासीय क्षेत्र
बंजरिया,6,1320,कृषि क्षेत्र
बंजरिया,6,1321,कृषि क्षेत्र
बंजरिया,6,1335,आवासीय क्षेत्र
बंजरिया,6,1336,आवासीय क्षेत्र
बंजरिया,6,1337,आवासीय क्षेत्र
बंजरिया,6,1356,कृषि क्षेत्र
बंजरिया,6,1358,कृषि क्षेत्र
बंजरिया,6,1370,कृषि क्षेत्र
बंजरिया,6,1371,कृषि क्षेत्र
बंजरिया,6,1395,कृषि क्षेत्र
बंजरिया,6,1398,कृषि क्षेत्र
बंजरिया,6,1399,कृषि क्षेत्र
बंजरिया,6,1414,कृषि क्षेत्र
बंजरिया,6,1415,कृषि क्षेत्र
बंजरिया,6,1416,कृषि क्षेत्र
बंजरिया,6,1417,कृषि क्षेत्र
बंजरिया,6,1418,कृषि क्षेत्र
बंजरिया,6,1420,आवासीय क्षेत्र
बंजरिया,6,1421,आवासीय क्षेत्र
बंजरिया,6,1424,कृषि क्षेत्र
बंजरिया,6,1434,कृषि क्षेत्र
बंजरिया,6,1435,कृषि क्षेत्र
बंजरिया,6,1442,आवासीय क्षेत्र
बंजरिया,6,1443,आवासीय क्षेत्र
बंजरिया,6,1444,आवासीय क्षेत्र
बंजरिया,6,1445,आवासीय क्षेत्र
बंजरिया,6,1456,कृषि क्षेत्र
बंजरिया,6,1457,कृषि क्षेत्र
बंजरिया,6,1460,आवासीय क्षेत्र
बंजरिया,6,1461,आवासीय क्षेत्र
बंजरिया,6,1462,आवासीय क्षेत्र
बंजरिया,6,1463,आवासीय क्षेत्र
बंजरिया,6,1482,कृषि क्षेत्र
बंजरिया,6,1483,कृषि क्षेत्र
बंजरिया,6,1488,कृषि क्षेत्र
बंजरिया,6,1489,कृषि क्षेत्र
बंजरिया,6,1492,कृषि क्षेत्र
बंजरिया,6,1493,कृषि क्षेत्र
बंजरिया,6,1494,कृषि क्षेत्र
बंजरिया,6,1495,कृषि क्षेत्र
बंजरिया,6,1499,कृषि क्षेत्र
बंजरिया,6,1500,कृषि क्षेत्र
बंजरिया,6,1520,कृषि क्षेत्र
बंजरिया,6,1521,कृषि क्षेत्र
बंजरिया,6,1526,कृषि क्षेत्र
बंजरिया,6,1527,कृषि क्षेत्र
बंजरिया,6,1535,कृषि क्षेत्र
बंजरिया,6,1537,कृषि क्षेत्र
बंजरिया,6,1538,कृषि क्षेत्र
बंजरिया,6,1539,आवासीय क्षेत्र
बंजरिया,6,1540,आवासीय क्षेत्र
बंजरिया,6,1541,आवासीय क्षेत्र
बंजरिया,6,1542,कृषि क्षेत्र
बंजरिया,6,1543,कृषि क्षेत्र
बंजरिया,6,1544,आवासीय क्षेत्र
बंजरिया,6,1545,कृषि क्षेत्र
बंजरिया,6,1546,कृषि क्षेत्र
बंजरिया,6,1547,कृषि क्षेत्र
बंजरिया,6,1548,कृषि क्षेत्र
बंजरिया,6,1554,कृषि क्षेत्र
बंजरिया,6,1555,कृषि क्षेत्र
बंजरिया,6,1556,कृषि क्षेत्र
बंजरिया,6,1557,कृषि क्षेत्र
बंजरिया,6,1570,आवासीय क्षेत्र
बंजरिया,6,1571,आवासीय क्षेत्र
बंजरिया,6,1573,कृषि क्षेत्र
बंजरिया,6,1574,कृषि क्षेत्र
बंजरिया,6,1584,आवासीय क्षेत्र
बंजरिया,6,1585,आवासीय क्षेत्र
बंजरिया,6,1586,आवासीय क्षेत्र
बंजरिया,6,1587,आवासीय क्षेत्र
बंजरिया,6,1588,कृषि क्षेत्र
बंजरिया,6,1589,कृषि क्षेत्र
बंजरिया,6,1590,आवासीय क्षेत्र
बंजरिया,6,1591,आवासीय क्षेत्र
बंजरिया,6,1594,आवासीय क्षेत्र
बंजरिया,6,1595,आवासीय क्षेत्र
बंजरिया,6,1596,आवासीय क्षेत्र
बंजरिया,6,1597,कृषि क्षेत्र
बंजरिया,6,1598,कृषि क्षेत्र
बंजरिया,6,1599,कृषि क्षेत्र
बंजरिया,6,1600,कृषि क्षेत्र
बंजरिया,6,1601,कृषि क्षेत्र
बंजरिया,6,1610,कृषि क्षेत्र
बंजरिया,6,1611,कृषि क्षेत्र
बंजरिया,6,1612,कृषि क्षेत्र
बंजरिया,6,1613,कृषि क्षेत्र
बंजरिया,6,1614,कृषि क्षेत्र
बंजरिया,6,1615,कृषि क्षेत्र
बंजरिया,6,1618,कृषि क्षेत्र
बंजरिया,6,1624,कृषि क्षेत्र
बंजरिया,6,1625,कृषि क्षेत्र
बंजरिया,6,1626,कृषि क्षेत्र
बंजरिया,6,1634,आवासीय क्षेत्र
बंजरिया,6,1635,आवासीय क्षेत्र
बंजरिया,6 गाउँ,0,आवासीय क्षेत्र
बंजरिया,6 गाउँ,0,आवासीय क्षेत्र
बंजरिया,6 गाउँ,2,आवासीय क्षेत्र
बंजरिया,6 गाउँ,4,आवासीय क्षेत्र
बंजरिया,6 गाउँ,6,आवासीय क्षेत्र
बंजरिया,6 गाउँ,7,आवासीय क्षेत्र
बंजरिया,6 गाउँ,8,आवासीय क्षेत्र
बंजरिया,6 गाउँ,10,आवासीय क्षेत्र
बंजरिया,6 गाउँ,11,आवासीय क्षेत्र
बंजरिया,6 गाउँ,12,आवासीय क्षेत्र
बंजरिया,6 गाउँ,13,आवासीय क्षेत्र
बंजरिया,6 गाउँ,14,आवासीय क्षेत्र
बंजरिया,6 गाउँ,15,आवासीय क्षेत्र
बंजरिया,6 गाउँ,16,आवासीय क्षेत्र
बंजरिया,6 गाउँ,17,आवासीय क्षेत्र
बंजरिया,6 गाउँ,18,आवासीय क्षेत्र
बंजरिया,6 गाउँ,20,आवासीय क्षेत्र
बंजरिया,6 गाउँ,21,आवासीय क्षेत्र
बंजरिया,6 गाउँ,22,आवासीय क्षेत्र
बंजरिया,6 गाउँ,23,आवासीय क्षेत्र
बंजरिया,6 गाउँ,24,आवासीय क्षेत्र
बंजरिया,6 गाउँ,24,आवासीय क्षेत्र
बंजरिया,6 गाउँ,26,आवासीय क्षेत्र
बंजरिया,6 गाउँ,27,आवासीय क्षेत्र
बंजरिया,6 गाउँ,30,आवासीय क्षेत्र
बंजरिया,6 गाउँ,30,आवासीय क्षेत्र
बंजरिया,6 गाउँ,31,आवासीय क्षेत्र
बंजरिया,6 गाउँ,32,आवासीय क्षेत्र
बंजरिया,6 गाउँ,36,आवासीय क्षेत्र
बंजरिया,6 गाउँ,37,आवासीय क्षेत्र
बंजरिया,6 गाउँ,38,आवासीय क्षेत्र
बंजरिया,6 गाउँ,40,आवासीय क्षेत्र
बंजरिया,6 गाउँ,41,आवासीय क्षेत्र
बंजरिया,6 गाउँ,41,आवासीय क्षेत्र
बंजरिया,6 गाउँ,45,आवासीय क्षेत्र
बंजरिया,6 गाउँ,46,आवासीय क्षेत्र
बंजरिया,6 गाउँ,47,आवासीय क्षेत्र
बंजरिया,6 गाउँ,49,आवासीय क्षेत्र
बंजरिया,6 गाउँ,50,आवासीय क्षेत्र
बंजरिया,6 गाउँ,51,आवासीय क्षेत्र
बंजरिया,6 गाउँ,52,आवासीय क्षेत्र
बंजरिया,6 गाउँ,55,आवासीय क्षेत्र
बंजरिया,6 गाउँ,56,आवासीय क्षेत्र
बंजरिया,6 गाउँ,56,आवासीय क्षेत्र
बंजरिया,6 गाउँ,57,आवासीय क्षेत्र
बंजरिया,6 गाउँ,58,आवासीय क्षेत्र
बंजरिया,6 गाउँ,60,आवासीय क्षेत्र
बंजरिया,6 गाउँ,61,आवासीय क्षेत्र
बंजरिया,6 गाउँ,64,आवासीय क्षेत्र
बंजरिया,6 गाउँ,65,आवासीय क्षेत्र
बंजरिया,6 गाउँ,67,आवासीय क्षेत्र
बंजरिया,6 गाउँ,69,आवासीय क्षेत्र
बंजरिया,6 गाउँ,69,आवासीय क्षेत्र
बंजरिया,6 गाउँ,72,आवासीय क्षेत्र
बंजरिया,6 गाउँ,73,आवासीय क्षेत्र
बंजरिया,6 गाउँ,74,आवासीय क्षेत्र
बंजरिया,6 गाउँ,75,आवासीय क्षेत्र
बंजरिया,6 गाउँ,75,आवासीय क्षेत्र
बंजरिया,6 गाउँ,75,आवासीय क्षेत्र
बंजरिया,6 गाउँ,75,आवासीय क्षेत्र
बंजरिया,6 गाउँ,76,आवासीय क्षेत्र
बंजरिया,6 गाउँ,77,आवासीय क्षेत्र
बंजरिया,6 गाउँ,78,आवासीय क्षेत्र
बंजरिया,6 गाउँ,79,आवासीय क्षेत्र
बंजरिया,6 गाउँ,81,आवासीय क्षेत्र
बंजरिया,6 गाउँ,85,आवासीय क्षेत्र
बंजरिया,6 गाउँ,86,आवासीय क्षेत्र
बंजरिया,6 गाउँ,87,आवासीय क्षेत्र
बंजरिया,6 गाउँ,91,आवासीय क्षेत्र
बंजरिया,6 गाउँ,93,आवासीय क्षेत्र
बंजरिया,6 गाउँ,94,आवासीय क्षेत्र
बंजरिया,6 गाउँ,95,आवासीय क्षेत्र
बंजरिया,6 गाउँ,96,आवासीय क्षेत्र
बंजरिया,6 गाउँ,98,आवासीय क्षेत्र
बंजरिया,6 गाउँ,99,आवासीय क्षेत्र
बंजरिया,6 गाउँ,103,आवासीय क्षेत्र
बंजरिया,6 गाउँ,105,आवासीय क्षेत्र
बंजरिया,6 गाउँ,106,आवासीय क्षेत्र
बंजरिया,6 गाउँ,107,आवासीय क्षेत्र
बंजरिया,6 गाउँ,112,आवासीय क्षेत्र
बंजरिया,6 गाउँ,113,आवासीय क्षेत्र
बंजरिया,6 गाउँ,115,आवासीय क्षेत्र
बंजरिया,6 गाउँ,116,आवासीय क्षेत्र
बंजरिया,6 गाउँ,128,आवासीय क्षेत्र
बंजरिया,6 गाउँ,129,आवासीय क्षेत्र
बंजरिया,6 गाउँ,130,आवासीय क्षेत्र
बंजरिया,6 गाउँ,131,आवासीय क्षेत्र
बंजरिया,6 गाउँ,132,आवासीय क्षेत्र
बंजरिया,6 गाउँ,135,आवासीय क्षेत्र
बंजरिया,6 गाउँ,136,आवासीय क्षेत्र
बंजरिया,6 गाउँ,139,आवासीय क्षेत्र
बंजरिया,6 गाउँ,141,आवासीय क्षेत्र
बंजरिया,6 गाउँ,142,आवासीय क्षेत्र
बंजरिया,6 गाउँ,143,आवासीय क्षेत्र
बंजरिया,6 गाउँ,144,आवासीय क्षेत्र
बंजरिया,6 गाउँ,145,आवासीय क्षेत्र
बंजरिया,6 गाउँ,147,आवासीय क्षेत्र
बंजरिया,6 गाउँ,148,आवासीय क्षेत्र
बंजरिया,6 गाउँ,150,आवासीय क्षेत्र
बंजरिया,6 गाउँ,151,आवासीय क्षेत्र
बंजरिया,6 गाउँ,152,आवासीय क्षेत्र
बंजरिया,6 गाउँ,153,आवासीय क्षेत्र
बंजरिया,6 गाउँ,154,आवासीय क्षेत्र
बंजरिया,6 गाउँ,157,आवासीय क्षेत्र
बंजरिया,6 गाउँ,158,आवासीय क्षेत्र
बंजरिया,6 गाउँ,161,आवासीय क्षेत्र
बंजरिया,6 गाउँ,162,आवासीय क्षेत्र
बंजरिया,6 गाउँ,163,आवासीय क्षेत्र
बंजरिया,6 गाउँ,164,आवासीय क्षेत्र
बंजरिया,6 गाउँ,168,आवासीय क्षेत्र
बंजरिया,6 गाउँ,170,आवासीय क्षेत्र
बंजरिया,6 गाउँ,171,आवासीय क्षेत्र
बंजरिया,6 गाउँ,172,आवासीय क्षेत्र
बंजरिया,6 गाउँ,173,आवासीय क्षेत्र
बंजरिया,6 गाउँ,174,आवासीय क्षेत्र
बंजरिया,6 गाउँ,178,आवासीय क्षेत्र
बंजरिया,6 गाउँ,181,आवासीय क्षेत्र
बंजरिया,6 गाउँ,182,आवासीय क्षेत्र
बंजरिया,6 गाउँ,185,आवासीय क्षेत्र
बंजरिया,6 गाउँ,187,आवासीय क्षेत्र
बंजरिया,6 गाउँ,188,आवासीय क्षेत्र
बंजरिया,6 गाउँ,189,आवासीय क्षेत्र
बंजरिया,6 गाउँ,192,आवासीय क्षेत्र
बंजरिया,6 गाउँ,193,आवासीय क्षेत्र
बंजरिया,6 गाउँ,194,आवासीय क्षेत्र
बंजरिया,6 गाउँ,195,आवासीय क्षेत्र
बंजरिया,6 गाउँ,199,आवासीय क्षेत्र
बंजरिया,6 गाउँ,201,आवासीय क्षेत्र
बंजरिया,6 गाउँ,202,आवासीय क्षेत्र
बंजरिया,6 गाउँ,205,आवासीय क्षेत्र
बंजरिया,6 गाउँ,206,आवासीय क्षेत्र
बंजरिया,6 गाउँ,210,आवासीय क्षेत्र
बंजरिया,6 गाउँ,233,आवासीय क्षेत्र
बंजरिया,6 गाउँ,235,आवासीय क्षेत्र
बंजरिया,6 गाउँ,252,आवासीय क्षेत्र
बंजरिया,6 गाउँ,256,आवासीय क्षेत्र
बंजरिया,6 गाउँ,257,आवासीय क्षेत्र
बंजरिया,6 गाउँ,260,आवासीय क्षेत्र
बंजरिया,6 गाउँ,261,आवासीय क्षेत्र
बंजरिया,6 गाउँ,262,आवासीय क्षेत्र
बंजरिया,6 गाउँ,263,आवासीय क्षेत्र
बंजरिया,6 गाउँ,268,आवासीय क्षेत्र
बंजरिया,6 गाउँ,269,आवासीय क्षेत्र
बंजरिया,6 गाउँ,270,आवासीय क्षेत्र
बंजरिया,6 गाउँ,271,आवासीय क्षेत्र
बंजरिया,6 गाउँ,273,आवासीय क्षेत्र
बंजरिया,6 गाउँ,275,आवासीय क्षेत्र
बंजरिया,6 गाउँ,276,आवासीय क्षेत्र
बंजरिया,6 गाउँ,277,आवासीय क्षेत्र
बंजरिया,6 गाउँ,278,आवासीय क्षेत्र
बंजरिया,6 गाउँ,279,आवासीय क्षेत्र
बंजरिया,6 गाउँ,281,आवासीय क्षेत्र
बंजरिया,6 गाउँ,285,आवासीय क्षेत्र
बंजरिया,6 गाउँ,286,आवासीय क्षेत्र
बंजरिया,6 गाउँ,286,आवासीय क्षेत्र
बंजरिया,6 गाउँ,291,आवासीय क्षेत्र
बंजरिया,6 गाउँ,293,आवासीय क्षेत्र
बंजरिया,6 गाउँ,294,आवासीय क्षेत्र
बंजरिया,6 गाउँ,295,आवासीय क्षेत्र
बंजरिया,6 गाउँ,296,आवासीय क्षेत्र
बंजरिया,6 गाउँ,299,आवासीय क्षेत्र
बंजरिया,6 गाउँ,300,आवासीय क्षेत्र
बंजरिया,6 गाउँ,303,आवासीय क्षेत्र
बंजरिया,6 गाउँ,304,आवासीय क्षेत्र
बंजरिया,6 गाउँ,305,आवासीय क्षेत्र
बंजरिया,6 गाउँ,306,आवासीय क्षेत्र
बंजरिया,6 गाउँ,307,आवासीय क्षेत्र
बंजरिया,6 गाउँ,308,आवासीय क्षेत्र
बंजरिया,6 गाउँ,313,आवासीय क्षेत्र
बंजरिया,6 गाउँ,314,आवासीय क्षेत्र
बंजरिया,6 गाउँ,315,आवासीय क्षेत्र
बंजरिया,6 गाउँ,316,आवासीय क्षेत्र
बंजरिया,6 गाउँ,317,आवासीय क्षेत्र
बंजरिया,6 गाउँ,9999,सार्वजनिक उपयोगको क्षेत्र
बंजरिया,6 गाउँ,9999,आवासीय क्षेत्र
बंजरिया,7,0,सार्वजनिक उपयोगको क्षेत्र
बंजरिया,7,0,कृषि क्षेत्र
बंजरिया,7,0,कृषि क्षेत्र
बंजरिया,7,0,कृषि क्षेत्र
बंजरिया,7,0,औद्योगिक क्षेत्र
बंजरिया,7,0,कृषि क्षेत्र
बंजरिया,7,0,कृषि क्षेत्र
बंजरिया,7,0,कृषि क्षेत्र
बंजरिया,7,0,कृषि क्षेत्र
बंजरिया,7,0,आवासीय क्षेत्र
बंजरिया,7,0,कृषि क्षेत्र
बंजरिया,7,0,कृषि क्षेत्र
बंजरिया,7,0,कृषि क्षेत्र
बंजरिया,7,0,कृषि क्षेत्र
बंजरिया,7,0,कृषि क्षेत्र
बंजरिया,7,0,कृषि क्षेत्र
बंजरिया,7,0,कृषि क्षेत्र
बंजरिया,7,0,कृषि क्षेत्र
बंजरिया,7,0,कृषि क्षेत्र
बंजरिया,7,0,कृषि क्षेत्र
बंजरिया,7,0,कृषि क्षेत्र
बंजरिया,7,0,कृषि क्षेत्र
बंजरिया,7,0,कृषि क्षेत्र
बंजरिया,7,0,कृषि क्षेत्र
बंजरिया,7,0,कृषि क्षेत्र
बंजरिया,7,0,कृषि क्षेत्र
बंजरिया,7,0,कृषि क्षेत्र
बंजरिया,7,0,कृषि क्षेत्र
बंजरिया,7,0,कृषि क्षेत्र
बंजरिया,7,0,कृषि क्षेत्र
बंजरिया,7,0,कृषि क्षेत्र
बंजरिया,7,0,कृषि क्षेत्र
बंजरिया,7,0,सार्वजनिक उपयोगको क्षेत्र
बंजरिया,7,0,कृषि क्षेत्र
बंजरिया,7,0,कृषि क्षेत्र
बंजरिया,7,0,कृषि क्षेत्र
बंजरिया,7,0,आवासीय क्षेत्र
बंजरिया,7,0,आवासीय क्षेत्र
बंजरिया,7,0,आवासीय क्षेत्र
बंजरिया,7,0,आवासीय क्षेत्र
बंजरिया,7,0,आवासीय क्षेत्र
बंजरिया,7,0,कृषि क्षेत्र
बंजरिया,7,0,आवासीय क्षेत्र
बंजरिया,7,0,कृषि क्षेत्र
बंजरिया,7,0,कृषि क्षेत्र
बंजरिया,7,0,आवासीय क्षेत्र
बंजरिया,7,0,कृषि क्षेत्र
बंजरिया,7,0,कृषि क्षेत्र
बंजरिया,7,0,कृषि क्षेत्र
बंजरिया,7,0,कृषि क्षेत्र
बंजरिया,7,0,कृषि क्षेत्र
बंजरिया,7,0,कृषि क्षेत्र
बंजरिया,7,0,कृषि क्षेत्र
बंजरिया,7,0,कृषि क्षेत्र
बंजरिया,7,0,कृषि क्षेत्र
बंजरिया,7,0,कृषि क्षेत्र
बंजरिया,7,0,कृषि क्षेत्र
बंजरिया,7,0,कृषि क्षेत्र
बंजरिया,7,0,कृषि क्षेत्र
बंजरिया,7,0,कृषि क्षेत्र
बंजरिया,7,0,कृषि क्षेत्र
बंजरिया,7,0,कृषि क्षेत्र
बंजरिया,7,0,कृषि क्षेत्र
बंजरिया,7,0,कृषि क्षेत्र
बंजरिया,7,0,कृषि क्षेत्र
बंजरिया,7,0,कृषि क्षेत्र
बंजरिया,7,0,कृषि क्षेत्र
बंजरिया,7,0,कृषि क्षेत्र
बंजरिया,7,0,सार्वजनिक उपयोगको क्षेत्र
बंजरिया,7,0,कृषि क्षेत्र
बंजरिया,7,0,कृषि क्षेत्र
बंजरिया,7,0,कृषि क्षेत्र
बंजरिया,7,0,कृषि क्षेत्र
बंजरिया,7,0,कृषि क्षेत्र
बंजरिया,7,0,कृषि क्षेत्र
बंजरिया,7,0,कृषि क्षेत्र
बंजरिया,7,0,कृषि क्षेत्र
बंजरिया,7,0,कृषि क्षेत्र
बंजरिया,7,0,कृषि क्षेत्र
बंजरिया,7,0,कृषि क्षेत्र
बंजरिया,7,0,कृषि क्षेत्र
बंजरिया,7,0,कृषि क्षेत्र
बंजरिया,7,0,कृषि क्षेत्र
बंजरिया,7,0,कृषि क्षेत्र
बंजरिया,7,0,कृषि क्षेत्र
बंजरिया,7,0,कृषि क्षेत्र
बंजरिया,7,0,कृषि क्षेत्र
बंजरिया,7,0,कृषि क्षेत्र
बंजरिया,7,0,कृषि क्षेत्र
बंजरिया,7,0,कृषि क्षेत्र
बंजरिया,7,0,कृषि क्षेत्र
बंजरिया,7,0,कृषि क्षेत्र
बंजरिया,7,0,आवासीय क्षेत्र
बंजरिया,7,0,आवासीय क्षेत्र
बंजरिया,7,0,कृषि क्षेत्र
बंजरिया,7,0,आवासीय क्षेत्र
बंजरिया,7,0,आवासीय क्षेत्र
बंजरिया,7,0,आवासीय क्षेत्र
बंजरिया,7,0,आवासीय क्षेत्र
बंजरिया,7,0,सार्वजनिक उपयोगको क्षेत्र
बंजरिया,7,0,आवासीय क्षेत्र
बंजरिया,7,0,आवासीय क्षेत्र
बंजरिया,7,0,आवासीय क्षेत्र
बंजरिया,7,0,आवासीय क्षेत्र
बंजरिया,7,0,आवासीय क्षेत्र
बंजरिया,7,0,आवासीय क्षेत्र
बंजरिया,7,0,आवासीय क्षेत्र
बंजरिया,7,0,आवासीय क्षेत्र
बंजरिया,7,0,आवासीय क्षेत्र
बंजरिया,7,0,आवासीय क्षेत्र
बंजरिया,7,0,सार्वजनिक उपयोगको क्षेत्र
बंजरिया,7,0,आवासीय क्षेत्र
बंजरिया,7,0,आवासीय क्षेत्र
बंजरिया,7,0,सार्वजनिक उपयोगको क्षेत्र
बंजरिया,7,0,आवासीय क्षेत्र
बंजरिया,7,0,आवासीय क्षेत्र
बंजरिया,7,0,आवासीय क्षेत्र
बंजरिया,7,0,आवासीय क्षेत्र
बंजरिया,7,0,आवासीय क्षेत्र
बंजरिया,7,0,आवासीय क्षेत्र
बंजरिया,7,0,आवासीय क्षेत्र
बंजरिया,7,0,"नदी, खोला, ताल, सिमसार क्षेत्र"
बंजरिया,7,0,आवासीय क्षेत्र
बंजरिया,7,0,सार्वजनिक उपयोगको क्षेत्र
बंजरिया,7,3,आवासीय क्षेत्र
बंजरिया,7,7,आवासीय क्षेत्र
बंजरिया,7,8,आवासीय क्षेत्र
बंजरिया,7,9,आवासीय क्षेत्र
बंजरिया,7,10,कृषि क्षेत्र
बंजरिया,7,22,कृषि क्षेत्र
बंजरिया,7,26,कृषि क्षेत्र
बंजरिया,7,28,कृषि क्षेत्र
बंजरिया,7,29,कृषि क्षेत्र
बंजरिया,7,30,कृषि क्षेत्र
बंजरिया,7,35,कृषि क्षेत्र
बंजरिया,7,36,कृषि क्षेत्र
बंजरिया,7,38,कृषि क्षेत्र
बंजरिया,7,39,कृषि क्षेत्र
बंजरिया,7,48,आवासीय क्षेत्र
बंजरिया,7,49,आवासीय क्षेत्र
बंजरिया,7,51,आवासीय क्षेत्र
बंजरिया,7,53,कृषि क्षेत्र
बंजरिया,7,59,आवासीय क्षेत्र
बंजरिया,7,60,आवासीय क्षेत्र
बंजरिया,7,62,आवासीय क्षेत्र
बंजरिया,7,63,आवासीय क्षेत्र
बंजरिया,7,67,आवासीय क्षेत्र
बंजरिया,7,69,आवासीय क्षेत्र
बंजरिया,7,70,कृषि क्षेत्र
बंजरिया,7,76,व्यावसायिक क्षेत्र
बंजरिया,7,77,कृषि क्षेत्र
बंजरिया,7,79,कृषि क्षेत्र
बंजरिया,7,80,कृषि क्षेत्र
बंजरिया,7,81,कृषि क्षेत्र
बंजरिया,7,83,कृषि क्षेत्र
बंजरिया,7,84,कृषि क्षेत्र
बंजरिया,7,85,कृषि क्षेत्र
बंजरिया,7,86,कृषि क्षेत्र
बंजरिया,7,89,कृषि क्षेत्र
बंजरिया,7,91,कृषि क्षेत्र
बंजरिया,7,92,कृषि क्षेत्र
बंजरिया,7,93,कृषि क्षेत्र
बंजरिया,7,96,कृषि क्षेत्र
बंजरिया,7,113,कृषि क्षेत्र
बंजरिया,7,114,कृषि क्षेत्र
बंजरिया,7,118,कृषि क्षेत्र
बंजरिया,7,119,कृषि क्षेत्र
बंजरिया,7,120,कृषि क्षेत्र
बंजरिया,7,121,कृषि क्षेत्र
बंजरिया,7,123,कृषि क्षेत्र
बंजरिया,7,124,कृषि क्षेत्र
बंजरिया,7,125,कृषि क्षेत्र
बंजरिया,7,126,कृषि क्षेत्र
बंजरिया,7,128,कृषि क्षेत्र
बंजरिया,7,129,कृषि क्षेत्र
बंजरिया,7,131,कृषि क्षेत्र
बंजरिया,7,132,कृषि क्षेत्र
बंजरिया,7,135,कृषि क्षेत्र
बंजरिया,7,136,कृषि क्षेत्र
बंजरिया,7,139,कृषि क्षेत्र
बंजरिया,7,141,कृषि क्षेत्र
बंजरिया,7,143,कृषि क्षेत्र
बंजरिया,7,145,कृषि क्षेत्र
बंजरिया,7,150,कृषि क्षेत्र
बंजरिया,7,153,कृषि क्षेत्र
बंजरिया,7,154,कृषि क्षेत्र
बंजरिया,7,155,कृषि क्षेत्र
बंजरिया,7,156,कृषि क्षेत्र
बंजरिया,7,169,कृषि क्षेत्र
बंजरिया,7,171,कृषि क्षेत्र
बंजरिया,7,175,कृषि क्षेत्र
बंजरिया,7,178,कृषि क्षेत्र
बंजरिया,7,179,कृषि क्षेत्र
बंजरिया,7,180,कृषि क्षेत्र
बंजरिया,7,181,कृषि क्षेत्र
बंजरिया,7,183,कृषि क्षेत्र
बंजरिया,7,184,कृषि क्षेत्र
बंजरिया,7,185,कृषि क्षेत्र
बंजरिया,7,192,कृषि क्षेत्र
बंजरिया,7,201,कृषि क्षेत्र
बंजरिया,7,202,कृषि क्षेत्र
बंजरिया,7,203,कृषि क्षेत्र
बंजरिया,7,205,कृषि क्षेत्र
बंजरिया,7,214,कृषि क्षेत्र
बंजरिया,7,226,कृषि क्षेत्र
बंजरिया,7,238,आवासीय क्षेत्र
बंजरिया,7,241,आवासीय क्षेत्र
बंजरिया,7,242,आवासीय क्षेत्र
बंजरिया,7,267,आवासीय क्षेत्र
बंजरिया,7,269,कृषि क्षेत्र
बंजरिया,7,290,आवासीय क्षेत्र
बंजरिया,7,291,कृषि क्षेत्र
बंजरिया,7,292,आवासीय क्षेत्र
बंजरिया,7,293,आवासीय क्षेत्र
बंजरिया,7,294,आवासीय क्षेत्र
बंजरिया,7,295,आवासीय क्षेत्र
बंजरिया,7,299,आवासीय क्षेत्र
बंजरिया,7,301,आवासीय क्षेत्र
बंजरिया,7,305,कृषि क्षेत्र
बंजरिया,7,306,आवासीय क्षेत्र
बंजरिया,7,307,कृषि क्षेत्र
बंजरिया,7,307,आवासीय क्षेत्र
बंजरिया,7,308,कृषि क्षेत्र
बंजरिया,7,311,आवासीय क्षेत्र
बंजरिया,7,313,आवासीय क्षेत्र
बंजरिया,7,314,आवासीय क्षेत्र
बंजरिया,7,317,आवासीय क्षेत्र
बंजरिया,7,321,आवासीय क्षेत्र
बंजरिया,7,322,आवासीय क्षेत्र
बंजरिया,7,323,आवासीय क्षेत्र
बंजरिया,7,324,आवासीय क्षेत्र
बंजरिया,7,329,आवासीय क्षेत्र
बंजरिया,7,330,आवासीय क्षेत्र
बंजरिया,7,331,आवासीय क्षेत्र
बंजरिया,7,332,आवासीय क्षेत्र
बंजरिया,7,333,आवासीय क्षेत्र
बंजरिया,7,334,आवासीय क्षेत्र
बंजरिया,7,361,कृषि क्षेत्र
बंजरिया,7,372,"नदी, खोला, ताल, सिमसार क्षेत्र"
बंजरिया,7,377,आवासीय क्षेत्र
बंजरिया,7,380,आवासीय क्षेत्र
बंजरिया,7,394,कृषि क्षेत्र
बंजरिया,7,395,कृषि क्षेत्र
बंजरिया,7,440,औद्योगिक क्षेत्र
बंजरिया,7,442,औद्योगिक क्षेत्र
बंजरिया,7,443,औद्योगिक क्षेत्र
बंजरिया,7,452,कृषि क्षेत्र
बंजरिया,7,463,कृषि क्षेत्र
बंजरिया,7,465,कृषि क्षेत्र
बंजरिया,7,469,कृषि क्षेत्र
बंजरिया,7,471,कृषि क्षेत्र
बंजरिया,7,472,कृषि क्षेत्र
बंजरिया,7,473,कृषि क्षेत्र
बंजरिया,7,474,कृषि क्षेत्र
बंजरिया,7,475,कृषि क्षेत्र
बंजरिया,7,476,आवासीय क्षेत्र
बंजरिया,7,477,आवासीय क्षेत्र
बंजरिया,7,480,आवासीय क्षेत्र
बंजरिया,7,481,आवासीय क्षेत्र
बंजरिया,7,493,कृषि क्षेत्र
बंजरिया,7,494,कृषि क्षेत्र
बंजरिया,7,497,कृषि क्षेत्र
बंजरिया,7,498,कृषि क्षेत्र
बंजरिया,7,499,कृषि क्षेत्र
बंजरिया,7,500,कृषि क्षेत्र
बंजरिया,7,506,कृषि क्षेत्र
बंजरिया,7,507,कृषि क्षेत्र
बंजरिया,7,508,आवासीय क्षेत्र
बंजरिया,7,511,कृषि क्षेत्र
बंजरिया,7,515,आवासीय क्षेत्र
बंजरिया,7,517,आवासीय क्षेत्र
बंजरिया,7,518,आवासीय क्षेत्र
बंजरिया,7,533,आवासीय क्षेत्र
बंजरिया,7,536,आवासीय क्षेत्र
बंजरिया,7,542,कृषि क्षेत्र
बंजरिया,7,557,आवासीय क्षेत्र
बंजरिया,7,558,आवासीय क्षेत्र
बंजरिया,7,559,आवासीय क्षेत्र
बंजरिया,7,565,कृषि क्षेत्र
बंजरिया,7,571,आवासीय क्षेत्र
बंजरिया,7,595,कृषि क्षेत्र
बंजरिया,7,596,कृषि क्षेत्र
बंजरिया,7,597,कृषि क्षेत्र
बंजरिया,7,598,कृषि क्षेत्र
बंजरिया,7,604,आवासीय क्षेत्र
बंजरिया,7,607,आवासीय क्षेत्र
बंजरिया,7,608,आवासीय क्षेत्र
बंजरिया,7,619,आवासीय क्षेत्र
बंजरिया,7,622,आवासीय क्षेत्र
बंजरिया,7,636,कृषि क्षेत्र
बंजरिया,7,641,आवासीय क्षेत्र
बंजरिया,7,642,कृषि क्षेत्र
बंजरिया,7,651,आवासीय क्षेत्र
बंजरिया,7,659,कृषि क्षेत्र
बंजरिया,7,669,कृषि क्षेत्र
बंजरिया,7,669,कृषि क्षेत्र
बंजरिया,7,670,कृषि क्षेत्र
बंजरिया,7,671,कृषि क्षेत्र
बंजरिया,7,672,कृषि क्षेत्र
बंजरिया,7,683,आवासीय क्षेत्र
बंजरिया,7,696,कृषि क्षेत्र
बंजरिया,7,697,कृषि क्षेत्र
बंजरिया,7,700,कृषि क्षेत्र
बंजरिया,7,712,आवासीय क्षेत्र
बंजरिया,7,727,आवासीय क्षेत्र
बंजरिया,7,728,आवासीय क्षेत्र
बंजरिया,7,729,कृषि क्षेत्र
बंजरिया,7,730,कृषि क्षेत्र
बंजरिया,7,731,कृषि क्षेत्र
बंजरिया,7,732,कृषि क्षेत्र
बंजरिया,7,733,कृषि क्षेत्र
बंजरिया,7,734,कृषि क्षेत्र
बंजरिया,7,736,कृषि क्षेत्र
बंजरिया,7,776,आवासीय क्षेत्र
बंजरिया,7,777,आवासीय क्षेत्र
बंजरिया,7,778,आवासीय क्षेत्र
बंजरिया,7,779,आवासीय क्षेत्र
बंजरिया,7,780,आवासीय क्षेत्र
बंजरिया,7,782,आवासीय क्षेत्र
बंजरिया,7,783,आवासीय क्षेत्र
बंजरिया,7,784,कृषि क्षेत्र
बंजरिया,7,785,कृषि क्षेत्र
बंजरिया,7,786,कृषि क्षेत्र
बंजरिया,7,787,कृषि क्षेत्र
बंजरिया,7,788,कृषि क्षेत्र
बंजरिया,7,789,कृषि क्षेत्र
बंजरिया,7,790,कृषि क्षेत्र
बंजरिया,7,791,कृषि क्षेत्र
बंजरिया,7,798,आवासीय क्षेत्र
बंजरिया,7,800,आवासीय क्षेत्र
बंजरिया,7,801,आवासीय क्षेत्र
बंजरिया,7,808,कृषि क्षेत्र
बंजरिया,7,809,कृषि क्षेत्र
बंजरिया,7,810,कृषि क्षेत्र
बंजरिया,7,811,कृषि क्षेत्र
बंजरिया,7,816,आवासीय क्षेत्र
बंजरिया,7,817,आवासीय क्षेत्र
बंजरिया,7,818,आवासीय क्षेत्र
बंजरिया,7,821,आवासीय क्षेत्र
बंजरिया,7,833,आवासीय क्षेत्र
बंजरिया,7,834,आवासीय क्षेत्र
बंजरिया,7,835,कृषि क्षेत्र
बंजरिया,7,836,व्यावसायिक क्षेत्र
बंजरिया,7,837,कृषि क्षेत्र
बंजरिया,7,838,कृषि क्षेत्र
बंजरिया,7,839,कृषि क्षेत्र
बंजरिया,7,840,कृषि क्षेत्र
बंजरिया,7,841,कृषि क्षेत्र
बंजरिया,7,842,कृषि क्षेत्र
बंजरिया,7,843,आवासीय क्षेत्र
बंजरिया,7,844,आवासीय क्षेत्र
बंजरिया,7,852,आवासीय क्षेत्र
बंजरिया,7,859,कृषि क्षेत्र
बंजरिया,7,860,कृषि क्षेत्र
बंजरिया,7,863,आवासीय क्षेत्र
बंजरिया,7,864,आवासीय क्षेत्र
बंजरिया,7,873,कृषि क्षेत्र
बंजरिया,7,874,आवासीय क्षेत्र
बंजरिया,7,877,कृषि क्षेत्र
बंजरिया,7,897,आवासीय क्षेत्र
बंजरिया,7,926,कृषि क्षेत्र
बंजरिया,7,928,आवासीय क्षेत्र
बंजरिया,7,942,कृषि क्षेत्र
बंजरिया,7,943,कृषि क्षेत्र
बंजरिया,7,944,कृषि क्षेत्र
बंजरिया,7,945,कृषि क्षेत्र
बंजरिया,7,960,आवासीय क्षेत्र
बंजरिया,7,961,आवासीय क्षेत्र
बंजरिया,7,962,आवासीय क्षेत्र
बंजरिया,7,963,आवासीय क्षेत्र
बंजरिया,7,964,कृषि क्षेत्र
बंजरिया,7,965,कृषि क्षेत्र
बंजरिया,7,975,आवासीय क्षेत्र
बंजरिया,7,976,आवासीय क्षेत्र
बंजरिया,7,985,कृषि क्षेत्र
बंजरिया,7,986,कृषि क्षेत्र
बंजरिया,7,989,कृषि क्षेत्र
बंजरिया,7,991,कृषि क्षेत्र
बंजरिया,7,997,आवासीय क्षेत्र
बंजरिया,7,998,आवासीय क्षेत्र
बंजरिया,7,999,आवासीय क्षेत्र
बंजरिया,7,1001,आवासीय क्षेत्र
बंजरिया,7,1002,कृषि क्षेत्र
बंजरिया,7,1003,कृषि क्षेत्र
बंजरिया,7,1004,कृषि क्षेत्र
बंजरिया,7,1005,कृषि क्षेत्र
बंजरिया,7,1006,कृषि क्षेत्र
बंजरिया,7,1008,कृषि क्षेत्र
बंजरिया,7,1015,कृषि क्षेत्र
बंजरिया,7,1016,कृषि क्षेत्र
बंजरिया,7,1021,कृषि क्षेत्र
बंजरिया,7,1022,कृषि क्षेत्र
बंजरिया,7,1023,आवासीय क्षेत्र
बंजरिया,7,1024,आवासीय क्षेत्र
बंजरिया,7,1025,कृषि क्षेत्र
बंजरिया,7,1026,कृषि क्षेत्र
बंजरिया,7,1029,कृषि क्षेत्र
बंजरिया,7,1030,कृषि क्षेत्र
बंजरिया,7,1034,कृषि क्षेत्र
बंजरिया,7,1035,कृषि क्षेत्र
बंजरिया,7,1036,कृषि क्षेत्र
बंजरिया,7,1047,कृषि क्षेत्र
बंजरिया,7,1048,कृषि क्षेत्र
बंजरिया,7,1050,कृषि क्षेत्र
बंजरिया,7,1064,कृषि क्षेत्र
बंजरिया,7,1065,कृषि क्षेत्र
बंजरिया,7,1066,कृषि क्षेत्र
बंजरिया,7,1068,कृषि क्षेत्र
बंजरिया,7,1130,कृषि क्षेत्र
बंजरिया,7,1131,आवासीय क्षेत्र
बंजरिया,7,1151,आवासीय क्षेत्र
बंजरिया,7,1152,आवासीय क्षेत्र
बंजरिया,7,1153,आवासीय क्षेत्र
बंजरिया,7,1154,आवासीय क्षेत्र
बंजरिया,7,1155,आवासीय क्षेत्र
बंजरिया,7,1156,आवासीय क्षेत्र
बंजरिया,7,1157,कृषि क्षेत्र
बंजरिया,7,1158,कृषि क्षेत्र
बंजरिया,7,1159,कृषि क्षेत्र
बंजरिया,7,1172,कृषि क्षेत्र
बंजरिया,7,1173,कृषि क्षेत्र
बंजरिया,7,1191,कृषि क्षेत्र
बंजरिया,7,1192,कृषि क्षेत्र
बंजरिया,7,1193,कृषि क्षेत्र
बंजरिया,7,1206,आवासीय क्षेत्र
बंजरिया,7,1207,आवासीय क्षेत्र
बंजरिया,7,1208,आवासीय क्षेत्र
बंजरिया,7,1218,कृषि क्षेत्र
बंजरिया,7,1219,कृषि क्षेत्र
बंजरिया,7,1243,कृषि क्षेत्र
बंजरिया,7,1244,कृषि क्षेत्र
बंजरिया,7,1257,आवासीय क्षेत्र
बंजरिया,7,1258,कृषि क्षेत्र
बंजरिया,7,1258,आवासीय क्षेत्र
बंजरिया,7,1259,कृषि क्षेत्र
बंजरिया,7,1260,कृषि क्षेत्र
बंजरिया,7,1261,कृषि क्षेत्र
बंजरिया,7,1262,आवासीय क्षेत्र
बंजरिया,7,1263,आवासीय क्षेत्र
बंजरिया,7,1269,कृषि क्षेत्र
बंजरिया,7,1271,कृषि क्षेत्र
बंजरिया,7,1272,कृषि क्षेत्र
बंजरिया,7,1273,कृषि क्षेत्र
बंजरिया,7,1274,कृषि क्षेत्र
बंजरिया,7,1277,कृषि क्षेत्र
बंजरिया,7,1278,कृषि क्षेत्र
बंजरिया,7,1279,आवासीय क्षेत्र
बंजरिया,7,1282,कृषि क्षेत्र
बंजरिया,7,1283,कृषि क्षेत्र
बंजरिया,7,1284,कृषि क्षेत्र
बंजरिया,7,1287,कृषि क्षेत्र
बंजरिया,7,1288,कृषि क्षेत्र
बंजरिया,7,1289,कृषि क्षेत्र
बंजरिया,7,1305,कृषि क्षेत्र
बंजरिया,7,1307,कृषि क्षेत्र
बंजरिया,7,1329,आवासीय क्षेत्र
बंजरिया,7,1330,आवासीय क्षेत्र
बंजरिया,7,1339,कृषि क्षेत्र
बंजरिया,7,1340,कृषि क्षेत्र
बंजरिया,7,1341,कृषि क्षेत्र
बंजरिया,7,1342,कृषि क्षेत्र
बंजरिया,7,1343,कृषि क्षेत्र
बंजरिया,7,1344,कृषि क्षेत्र
बंजरिया,7,1354,कृषि क्षेत्र
बंजरिया,7,1355,कृषि क्षेत्र
बंजरिया,7,1356,कृषि क्षेत्र
बंजरिया,7,1357,कृषि क्षेत्र
बंजरिया,7,1358,कृषि क्षेत्र
बंजरिया,7,1359,कृषि क्षेत्र
बंजरिया,7,1362,आवासीय क्षेत्र
बंजरिया,7,1363,आवासीय क्षेत्र
बंजरिया,7,1396,कृषि क्षेत्र
बंजरिया,7,1397,कृषि क्षेत्र
बंजरिया,7,1402,कृषि क्षेत्र
बंजरिया,7,1403,कृषि क्षेत्र
बंजरिया,7,1404,कृषि क्षेत्र
बंजरिया,7,1405,कृषि क्षेत्र
बंजरिया,7,1408,कृषि क्षेत्र
बंजरिया,7,1409,कृषि क्षेत्र
बंजरिया,7,1412,आवासीय क्षेत्र
बंजरिया,7,1413,कृषि क्षेत्र
बंजरिया,7,1414,आवासीय क्षेत्र
बंजरिया,7,1415,आवासीय क्षेत्र
बंजरिया,7,1416,आवासीय क्षेत्र
बंजरिया,7,1417,आवासीय क्षेत्र
बंजरिया,7,1420,कृषि क्षेत्र
बंजरिया,7,1421,कृषि क्षेत्र
बंजरिया,7,1424,कृषि क्षेत्र
बंजरिया,7,1425,कृषि क्षेत्र
बंजरिया,7,1426,कृषि क्षेत्र
बंजरिया,7,1428,कृषि क्षेत्र
बंजरिया,7,1429,कृषि क्षेत्र
बंजरिया,7,1430,कृषि क्षेत्र
बंजरिया,7,1431,आवासीय क्षेत्र
बंजरिया,7,1432,आवासीय क्षेत्र
बंजरिया,7,1437,कृषि क्षेत्र
बंजरिया,7,1438,कृषि क्षेत्र
बंजरिया,7,1441,कृषि क्षेत्र
बंजरिया,7,1442,कृषि क्षेत्र
बंजरिया,7,1443,कृषि क्षेत्र
बंजरिया,7,1444,कृषि क्षेत्र
बंजरिया,7,1445,आवासीय क्षेत्र
बंजरिया,7,1446,आवासीय क्षेत्र
बंजरिया,7,1447,आवासीय क्षेत्र
बंजरिया,7,1448,आवासीय क्षेत्र
बंजरिया,7,1449,कृषि क्षेत्र
बंजरिया,7,1459,आवासीय क्षेत्र
बंजरिया,7,1460,आवासीय क्षेत्र
बंजरिया,7,1464,आवासीय क्षेत्र
बंजरिया,7,1465,आवासीय क्षेत्र
बंजरिया,7,1466,कृषि क्षेत्र
बंजरिया,7,1467,कृषि क्षेत्र
बंजरिया,7,1478,आवासीय क्षेत्र
बंजरिया,7,1479,आवासीय क्षेत्र
बंजरिया,7,1480,आवासीय क्षेत्र
बंजरिया,7,1481,आवासीय क्षेत्र
बंजरिया,7,1482,आवासीय क्षेत्र
बंजरिया,7,1483,आवासीय क्षेत्र
बंजरिया,7,1488,आवासीय क्षेत्र
बंजरिया,7,1489,आवासीय क्षेत्र
बंजरिया,7,1492,कृषि क्षेत्र
बंजरिया,7,1493,कृषि क्षेत्र
बंजरिया,7,1498,कृषि क्षेत्र
बंजरिया,7,1499,कृषि क्षेत्र
बंजरिया,7,1500,कृषि क्षेत्र
बंजरिया,7,1501,कृषि क्षेत्र
बंजरिया,7,1502,आवासीय क्षेत्र
बंजरिया,7,1503,आवासीय क्षेत्र
बंजरिया,7,1504,आवासीय क्षेत्र
बंजरिया,7,1505,आवासीय क्षेत्र
बंजरिया,7,1506,आवासीय क्षेत्र
बंजरिया,7,1507,आवासीय क्षेत्र
बंजरिया,7,1508,आवासीय क्षेत्र
बंजरिया,7,1509,कृषि क्षेत्र
बंजरिया,7,1510,कृषि क्षेत्र
बंजरिया,7,1515,आवासीय क्षेत्र
बंजरिया,7,1519,कृषि क्षेत्र
बंजरिया,7,1520,कृषि क्षेत्र
बंजरिया,7,1521,कृषि क्षेत्र
बंजरिया,7,1522,कृषि क्षेत्र
बंजरिया,7,1524,कृषि क्षेत्र
बंजरिया,7,1525,कृषि क्षेत्र
बंजरिया,7 ख,0,कृषि क्षेत्र
बंजरिया,7 ख,0,कृषि क्षेत्र
बंजरिया,7 ख,0,कृषि क्षेत्र
बंजरिया,7 ख,0,सार्वजनिक उपयोगको क्षेत्र
बंजरिया,7 ख,1,कृषि क्षेत्र
बंजरिया,7 ख,2,कृषि क्षेत्र
बंजरिया,7 ख,5,कृषि क्षेत्र
बंजरिया,7 ख,7,कृषि क्षेत्र
बंजरिया,7 ख,9,कृषि क्षेत्र
बंजरिया,7 ख,10,कृषि क्षेत्र
बंजरिया,7 ख,13,कृषि क्षेत्र
बंजरिया,7 ख,14,कृषि क्षेत्र
बंजरिया,7 ख,15,कृषि क्षेत्र
बंजरिया,7 ख,17,कृषि क्षेत्र
बंजरिया,7 ख,21,कृषि क्षेत्र
बंजरिया,7 ख,28,कृषि क्षेत्र
बंजरिया,7 ख,30,कृषि क्षेत्र
बंजरिया,7 ख,31,कृषि क्षेत्र
बंजरिया,7 ख,33,कृषि क्षेत्र
बंजरिया,7 ख,37,आवासीय क्षेत्र
बंजरिया,7 ख,41,कृषि क्षेत्र
बंजरिया,7 ख,43,कृषि क्षेत्र
बंजरिया,7 ख,44,कृषि क्षेत्र
बंजरिया,7 ख,47,आवासीय क्षेत्र
बंजरिया,7 ख,50,आवासीय क्षेत्र
बंजरिया,7 ख,51,आवासीय क्षेत्र
बंजरिया,7 ख,55,कृषि क्षेत्र
बंजरिया,7 ख,58,कृषि क्षेत्र
बंजरिया,7 ख,59,कृषि क्षेत्र
बंजरिया,7 ख,60,कृषि क्षेत्र
बंजरिया,7 ख,63,कृषि क्षेत्र
बंजरिया,7 ख,64,कृषि क्षेत्र
बंजरिया,7 ख,65,कृषि क्षेत्र
बंजरिया,7 ख,66,कृषि क्षेत्र
बंजरिया,7 ख,67,कृषि क्षेत्र
बंजरिया,7 ख,68,कृषि क्षेत्र
बंजरिया,7 ख,69,कृषि क्षेत्र
बंजरिया,7 ख,70,सार्वजनिक उपयोगको क्षेत्र
बंजरिया,7 ख,71,औद्योगिक क्षेत्र
बंजरिया,7 ख,74,आवासीय क्षेत्र
बंजरिया,7 ख,78,कृषि क्षेत्र
बंजरिया,7 ख,79,"नदी, खोला, ताल, सिमसार क्षेत्र"
बंजरिया,7 ख,81,कृषि क्षेत्र
बंजरिया,7 ख,83,कृषि क्षेत्र
बंजरिया,7 ख,84,कृषि क्षेत्र
बंजरिया,7 ख,85,कृषि क्षेत्र
बंजरिया,7 ख,87,कृषि क्षेत्र
बंजरिया,7 ख,88,कृषि क्षेत्र
बंजरिया,7 ख,90,कृषि क्षेत्र
बंजरिया,7 ख,92,कृषि क्षेत्र
बंजरिया,7 ख,94,कृषि क्षेत्र
बंजरिया,7 ख,95,कृषि क्षेत्र
बंजरिया,7 ख,96,आवासीय क्षेत्र
बंजरिया,7 ख,100,कृषि क्षेत्र
बंजरिया,7 ख,102,कृषि क्षेत्र
बंजरिया,7 ख,104,कृषि क्षेत्र
बंजरिया,7 ख,106,कृषि क्षेत्र
बंजरिया,7 ख,107,कृषि क्षेत्र
बंजरिया,7 ख,108,कृषि क्षेत्र
बंजरिया,7 ख,109,कृषि क्षेत्र
बंजरिया,7 ख,110,कृषि क्षेत्र
बंजरिया,7 ख,112,कृषि क्षेत्र
बंजरिया,7 ख,114,कृषि क्षेत्र
बंजरिया,7 ख,115,कृषि क्षेत्र
बंजरिया,7 ख,116,कृषि क्षेत्र
बंजरिया,7 ख,118,कृषि क्षेत्र
बंजरिया,7 ख,122,कृषि क्षेत्र
बंजरिया,7 ख,124,कृषि क्षेत्र
बंजरिया,7 ख,125,कृषि क्षेत्र
बंजरिया,7 ख,126,कृषि क्षेत्र
बंजरिया,7 ख,127,कृषि क्षेत्र
बंजरिया,7 ख,128,कृषि क्षेत्र
बंजरिया,7 ख,129,कृषि क्षेत्र
बंजरिया,7 ख,132,कृषि क्षेत्र
बंजरिया,7 ख,133,कृषि क्षेत्र
बंजरिया,7 ख,134,कृषि क्षेत्र
बंजरिया,7 ख,135,कृषि क्षेत्र
बंजरिया,7 ख,136,कृषि क्षेत्र
बंजरिया,7 ख,137,औद्योगिक क्षेत्र
बंजरिया,7 ख,138,औद्योगिक क्षेत्र
बंजरिया,7 ख,139,औद्योगिक क्षेत्र
बंजरिया,7 ख,140,कृषि क्षेत्र
बंजरिया,7 ख,142,कृषि क्षेत्र
बंजरिया,7 ख,144,कृषि क्षेत्र
बंजरिया,7 ख,145,कृषि क्षेत्र
बंजरिया,7 ख,146,कृषि क्षेत्र
बंजरिया,7 ख,147,कृषि क्षेत्र
बंजरिया,7 ख,148,कृषि क्षेत्र
बंजरिया,7 ख,149,कृषि क्षेत्र
बंजरिया,7 ख,150,कृषि क्षेत्र
बंजरिया,7 ख,151,कृषि क्षेत्र
बंजरिया,7 ख,152,आवासीय क्षेत्र
बंजरिया,7 ख,153,आवासीय क्षेत्र
बंजरिया,7 ख,154,आवासीय क्षेत्र
बंजरिया,7 ख,155,आवासीय क्षेत्र
बंजरिया,7 ख,156,आवासीय क्षेत्र
बंजरिया,7 ख,158,कृषि क्षेत्र
बंजरिया,7 ख,162,आवासीय क्षेत्र
बंजरिया,7 ख,166,आवासीय क्षेत्र
बंजरिया,7 ख,169,आवासीय क्षेत्र
बंजरिया,7 ख,174,कृषि क्षेत्र
बंजरिया,7 ख,175,कृषि क्षेत्र
बंजरिया,7 ख,176,आवासीय क्षेत्र
बंजरिया,7 ख,177,आवासीय क्षेत्र
बंजरिया,7 ख,189,कृषि क्षेत्र
बंजरिया,7 ख,190,कृषि क्षेत्र
बंजरिया,7 ख,191,कृषि क्षेत्र
बंजरिया,7 ख,192,कृषि क्षेत्र
बंजरिया,7 ख,193,कृषि क्षेत्र
बंजरिया,7 ख,194,कृषि क्षेत्र
बंजरिया,7 ख,195,आवासीय क्षेत्र
बंजरिया,7 ख,196,आवासीय क्षेत्र
बंजरिया,7 ख,209,कृषि क्षेत्र
बंजरिया,7 ख,210,कृषि क्षेत्र
बंजरिया,7 ख,212,कृषि क्षेत्र
बंजरिया,7 ख,213,आवासीय क्षेत्र
बंजरिया,7 ख,214,आवासीय क्षेत्र
बंजरिया,7 ख,215,कृषि क्षेत्र
बंजरिया,7 ख,219,कृषि क्षेत्र
बंजरिया,7 ख,222,कृषि क्षेत्र
बंजरिया,7 ख,225,आवासीय क्षेत्र
बंजरिया,7 ख,226,आवासीय क्षेत्र
बंजरिया,7 ख,228,आवासीय क्षेत्र
बंजरिया,7 ख,231,आवासीय क्षेत्र
बंजरिया,7 ख,233,आवासीय क्षेत्र
बंजरिया,7 ख,237,कृषि क्षेत्र
बंजरिया,7 ख,238,कृषि क्षेत्र
बंजरिया,7 ख,249,आवासीय क्षेत्र
बंजरिया,7 ख,250,आवासीय क्षेत्र
बंजरिया,7 ख,253,कृषि क्षेत्र
बंजरिया,7 ख,254,कृषि क्षेत्र
बंजरिया,7 ख,264,कृषि क्षेत्र
बंजरिया,7 ख,265,कृषि क्षेत्र
बंजरिया,7 ख,266,कृषि क्षेत्र
बंजरिया,7 ख,267,कृषि क्षेत्र
बंजरिया,7 ख,268,कृषि क्षेत्र
बंजरिया,7 ख,269,कृषि क्षेत्र
बंजरिया,7 ख,270,कृषि क्षेत्र
बंजरिया,7 ख,271,कृषि क्षेत्र
बंजरिया,7 ख,272,कृषि क्षेत्र
बंजरिया,7 ख,273,कृषि क्षेत्र
बंजरिया,7 ख,274,कृषि क्षेत्र
बंजरिया,7 ख,275,आवासीय क्षेत्र
बंजरिया,7 ख,276,आवासीय क्षेत्र
बंजरिया,7 ख,277,आवासीय क्षेत्र
बंजरिया,7 ख,278,आवासीय क्षेत्र
बंजरिया,7 ख,289,आवासीय क्षेत्र
बंजरिया,7 ख,290,आवासीय क्षेत्र
बंजरिया,7 ख,297,आवासीय क्षेत्र
बंजरिया,7 ख,299,आवासीय क्षेत्र
बंजरिया,7 ख,300,आवासीय क्षेत्र
बंजरिया,7 ख,301,कृषि क्षेत्र
बंजरिया,7 ख,302,कृषि क्षेत्र
बंजरिया,7 ख,303,आवासीय क्षेत्र
बंजरिया,7 ख,304,आवासीय क्षेत्र
बंजरिया,7 ख,305,कृषि क्षेत्र
बंजरिया,7 ख,307,कृषि क्षेत्र
बंजरिया,7 ख,308,कृषि क्षेत्र
बंजरिया,7 ख,309,आवासीय क्षेत्र
बंजरिया,7 ख,310,आवासीय क्षेत्र
बंजरिया,7 गाउँ,0,आवासीय क्षेत्र
बंजरिया,7 गाउँ,0,आवासीय क्षेत्र
बंजरिया,7 गाउँ,0,आवासीय क्षेत्र
बंजरिया,7 गाउँ,0,आवासीय क्षेत्र
बंजरिया,7 गाउँ,0,आवासीय क्षेत्र
बंजरिया,7 गाउँ,0,आवासीय क्षेत्र
बंजरिया,7 गाउँ,0,आवासीय क्षेत्र
बंजरिया,7 गाउँ,0,आवासीय क्षेत्र
बंजरिया,7 गाउँ,0,आवासीय क्षेत्र
बंजरिया,7 गाउँ,0,आवासीय क्षेत्र
बंजरिया,7 गाउँ,0,आवासीय क्षेत्र
बंजरिया,7 गाउँ,0,आवासीय क्षेत्र
बंजरिया,7 गाउँ,0,आवासीय क्षेत्र
बंजरिया,7 गाउँ,0,आवासीय क्षेत्र
बंजरिया,7 गाउँ,0,आवासीय क्षेत्र
बंजरिया,7 गाउँ,0,आवासीय क्षेत्र
बंजरिया,7 गाउँ,0,आवासीय क्षेत्र
बंजरिया,7 गाउँ,0,आवासीय क्षेत्र
बंजरिया,7 गाउँ,0,आवासीय क्षेत्र
बंजरिया,7 गाउँ,0,आवासीय क्षेत्र
बंजरिया,7 गाउँ,0,आवासीय क्षेत्र
बंजरिया,7 गाउँ,0,आवासीय क्षेत्र
बंजरिया,7 गाउँ,0,आवासीय क्षेत्र
बंजरिया,7 गाउँ,0,सार्वजनिक उपयोगको क्षेत्र
बंजरिया,7 गाउँ,0,सार्वजनिक उपयोगको क्षेत्र
बंजरिया,7 गाउँ,6,आवासीय क्षेत्र
बंजरिया,7 गाउँ,7,आवासीय क्षेत्र
बंजरिया,7 गाउँ,8,आवासीय क्षेत्र
बंजरिया,7 गाउँ,16,आवासीय क्षेत्र
बंजरिया,7 गाउँ,19,आवासीय क्षेत्र
बंजरिया,7 गाउँ,20,आवासीय क्षेत्र
बंजरिया,7 गाउँ,21,आवासीय क्षेत्र
बंजरिया,7 गाउँ,22,आवासीय क्षेत्र
बंजरिया,7 गाउँ,24,आवासीय क्षेत्र
बंजरिया,7 गाउँ,25,आवासीय क्षेत्र
बंजरिया,7 गाउँ,27,आवासीय क्षेत्र
बंजरिया,7 गाउँ,37,आवासीय क्षेत्र
बंजरिया,7 गाउँ,38,आवासीय क्षेत्र
बंजरिया,7 गाउँ,39,आवासीय क्षेत्र
बंजरिया,7 गाउँ,40,आवासीय क्षेत्र
बंजरिया,7 गाउँ,43,आवासीय क्षेत्र
बंजरिया,7 गाउँ,45,आवासीय क्षेत्र
बंजरिया,7 गाउँ,46,आवासीय क्षेत्र
बंजरिया,7 गाउँ,48,आवासीय क्षेत्र
बंजरिया,7 गाउँ,49,आवासीय क्षेत्र
बंजरिया,7 गाउँ,50,आवासीय क्षेत्र
बंजरिया,7 गाउँ,51,आवासीय क्षेत्र
बंजरिया,7 गाउँ,52,आवासीय क्षेत्र
बंजरिया,7 गाउँ,53,आवासीय क्षेत्र
बंजरिया,7 गाउँ,54,आवासीय क्षेत्र
बंजरिया,7 गाउँ,55,आवासीय क्षेत्र
बंजरिया,7 गाउँ,56,आवासीय क्षेत्र
बंजरिया,7 गाउँ,57,आवासीय क्षेत्र
बंजरिया,7 गाउँ,59,आवासीय क्षेत्र
बंजरिया,7 गाउँ,62,आवासीय क्षेत्र
बंजरिया,7 गाउँ,63,आवासीय क्षेत्र
बंजरिया,7 गाउँ,63,आवासीय क्षेत्र
बंजरिया,7 गाउँ,68,सार्वजनिक उपयोगको क्षेत्र
बंजरिया,7 गाउँ,72,आवासीय क्षेत्र
बंजरिया,7 गाउँ,74,आवासीय क्षेत्र
बंजरिया,7 गाउँ,75,आवासीय क्षेत्र
बंजरिया,7 गाउँ,77,आवासीय क्षेत्र
बंजरिया,7 गाउँ,78,आवासीय क्षेत्र
बंजरिया,7 गाउँ,81,आवासीय क्षेत्र
बंजरिया,7 गाउँ,82,आवासीय क्षेत्र
बंजरिया,7 गाउँ,85,आवासीय क्षेत्र
बंजरिया,7 गाउँ,86,आवासीय क्षेत्र
बंजरिया,7 गाउँ,87,आवासीय क्षेत्र
बंजरिया,7 गाउँ,90,आवासीय क्षेत्र
बंजरिया,7 गाउँ,92,आवासीय क्षेत्र
बंजरिया,7 गाउँ,93,आवासीय क्षेत्र
बंजरिया,7 गाउँ,102,आवासीय क्षेत्र
बंजरिया,7 गाउँ,103,आवासीय क्षेत्र
बंजरिया,7 गाउँ,108,आवासीय क्षेत्र
बंजरिया,7 गाउँ,109,आवासीय क्षेत्र
बंजरिया,7 गाउँ,110,आवासीय क्षेत्र
बंजरिया,7 गाउँ,111,आवासीय क्षेत्र
बंजरिया,7 गाउँ,112,आवासीय क्षेत्र
बंजरिया,7 गाउँ,115,आवासीय क्षेत्र
बंजरिया,7 गाउँ,120,आवासीय क्षेत्र
बंजरिया,7 गाउँ,121,आवासीय क्षेत्र
बंजरिया,7 गाउँ,122,आवासीय क्षेत्र
बंजरिया,7 गाउँ,123,आवासीय क्षेत्र
बंजरिया,7 गाउँ,125,आवासीय क्षेत्र
बंजरिया,7 गाउँ,126,आवासीय क्षेत्र
बंजरिया,7 गाउँ,127,आवासीय क्षेत्र
बंजरिया,7 गाउँ,128,आवासीय क्षेत्र
बंजरिया,7 गाउँ,129,आवासीय क्षेत्र
बंजरिया,7 गाउँ,130,आवासीय क्षेत्र
बंजरिया,7 गाउँ,132,आवासीय क्षेत्र
बंजरिया,7 गाउँ,133,आवासीय क्षेत्र
बंजरिया,7 गाउँ,134,आवासीय क्षेत्र
बंजरिया,7 गाउँ,135,आवासीय क्षेत्र
बंजरिया,7 गाउँ,139,आवासीय क्षेत्र
बंजरिया,7 गाउँ,140,आवासीय क्षेत्र
बंजरिया,7 गाउँ,141,आवासीय क्षेत्र
बंजरिया,7 गाउँ,143,आवासीय क्षेत्र
बंजरिया,7 गाउँ,144,आवासीय क्षेत्र
बंजरिया,7 गाउँ,151,आवासीय क्षेत्र
बंजरिया,7 गाउँ,152,आवासीय क्षेत्र
बंजरिया,7 गाउँ,153,आवासीय क्षेत्र
बंजरिया,7 गाउँ,154,आवासीय क्षेत्र
बंजरिया,7 गाउँ,155,आवासीय क्षेत्र
बंजरिया,7 गाउँ,157,आवासीय क्षेत्र
बंजरिया,7 गाउँ,159,आवासीय क्षेत्र
बंजरिया,7 गाउँ,160,आवासीय क्षेत्र
बंजरिया,7 गाउँ,162,आवासीय क्षेत्र
बंजरिया,7 गाउँ,163,आवासीय क्षेत्र
बंजरिया,7 गाउँ,164,आवासीय क्षेत्र
बंजरिया,7 गाउँ,165,आवासीय क्षेत्र
बंजरिया,7 गाउँ,166,आवासीय क्षेत्र
बंजरिया,7 गाउँ,167,आवासीय क्षेत्र
बंजरिया,7 गाउँ,170,आवासीय क्षेत्र
बंजरिया,7 गाउँ,173,आवासीय क्षेत्र
बंजरिया,7 गाउँ,177,आवासीय क्षेत्र
बंजरिया,7 गाउँ,178,आवासीय क्षेत्र
बंजरिया,7 गाउँ,181,आवासीय क्षेत्र
बंजरिया,7 गाउँ,182,आवासीय क्षेत्र
बंजरिया,7 गाउँ,182,आवासीय क्षेत्र
बंजरिया,7 गाउँ,183,आवासीय क्षेत्र
बंजरिया,7 गाउँ,184,आवासीय क्षेत्र
बंजरिया,7 गाउँ,189,आवासीय क्षेत्र
बंजरिया,7 गाउँ,190,आवासीय क्षेत्र
बंजरिया,7 गाउँ,191,आवासीय क्षेत्र
बंजरिया,7 गाउँ,192,आवासीय क्षेत्र
बंजरिया,7 गाउँ,193,आवासीय क्षेत्र
बंजरिया,7 गाउँ,194,आवासीय क्षेत्र
बंजरिया,7 गाउँ,195,आवासीय क्षेत्र
बंजरिया,7 गाउँ,196,आवासीय क्षेत्र
बंजरिया,7 गाउँ,197,आवासीय क्षेत्र
बंजरिया,7 गाउँ,198,आवासीय क्षेत्र
बंजरिया,7 गाउँ,199,आवासीय क्षेत्र
बंजरिया,7 गाउँ,200,आवासीय क्षेत्र
बंजरिया,7 गाउँ,201,आवासीय क्षेत्र
बंजरिया,7 गाउँ,202,आवासीय क्षेत्र
बंजरिया,7 गाउँ,203,आवासीय क्षेत्र
बंजरिया,7 गाउँ,204,आवासीय क्षेत्र
बंजरिया,7 गाउँ,210,आवासीय क्षेत्र
बंजरिया,7 गाउँ,211,आवासीय क्षेत्र
बंजरिया,7 गाउँ,212,आवासीय क्षेत्र
बंजरिया,7 गाउँ,213,आवासीय क्षेत्र
बंजरिया,7 गाउँ,214,आवासीय क्षेत्र
बंजरिया,7 गाउँ,215,आवासीय क्षेत्र
बंजरिया,7 गाउँ,216,आवासीय क्षेत्र
बंजरिया,7 गाउँ,217,आवासीय क्षेत्र
बंजरिया,7 गाउँ,218,आवासीय क्षेत्र
बंजरिया,7 गाउँ,219,आवासीय क्षेत्र
बंजरिया,7 गाउँ,220,आवासीय क्षेत्र
बंजरिया,7 गाउँ,221,आवासीय क्षेत्र
बंजरिया,7 गाउँ,222,आवासीय क्षेत्र
बंजरिया,7 गाउँ,229,आवासीय क्षेत्र
बंजरिया,7 गाउँ,230,आवासीय क्षेत्र
बंजरिया,7 गाउँ,231,आवासीय क्षेत्र
बंजरिया,7 गाउँ,232,आवासीय क्षेत्र
बंजरिया,7 गाउँ,233,आवासीय क्षेत्र
बंजरिया,7 गाउँ,239,आवासीय क्षेत्र
बंजरिया,7 गाउँ,240,आवासीय क्षेत्र
बंजरिया,7 गाउँ,243,आवासीय क्षेत्र
बंजरिया,7 गाउँ,244,आवासीय क्षेत्र
बंजरिया,7 गाउँ,245,आवासीय क्षेत्र
बंजरिया,7 गाउँ,246,आवासीय क्षेत्र
बंजरिया,7 गाउँ,251,आवासीय क्षेत्र
बंजरिया,7 गाउँ,252,आवासीय क्षेत्र
बंजरिया,7 गाउँ,253,आवासीय क्षेत्र
बंजरिया,7 गाउँ,254,आवासीय क्षेत्र
बंजरिया,7 गाउँ,255,आवासीय क्षेत्र
बंजरिया,7 गाउँ,256,आवासीय क्षेत्र
बंजरिया,7 गाउँ,257,आवासीय क्षेत्र
बंजरिया,7 गाउँ,258,आवासीय क्षेत्र
बंजरिया,8,0,कृषि क्षेत्र
बंजरिया,8,0,कृषि क्षेत्र
बंजरिया,8,0,कृषि क्षेत्र
बंजरिया,8,0,कृषि क्षेत्र
बंजरिया,8,0,कृषि क्षेत्र
बंजरिया,8,0,कृषि क्षेत्र
बंजरिया,8,0,कृषि क्षेत्र
बंजरिया,8,0,कृषि क्षेत्र
बंजरिया,8,0,आवासीय क्षेत्र
बंजरिया,8,0,कृषि क्षेत्र
बंजरिया,8,0,कृषि क्षेत्र
बंजरिया,8,0,कृषि क्षेत्र
बंजरिया,8,0,कृषि क्षेत्र
बंजरिया,8,0,कृषि क्षेत्र
बंजरिया,8,0,कृषि क्षेत्र
बंजरिया,8,0,कृषि क्षेत्र
बंजरिया,8,0,आवासीय क्षेत्र
बंजरिया,8,0,आवासीय क्षेत्र
बंजरिया,8,0,कृषि क्षेत्र
बंजरिया,8,0,कृषि क्षेत्र
बंजरिया,8,0,आवासीय क्षेत्र
बंजरिया,8,0,आवासीय क्षेत्र
बंजरिया,8,0,आवासीय क्षेत्र
बंजरिया,8,0,आवासीय क्षेत्र
बंजरिया,8,0,कृषि क्षेत्र
बंजरिया,8,0,कृषि क्षेत्र
बंजरिया,8,0,सार्वजनिक उपयोगको क्षेत्र
बंजरिया,8,0,कृषि क्षेत्र
बंजरिया,8,0,आवासीय क्षेत्र
बंजरिया,8,0,कृषि क्षेत्र
बंजरिया,8,0,कृषि क्षेत्र
बंजरिया,8,0,कृषि क्षेत्र
बंजरिया,8,0,कृषि क्षेत्र
बंजरिया,8,0,कृषि क्षेत्र
बंजरिया,8,0,कृषि क्षेत्र
बंजरिया,8,0,कृषि क्षेत्र
बंजरिया,8,0,कृषि क्षेत्र
बंजरिया,8,0,कृषि क्षेत्र
बंजरिया,8,0,कृषि क्षेत्र
बंजरिया,8,0,कृषि क्षेत्र
बंजरिया,8,0,कृषि क्षेत्र
बंजरिया,8,5,कृषि क्षेत्र
बंजरिया,8,6,कृषि क्षेत्र
बंजरिया,8,9,कृषि क्षेत्र
बंजरिया,8,10,कृषि क्षेत्र
बंजरिया,8,11,कृषि क्षेत्र
बंजरिया,8,12,कृषि क्षेत्र
बंजरिया,8,14,कृषि क्षेत्र
बंजरिया,8,17,कृषि क्षेत्र
बंजरिया,8,20,कृषि क्षेत्र
बंजरिया,8,22,कृषि क्षेत्र
बंजरिया,8,23,कृषि क्षेत्र
बंजरिया,8,24,कृषि क्षेत्र
बंजरिया,8,25,कृषि क्षेत्र
बंजरिया,8,26,कृषि क्षेत्र
बंजरिया,8,28,कृषि क्षेत्र
बंजरिया,8,29,कृषि क्षेत्र
बंजरिया,8,29,सार्वजनिक उपयोगको क्षेत्र
बंजरिया,8,30,कृषि क्षेत्र
बंजरिया,8,32,कृषि क्षेत्र
बंजरिया,8,33,कृषि क्षेत्र
बंजरिया,8,35,कृषि क्षेत्र
बंजरिया,8,36,कृषि क्षेत्र
बंजरिया,8,37,कृषि क्षेत्र
बंजरिया,8,39,कृषि क्षेत्र
बंजरिया,8,42,कृषि क्षेत्र
बंजरिया,8,43,कृषि क्षेत्र
बंजरिया,8,44,कृषि क्षेत्र
बंजरिया,8,47,कृषि क्षेत्र
बंजरिया,8,48,कृषि क्षेत्र
बंजरिया,8,49,कृषि क्षेत्र
बंजरिया,8,50,कृषि क्षेत्र
बंजरिया,8,52,कृषि क्षेत्र
बंजरिया,8,54,कृषि क्षेत्र
बंजरिया,8,60,कृषि क्षेत्र
बंजरिया,8,61,कृषि क्षेत्र
बंजरिया,8,62,कृषि क्षेत्र
बंजरिया,8,63,कृषि क्षेत्र
बंजरिया,8,67,कृषि क्षेत्र
बंजरिया,8,68,कृषि क्षेत्र
बंजरिया,8,69,आवासीय क्षेत्र
बंजरिया,8,70,कृषि क्षेत्र
बंजरिया,8,72,कृषि क्षेत्र
बंजरिया,8,73,कृषि क्षेत्र
बंजरिया,8,74,आवासीय क्षेत्र
बंजरिया,8,75,कृषि क्षेत्र
बंजरिया,8,76,कृषि क्षेत्र
बंजरिया,8,80,कृषि क्षेत्र
बंजरिया,8,81,आवासीय क्षेत्र
बंजरिया,8,82,आवासीय क्षेत्र
बंजरिया,8,84,कृषि क्षेत्र
बंजरिया,8,88,कृषि क्षेत्र
बंजरिया,8,89,कृषि क्षेत्र
बंजरिया,8,90,आवासीय क्षेत्र
बंजरिया,8,91,आवासीय क्षेत्र
बंजरिया,8,92,आवासीय क्षेत्र
बंजरिया,8,94,आवासीय क्षेत्र
बंजरिया,8,95,आवासीय क्षेत्र
बंजरिया,8,96,आवासीय क्षेत्र
बंजरिया,8,97,आवासीय क्षेत्र
बंजरिया,8,99,कृषि क्षेत्र
बंजरिया,8,100,कृषि क्षेत्र
बंजरिया,8,103,कृषि क्षेत्र
बंजरिया,8,104,कृषि क्षेत्र
बंजरिया,8,107,आवासीय क्षेत्र
बंजरिया,8,109,आवासीय क्षेत्र
बंजरिया,8,114,कृषि क्षेत्र
बंजरिया,8,116,कृषि क्षेत्र
बंजरिया,8,117,कृषि क्षेत्र
बंजरिया,8,119,कृषि क्षेत्र
बंजरिया,8,120,कृषि क्षेत्र
बंजरिया,8,121,कृषि क्षेत्र
बंजरिया,8,122,कृषि क्षेत्र
बंजरिया,8,123,कृषि क्षेत्र
बंजरिया,8,124,कृषि क्षेत्र
बंजरिया,8,125,कृषि क्षेत्र
बंजरिया,8,126,कृषि क्षेत्र
बंजरिया,8,127,कृषि क्षेत्र
बंजरिया,8,128,कृषि क्षेत्र
बंजरिया,8,130,कृषि क्षेत्र
बंजरिया,8,131,कृषि क्षेत्र
बंजरिया,8,132,कृषि क्षेत्र
बंजरिया,8,134,कृषि क्षेत्र
बंजरिया,8,135,कृषि क्षेत्र
बंजरिया,8,136,कृषि क्षेत्र
बंजरिया,8,137,आवासीय क्षेत्र
बंजरिया,8,140,आवासीय क्षेत्र
बंजरिया,8,141,कृषि क्षेत्र
बंजरिया,8,143,आवासीय क्षेत्र
बंजरिया,8,144,आवासीय क्षेत्र
बंजरिया,8,145,कृषि क्षेत्र
बंजरिया,8,148,कृषि क्षेत्र
बंजरिया,8,150,आवासीय क्षेत्र
बंजरिया,8,151,आवासीय क्षेत्र
बंजरिया,8,152,आवासीय क्षेत्र
बंजरिया,8,153,आवासीय क्षेत्र
बंजरिया,8,154,आवासीय क्षेत्र
बंजरिया,8,156,आवासीय क्षेत्र
बंजरिया,8,159,कृषि क्षेत्र
बंजरिया,8,160,कृषि क्षेत्र
बंजरिया,8,161,कृषि क्षेत्र
बंजरिया,8,163,कृषि क्षेत्र
बंजरिया,8,164,कृषि क्षेत्र
बंजरिया,8,166,कृषि क्षेत्र
बंजरिया,8,168,कृषि क्षेत्र
बंजरिया,8,169,कृषि क्षेत्र
बंजरिया,8,170,कृषि क्षेत्र
बंजरिया,8,171,कृषि क्षेत्र
बंजरिया,8,172,कृषि क्षेत्र
बंजरिया,8,173,कृषि क्षेत्र
बंजरिया,8,174,कृषि क्षेत्र
बंजरिया,8,175,कृषि क्षेत्र
बंजरिया,8,176,कृषि क्षेत्र
बंजरिया,8,178,कृषि क्षेत्र
बंजरिया,8,179,कृषि क्षेत्र
बंजरिया,8,180,कृषि क्षेत्र
बंजरिया,8,181,कृषि क्षेत्र
बंजरिया,8,182,कृषि क्षेत्र
बंजरिया,8,183,कृषि क्षेत्र
बंजरिया,8,184,कृषि क्षेत्र
बंजरिया,8,185,कृषि क्षेत्र
बंजरिया,8,187,कृषि क्षेत्र
बंजरिया,8,188,कृषि क्षेत्र
बंजरिया,8,190,कृषि क्षेत्र
बंजरिया,8,191,कृषि क्षेत्र
बंजरिया,8,194,कृषि क्षेत्र
बंजरिया,8,195,कृषि क्षेत्र
बंजरिया,8,197,कृषि क्षेत्र
बंजरिया,8,199,कृषि क्षेत्र
बंजरिया,8,200,कृषि क्षेत्र
बंजरिया,8,201,कृषि क्षेत्र
बंजरिया,8,202,कृषि क्षेत्र
बंजरिया,8,210,कृषि क्षेत्र
बंजरिया,8,214,कृषि क्षेत्र
बंजरिया,8,218,कृषि क्षेत्र
बंजरिया,8,220,कृषि क्षेत्र
बंजरिया,8,221,कृषि क्षेत्र
बंजरिया,8,223,आवासीय क्षेत्र
बंजरिया,8,224,आवासीय क्षेत्र
बंजरिया,8,225,आवासीय क्षेत्र
बंजरिया,8,226,आवासीय क्षेत्र
बंजरिया,8,227,कृषि क्षेत्र
बंजरिया,8,228,आवासीय क्षेत्र
बंजरिया,8,229,आवासीय क्षेत्र
बंजरिया,8,233,आवासीय क्षेत्र
बंजरिया,8,234,आवासीय क्षेत्र
बंजरिया,8,236,आवासीय क्षेत्र
बंजरिया,8,238,आवासीय क्षेत्र
बंजरिया,8,242,कृषि क्षेत्र
बंजरिया,8,244,कृषि क्षेत्र
बंजरिया,8,247,कृषि क्षेत्र
बंजरिया,8,248,कृषि क्षेत्र
बंजरिया,8,249,कृषि क्षेत्र
बंजरिया,8,250,आवासीय क्षेत्र
बंजरिया,8,251,आवासीय क्षेत्र
बंजरिया,8,252,कृषि क्षेत्र
बंजरिया,8,253,कृषि क्षेत्र
बंजरिया,8,254,कृषि क्षेत्र
बंजरिया,8,256,कृषि क्षेत्र
बंजरिया,8,262,कृषि क्षेत्र
बंजरिया,8,267,कृषि क्षेत्र
बंजरिया,8,268,कृषि क्षेत्र
बंजरिया,8,269,कृषि क्षेत्र
बंजरिया,8,269,आवासीय क्षेत्र
बंजरिया,8,270,आवासीय क्षेत्र
बंजरिया,8,271,आवासीय क्षेत्र
बंजरिया,8,273,आवासीय क्षेत्र
बंजरिया,8,274,आवासीय क्षेत्र
बंजरिया,8,275,आवासीय क्षेत्र
बंजरिया,8,276,आवासीय क्षेत्र
बंजरिया,8,280,आवासीय क्षेत्र
बंजरिया,8,282,आवासीय क्षेत्र
बंजरिया,8,283,आवासीय क्षेत्र
बंजरिया,8,284,आवासीय क्षेत्र
बंजरिया,8,286,आवासीय क्षेत्र
बंजरिया,8,287,आवासीय क्षेत्र
बंजरिया,8,287,आवासीय क्षेत्र
बंजरिया,8,288,आवासीय क्षेत्र
बंजरिया,8,290,कृषि क्षेत्र
बंजरिया,8,292,कृषि क्षेत्र
बंजरिया,8,294,कृषि क्षेत्र
बंजरिया,8,296,आवासीय क्षेत्र
बंजरिया,8,297,कृषि क्षेत्र
बंजरिया,8,298,आवासीय क्षेत्र
बंजरिया,8,299,आवासीय क्षेत्र
बंजरिया,8,300,"नदी, खोला, ताल, सिमसार क्षेत्र"
बंजरिया,8,301,आवासीय क्षेत्र
बंजरिया,8,302,कृषि क्षेत्र
बंजरिया,8,303,कृषि क्षेत्र
बंजरिया,8,304,कृषि क्षेत्र
बंजरिया,8,306,कृषि क्षेत्र
बंजरिया,8,307,कृषि क्षेत्र
बंजरिया,8,308,कृषि क्षेत्र
बंजरिया,8,309,कृषि क्षेत्र
बंजरिया,8,310,कृषि क्षेत्र
बंजरिया,8,311,कृषि क्षेत्र
बंजरिया,8,312,कृषि क्षेत्र
बंजरिया,8,313,कृषि क्षेत्र
बंजरिया,8,315,आवासीय क्षेत्र
बंजरिया,8,318,कृषि क्षेत्र
बंजरिया,8,319,कृषि क्षेत्र
बंजरिया,8,320,कृषि क्षेत्र
बंजरिया,8,321,कृषि क्षेत्र
बंजरिया,8,323,कृषि क्षेत्र
बंजरिया,8,324,कृषि क्षेत्र
बंजरिया,8,330,कृषि क्षेत्र
बंजरिया,8,331,कृषि क्षेत्र
बंजरिया,8,332,कृषि क्षेत्र
बंजरिया,8,335,कृषि क्षेत्र
बंजरिया,8,336,कृषि क्षेत्र
बंजरिया,8,338,कृषि क्षेत्र
बंजरिया,8,339,कृषि क्षेत्र
बंजरिया,8,340,कृषि क्षेत्र
बंजरिया,8,343,कृषि क्षेत्र
बंजरिया,8,345,आवासीय क्षेत्र
बंजरिया,8,347,कृषि क्षेत्र
बंजरिया,8,348,आवासीय क्षेत्र
बंजरिया,8,349,कृषि क्षेत्र
बंजरिया,8,350,आवासीय क्षेत्र
बंजरिया,8,351,कृषि क्षेत्र
बंजरिया,8,355,कृषि क्षेत्र
बंजरिया,8,356,कृषि क्षेत्र
बंजरिया,8,357,आवासीय क्षेत्र
बंजरिया,8,358,आवासीय क्षेत्र
बंजरिया,8,361,कृषि क्षेत्र
बंजरिया,8,362,कृषि क्षेत्र
बंजरिया,8,363,कृषि क्षेत्र
बंजरिया,8,364,कृषि क्षेत्र
बंजरिया,8,367,आवासीय क्षेत्र
बंजरिया,8,368,आवासीय क्षेत्र
बंजरिया,8,369,आवासीय क्षेत्र
बंजरिया,8,370,आवासीय क्षेत्र
बंजरिया,8,371,कृषि क्षेत्र
बंजरिया,8,372,कृषि क्षेत्र
बंजरिया,8,373,कृषि क्षेत्र
बंजरिया,8,377,कृषि क्षेत्र
बंजरिया,8,378,कृषि क्षेत्र
बंजरिया,8,380,कृषि क्षेत्र
बंजरिया,8,382,कृषि क्षेत्र
बंजरिया,8,385,कृषि क्षेत्र
बंजरिया,8,386,कृषि क्षेत्र
बंजरिया,8,388,कृषि क्षेत्र
बंजरिया,8,395,आवासीय क्षेत्र
बंजरिया,8,396,आवासीय क्षेत्र
बंजरिया,8,397,आवासीय क्षेत्र
बंजरिया,8,398,कृषि क्षेत्र
बंजरिया,8,399,कृषि क्षेत्र
बंजरिया,8,400,कृषि क्षेत्र
बंजरिया,8,401,कृषि क्षेत्र
बंजरिया,8,403,कृषि क्षेत्र
बंजरिया,8,409,आवासीय क्षेत्र
बंजरिया,8,415,कृषि क्षेत्र
बंजरिया,8,416,कृषि क्षेत्र
बंजरिया,8,422,कृषि क्षेत्र
बंजरिया,8,423,कृषि क्षेत्र
बंजरिया,8,426,कृषि क्षेत्र
बंजरिया,8,427,कृषि क्षेत्र
बंजरिया,8,428,कृषि क्षेत्र
बंजरिया,8,429,कृषि क्षेत्र
बंजरिया,8,430,कृषि क्षेत्र
बंजरिया,8,431,कृषि क्षेत्र
बंजरिया,8,435,कृषि क्षेत्र
बंजरिया,8,436,कृषि क्षेत्र
बंजरिया,8,437,कृषि क्षेत्र
बंजरिया,8,442,कृषि क्षेत्र
बंजरिया,8,443,कृषि क्षेत्र
बंजरिया,8,444,कृषि क्षेत्र
बंजरिया,8,446,आवासीय क्षेत्र
बंजरिया,8,447,कृषि क्षेत्र
बंजरिया,8,449,आवासीय क्षेत्र
बंजरिया,8,450,आवासीय क्षेत्र
बंजरिया,8,451,आवासीय क्षेत्र
बंजरिया,8,452,आवासीय क्षेत्र
बंजरिया,8,453,आवासीय क्षेत्र
बंजरिया,8,458,कृषि क्षेत्र
बंजरिया,8,459,कृषि क्षेत्र
बंजरिया,8,460,कृषि क्षेत्र
बंजरिया,8,465,कृषि क्षेत्र
बंजरिया,8,466,कृषि क्षेत्र
बंजरिया,8,467,कृषि क्षेत्र
बंजरिया,8,468,कृषि क्षेत्र
बंजरिया,8,469,कृषि क्षेत्र
बंजरिया,8,471,कृषि क्षेत्र
बंजरिया,8,475,कृषि क्षेत्र
बंजरिया,8,477,कृषि क्षेत्र
बंजरिया,8,478,कृषि क्षेत्र
बंजरिया,8,479,आवासीय क्षेत्र
बंजरिया,8,480,कृषि क्षेत्र
बंजरिया,8,481,कृषि क्षेत्र
बंजरिया,8,482,कृषि क्षेत्र
बंजरिया,8,489,कृषि क्षेत्र
बंजरिया,8,490,कृषि क्षेत्र
बंजरिया,8,491,आवासीय क्षेत्र
बंजरिया,8,492,आवासीय क्षेत्र
बंजरिया,8,497,आवासीय क्षेत्र
बंजरिया,8,498,आवासीय क्षेत्र
बंजरिया,8,507,कृषि क्षेत्र
बंजरिया,8,508,आवासीय क्षेत्र
बंजरिया,8,511,कृषि क्षेत्र
बंजरिया,8,512,कृषि क्षेत्र
बंजरिया,8,513,कृषि क्षेत्र
बंजरिया,8,514,कृषि क्षेत्र
बंजरिया,8,524,कृषि क्षेत्र
बंजरिया,8,525,कृषि क्षेत्र
बंजरिया,8,544,कृषि क्षेत्र
बंजरिया,8,545,कृषि क्षेत्र
बंजरिया,8,546,कृषि क्षेत्र
बंजरिया,8,557,कृषि क्षेत्र
बंजरिया,8,558,कृषि क्षेत्र
बंजरिया,8,559,आवासीय क्षेत्र
बंजरिया,8,561,कृषि क्षेत्र
बंजरिया,8,563,कृषि क्षेत्र
बंजरिया,8,564,कृषि क्षेत्र
बंजरिया,8,566,कृषि क्षेत्र
बंजरिया,8,567,कृषि क्षेत्र
बंजरिया,8,574,कृषि क्षेत्र
बंजरिया,8,575,आवासीय क्षेत्र
बंजरिया,8,576,कृषि क्षेत्र
बंजरिया,8,577,कृषि क्षेत्र
बंजरिया,8,578,आवासीय क्षेत्र
बंजरिया,8,579,आवासीय क्षेत्र
बंजरिया,8,580,कृषि क्षेत्र
बंजरिया,8,581,कृषि क्षेत्र
बंजरिया,8,590,कृषि क्षेत्र
बंजरिया,8,591,कृषि क्षेत्र
बंजरिया,8,592,कृषि क्षेत्र
बंजरिया,8,593,कृषि क्षेत्र
बंजरिया,8,594,कृषि क्षेत्र
बंजरिया,8,595,कृषि क्षेत्र
बंजरिया,8,596,कृषि क्षेत्र
बंजरिया,8,599,कृषि क्षेत्र
बंजरिया,8,603,आवासीय क्षेत्र
बंजरिया,8,604,आवासीय क्षेत्र
बंजरिया,8,605,आवासीय क्षेत्र
बंजरिया,8,606,कृषि क्षेत्र
बंजरिया,8,607,कृषि क्षेत्र
बंजरिया,8,610,कृषि क्षेत्र
बंजरिया,8,611,कृषि क्षेत्र
बंजरिया,8,624,आवासीय क्षेत्र
बंजरिया,8,625,आवासीय क्षेत्र
बंजरिया,8,627,आवासीय क्षेत्र
बंजरिया,8,628,कृषि क्षेत्र
बंजरिया,8,629,आवासीय क्षेत्र
बंजरिया,8,640,आवासीय क्षेत्र
बंजरिया,8,642,कृषि क्षेत्र
बंजरिया,8,643,कृषि क्षेत्र
बंजरिया,8,646,कृषि क्षेत्र
बंजरिया,8,647,कृषि क्षेत्र
बंजरिया,8,648,कृषि क्षेत्र
बंजरिया,8,649,कृषि क्षेत्र
बंजरिया,8,650,कृषि क्षेत्र
बंजरिया,8,653,कृषि क्षेत्र
बंजरिया,8,659,कृषि क्षेत्र
बंजरिया,8,660,कृषि क्षेत्र
बंजरिया,8,661,कृषि क्षेत्र
बंजरिया,8,663,कृषि क्षेत्र
बंजरिया,8,664,कृषि क्षेत्र
बंजरिया,8,666,आवासीय क्षेत्र
बंजरिया,8,673,कृषि क्षेत्र
बंजरिया,8,676,कृषि क्षेत्र
बंजरिया,8,678,कृषि क्षेत्र
बंजरिया,8,681,कृषि क्षेत्र
बंजरिया,8,682,कृषि क्षेत्र
बंजरिया,8,683,कृषि क्षेत्र
बंजरिया,8,684,कृषि क्षेत्र
बंजरिया,8,686,कृषि क्षेत्र
बंजरिया,8,687,आवासीय क्षेत्र
बंजरिया,8,689,आवासीय क्षेत्र
बंजरिया,8,690,कृषि क्षेत्र
बंजरिया,8,729,आवासीय क्षेत्र
बंजरिया,8,748,आवासीय क्षेत्र
बंजरिया,8,749,आवासीय क्षेत्र
बंजरिया,8,754,कृषि क्षेत्र
बंजरिया,8,755,कृषि क्षेत्र
बंजरिया,8,758,कृषि क्षेत्र
बंजरिया,8,759,कृषि क्षेत्र
बंजरिया,8,801,कृषि क्षेत्र
बंजरिया,8,802,कृषि क्षेत्र
बंजरिया,8,803,कृषि क्षेत्र
बंजरिया,8,804,कृषि क्षेत्र
बंजरिया,8,805,कृषि क्षेत्र
बंजरिया,8,806,कृषि क्षेत्र
बंजरिया,8,807,कृषि क्षेत्र
बंजरिया,8,808,कृषि क्षेत्र
बंजरिया,8,821,कृषि क्षेत्र
बंजरिया,8,822,कृषि क्षेत्र
बंजरिया,8,823,कृषि क्षेत्र
बंजरिया,8,824,कृषि क्षेत्र
बंजरिया,8,826,कृषि क्षेत्र
बंजरिया,8,827,कृषि क्षेत्र
बंजरिया,8,829,कृषि क्षेत्र
बंजरिया,8,830,आवासीय क्षेत्र
बंजरिया,8,831,आवासीय क्षेत्र
बंजरिया,8,834,आवासीय क्षेत्र
बंजरिया,8,835,आवासीय क्षेत्र
बंजरिया,8,867,कृषि क्षेत्र
बंजरिया,8,868,कृषि क्षेत्र
बंजरिया,8,869,कृषि क्षेत्र
बंजरिया,8,881,आवासीय क्षेत्र
बंजरिया,8,882,आवासीय क्षेत्र
बंजरिया,8,915,आवासीय क्षेत्र
बंजरिया,8,916,आवासीय क्षेत्र
बंजरिया,8,917,आवासीय क्षेत्र
बंजरिया,8,918,आवासीय क्षेत्र
बंजरिया,8,921,कृषि क्षेत्र
बंजरिया,8,922,कृषि क्षेत्र
बंजरिया,8,923,कृषि क्षेत्र
बंजरिया,8,924,आवासीय क्षेत्र
बंजरिया,8,925,आवासीय क्षेत्र
बंजरिया,8,926,आवासीय क्षेत्र
बंजरिया,8,927,आवासीय क्षेत्र
बंजरिया,8,941,आवासीय क्षेत्र
बंजरिया,8,942,कृषि क्षेत्र
बंजरिया,8,943,कृषि क्षेत्र
बंजरिया,8,944,कृषि क्षेत्र
बंजरिया,8,945,कृषि क्षेत्र
बंजरिया,8,946,कृषि क्षेत्र
बंजरिया,8,947,कृषि क्षेत्र
बंजरिया,8,948,कृषि क्षेत्र
बंजरिया,8,949,कृषि क्षेत्र
बंजरिया,8,950,कृषि क्षेत्र
बंजरिया,8,951,कृषि क्षेत्र
बंजरिया,8,955,कृषि क्षेत्र
बंजरिया,8,956,कृषि क्षेत्र
बंजरिया,8,957,आवासीय क्षेत्र
बंजरिया,8,958,आवासीय क्षेत्र
बंजरिया,8,959,कृषि क्षेत्र
बंजरिया,8,960,कृषि क्षेत्र
बंजरिया,8,961,कृषि क्षेत्र
बंजरिया,8,962,कृषि क्षेत्र
बंजरिया,8,963,आवासीय क्षेत्र
बंजरिया,8,964,आवासीय क्षेत्र
बंजरिया,8,965,कृषि क्षेत्र
बंजरिया,8,966,कृषि क्षेत्र
बंजरिया,8,966,कृषि क्षेत्र
बंजरिया,8,967,कृषि क्षेत्र
बंजरिया,8,968,कृषि क्षेत्र
बंजरिया,8,969,कृषि क्षेत्र
बंजरिया,8,970,कृषि क्षेत्र
बंजरिया,8,973,आवासीय क्षेत्र
बंजरिया,8,974,आवासीय क्षेत्र
बंजरिया,8 गाउँ 1,0,आवासीय क्षेत्र
बंजरिया,8 गाउँ 1,0,आवासीय क्षेत्र
बंजरिया,8 गाउँ 1,0,सार्वजनिक उपयोगको क्षेत्र
बंजरिया,8 गाउँ 1,1,आवासीय क्षेत्र
बंजरिया,8 गाउँ 1,3,आवासीय क्षेत्र
बंजरिया,8 गाउँ 1,3,आवासीय क्षेत्र
बंजरिया,8 गाउँ 1,4,आवासीय क्षेत्र
बंजरिया,8 गाउँ 1,6,आवासीय क्षेत्र
बंजरिया,8 गाउँ 1,8,आवासीय क्षेत्र
बंजरिया,8 गाउँ 1,12,आवासीय क्षेत्र
बंजरिया,8 गाउँ 1,13,आवासीय क्षेत्र
बंजरिया,8 गाउँ 1,14,आवासीय क्षेत्र
बंजरिया,8 गाउँ 1,18,आवासीय क्षेत्र
बंजरिया,8 गाउँ 1,19,आवासीय क्षेत्र
बंजरिया,8 गाउँ 1,20,आवासीय क्षेत्र
बंजरिया,8 गाउँ 1,21,आवासीय क्षेत्र
बंजरिया,8 गाउँ 1,22,आवासीय क्षेत्र
बंजरिया,8 गाउँ 1,23,आवासीय क्षेत्र
बंजरिया,8 गाउँ 1,24,कृषि क्षेत्र
बंजरिया,8 गाउँ 1,28,आवासीय क्षेत्र
बंजरिया,8 गाउँ 1,31,आवासीय क्षेत्र
बंजरिया,8 गाउँ 1,32,आवासीय क्षेत्र
बंजरिया,8 गाउँ 1,35,आवासीय क्षेत्र
बंजरिया,8 गाउँ 1,36,आवासीय क्षेत्र
बंजरिया,8 गाउँ 1,37,आवासीय क्षेत्र
बंजरिया,8 गाउँ 1,38,आवासीय क्षेत्र
बंजरिया,8 गाउँ 1,39,कृषि क्षेत्र
बंजरिया,8 गाउँ 1,41,आवासीय क्षेत्र
बंजरिया,8 गाउँ 1,42,आवासीय क्षेत्र
बंजरिया,8 गाउँ 1,43,आवासीय क्षेत्र
बंजरिया,8 गाउँ 1,44,आवासीय क्षेत्र
बंजरिया,8 गाउँ 1,45,आवासीय क्षेत्र
बंजरिया,8 गाउँ 1,46,आवासीय क्षेत्र
बंजरिया,8 गाउँ 1,48,आवासीय क्षेत्र
बंजरिया,8 गाउँ 1,49,आवासीय क्षेत्र
बंजरिया,8 गाउँ 1,50,आवासीय क्षेत्र
बंजरिया,8 गाउँ 1,51,आवासीय क्षेत्र
बंजरिया,8 गाउँ 1,53,आवासीय क्षेत्र
बंजरिया,8 गाउँ 1,54,आवासीय क्षेत्र
बंजरिया,8 गाउँ 1,55,आवासीय क्षेत्र
बंजरिया,8 गाउँ 1,56,आवासीय क्षेत्र
बंजरिया,8 गाउँ 1,59,आवासीय क्षेत्र
बंजरिया,8 गाउँ 1,60,आवासीय क्षेत्र
बंजरिया,8 गाउँ 1,61,आवासीय क्षेत्र
बंजरिया,8 गाउँ 1,63,आवासीय क्षेत्र
बंजरिया,8 गाउँ 1,65,आवासीय क्षेत्र
बंजरिया,8 गाउँ 1,66,आवासीय क्षेत्र
बंजरिया,8 गाउँ 1,67,आवासीय क्षेत्र
बंजरिया,8 गाउँ 1,74,आवासीय क्षेत्र
बंजरिया,8 गाउँ 1,75,आवासीय क्षेत्र
बंजरिया,8 गाउँ 1,76,आवासीय क्षेत्र
बंजरिया,8 गाउँ 1,79,आवासीय क्षेत्र
बंजरिया,8 गाउँ 1,81,आवासीय क्षेत्र
बंजरिया,8 गाउँ 1,84,आवासीय क्षेत्र
बंजरिया,8 गाउँ 1,85,आवासीय क्षेत्र
बंजरिया,8 गाउँ 1,85,आवासीय क्षेत्र
बंजरिया,8 गाउँ 1,88,आवासीय क्षेत्र
बंजरिया,8 गाउँ 1,89,आवासीय क्षेत्र
बंजरिया,8 गाउँ 1,91,कृषि क्षेत्र
बंजरिया,8 गाउँ 1,92,आवासीय क्षेत्र
बंजरिया,8 गाउँ 1,93,आवासीय क्षेत्र
बंजरिया,8 गाउँ 1,94,आवासीय क्षेत्र
बंजरिया,8 गाउँ 1,96,आवासीय क्षेत्र
बंजरिया,8 गाउँ 1,97,कृषि क्षेत्र
बंजरिया,8 गाउँ 1,98,कृषि क्षेत्र
बंजरिया,8 गाउँ 1,99,आवासीय क्षेत्र
बंजरिया,8 गाउँ 1,100,आवासीय क्षेत्र
बंजरिया,8 गाउँ 1,104,आवासीय क्षेत्र
बंजरिया,8 गाउँ 1,105,आवासीय क्षेत्र
बंजरिया,8 गाउँ 1,106,आवासीय क्षेत्र
बंजरिया,8 गाउँ 1,107,आवासीय क्षेत्र
बंजरिया,8 गाउँ 1,108,आवासीय क्षेत्र
बंजरिया,8 गाउँ 1,109,आवासीय क्षेत्र
बंजरिया,8 गाउँ 1,110,आवासीय क्षेत्र
बंजरिया,8 गाउँ 1,111,आवासीय क्षेत्र
बंजरिया,8 गाउँ 1,113,आवासीय क्षेत्र
बंजरिया,8 गाउँ 1,114,आवासीय क्षेत्र
बंजरिया,8 गाउँ 1,115,आवासीय क्षेत्र
बंजरिया,8 गाउँ 1,116,आवासीय क्षेत्र
बंजरिया,8 गाउँ 1,117,आवासीय क्षेत्र
बंजरिया,8 गाउँ 1,118,आवासीय क्षेत्र
बंजरिया,8 गाउँ 1,119,आवासीय क्षेत्र
बंजरिया,8 गाउँ 1,120,आवासीय क्षेत्र
बंजरिया,8 गाउँ 1,121,आवासीय क्षेत्र
बंजरिया,8 गाउँ 1,123,आवासीय क्षेत्र
बंजरिया,8 गाउँ 1,124,आवासीय क्षेत्र
बंजरिया,8 गाउँ 1,126,आवासीय क्षेत्र
बंजरिया,8 गाउँ 1,127,आवासीय क्षेत्र
बंजरिया,8 गाउँ 1,128,आवासीय क्षेत्र
बंजरिया,8 गाउँ 1,129,आवासीय क्षेत्र
बंजरिया,8 गाउँ 1,130,आवासीय क्षेत्र
बंजरिया,8 गाउँ 1,131,आवासीय क्षेत्र
बंजरिया,8 गाउँ 1,137,आवासीय क्षेत्र
बंजरिया,8 गाउँ 1,139,आवासीय क्षेत्र
बंजरिया,8 गाउँ 1,140,आवासीय क्षेत्र
बंजरिया,8 गाउँ 1,141,कृषि क्षेत्र
बंजरिया,8 गाउँ 1,142,कृषि क्षेत्र
बंजरिया,8 गाउँ 1,144,आवासीय क्षेत्र
बंजरिया,8 गाउँ 1,145,आवासीय क्षेत्र
बंजरिया,8 गाउँ 1,145,आवासीय क्षेत्र
बंजरिया,8 गाउँ 1,146,आवासीय क्षेत्र
बंजरिया,8 गाउँ 1,148,आवासीय क्षेत्र
बंजरिया,8 गाउँ 1,150,आवासीय क्षेत्र
बंजरिया,8 गाउँ 1,151,आवासीय क्षेत्र
बंजरिया,8 गाउँ 1,152,आवासीय क्षेत्र
बंजरिया,8 गाउँ 1,158,आवासीय क्षेत्र
बंजरिया,8 गाउँ 1,159,आवासीय क्षेत्र
बंजरिया,8 गाउँ 1,161,आवासीय क्षेत्र
बंजरिया,8 गाउँ 1,162,आवासीय क्षेत्र
बंजरिया,8 गाउँ 1,163,आवासीय क्षेत्र
बंजरिया,8 गाउँ 1,170,आवासीय क्षेत्र
बंजरिया,8 गाउँ 1,171,आवासीय क्षेत्र
बंजरिया,8 गाउँ 1,172,आवासीय क्षेत्र
बंजरिया,8 गाउँ 1,173,आवासीय क्षेत्र
बंजरिया,8 गाउँ 1,174,आवासीय क्षेत्र
बंजरिया,8 गाउँ 1,175,आवासीय क्षेत्र
बंजरिया,8 गाउँ 1,176,आवासीय क्षेत्र
बंजरिया,8 गाउँ 1,177,कृषि क्षेत्र
बंजरिया,8 गाउँ 1,178,कृषि क्षेत्र
बंजरिया,8 गाउँ 1,179,आवासीय क्षेत्र
बंजरिया,8 गाउँ 1,180,आवासीय क्षेत्र
बंजरिया,8 गाउँ 1,181,आवासीय क्षेत्र
बंजरिया,8 गाउँ 1,182,आवासीय क्षेत्र
बंजरिया,8 गाउँ 1,183,आवासीय क्षेत्र
बंजरिया,8 गाउँ 1,186,आवासीय क्षेत्र
बंजरिया,8 गाउँ 1,187,आवासीय क्षेत्र
बंजरिया,8 गाउँ 1,188,आवासीय क्षेत्र
बंजरिया,8 गाउँ 1,189,आवासीय क्षेत्र
बंजरिया,8 गाउँ 1,190,आवासीय क्षेत्र
बंजरिया,8 गाउँ 1,191,आवासीय क्षेत्र
बंजरिया,8 गाउँ 1,192,आवासीय क्षेत्र
बंजरिया,8 गाउँ 1,193,आवासीय क्षेत्र
बंजरिया,8 गाउँ 1,194,आवासीय क्षेत्र
बंजरिया,8 गाउँ 1,195,आवासीय क्षेत्र
बंजरिया,8 गाउँ 1,572,आवासीय क्षेत्र
बंजरिया,8 गाउँ 1,573,आवासीय क्षेत्र
बंजरिया,8 गाउँ 1,99999,आवासीय क्षेत्र
बंजरिया,8 गाउँ 2,0,आवासीय क्षेत्र
बंजरिया,8 गाउँ 2,0,आवासीय क्षेत्र
बंजरिया,8 गाउँ 2,1,कृषि क्षेत्र
बंजरिया,8 गाउँ 2,2,कृषि क्षेत्र
बंजरिया,8 गाउँ 2,8,आवासीय क्षेत्र
बंजरिया,8 गाउँ 2,10,आवासीय क्षेत्र
बंजरिया,8 गाउँ 2,11,आवासीय क्षेत्र
बंजरिया,8 गाउँ 2,13,आवासीय क्षेत्र
बंजरिया,8 गाउँ 2,14,आवासीय क्षेत्र
बंजरिया,8 गाउँ 2,16,आवासीय क्षेत्र
बंजरिया,8 गाउँ 2,23,आवासीय क्षेत्र
बंजरिया,8 गाउँ 2,24,आवासीय क्षेत्र
बंजरिया,8 गाउँ 2,25,आवासीय क्षेत्र
बंजरिया,8 गाउँ 2,27,आवासीय क्षेत्र
बंजरिया,8 गाउँ 2,28,आवासीय क्षेत्र
बंजरिया,8 गाउँ 2,29,आवासीय क्षेत्र
बंजरिया,8 गाउँ 2,30,आवासीय क्षेत्र
बंजरिया,8 गाउँ 2,30,आवासीय क्षेत्र
बंजरिया,8 गाउँ 2,31,आवासीय क्षेत्र
बंजरिया,8 गाउँ 2,31,आवासीय क्षेत्र
बंजरिया,8 गाउँ 2,32,आवासीय क्षेत्र
बंजरिया,8 गाउँ 2,33,आवासीय क्षेत्र
बंजरिया,8 गाउँ 2,34,आवासीय क्षेत्र
बंजरिया,8 गाउँ 2,36,आवासीय क्षेत्र
बंजरिया,8 गाउँ 2,37,आवासीय क्षेत्र
बंजरिया,8 गाउँ 2,43,आवासीय क्षेत्र
बंजरिया,8 गाउँ 2,44,आवासीय क्षेत्र
बंजरिया,8 गाउँ 2,47,आवासीय क्षेत्र
बंजरिया,8 गाउँ 2,48,आवासीय क्षेत्र
बंजरिया,8 गाउँ 2,50,आवासीय क्षेत्र
बंजरिया,8 गाउँ 2,52,आवासीय क्षेत्र
बंजरिया,8 गाउँ 2,53,आवासीय क्षेत्र
बंजरिया,8 गाउँ 2,54,आवासीय क्षेत्र
बंजरिया,8 गाउँ 2,55,आवासीय क्षेत्र
बंजरिया,8 गाउँ 2,56,आवासीय क्षेत्र
बंजरिया,8 गाउँ 2,57,आवासीय क्षेत्र
बंजरिया,8 गाउँ 2,59,आवासीय क्षेत्र
बंजरिया,8 गाउँ 2,67,आवासीय क्षेत्र
बंजरिया,8 गाउँ 2,69,आवासीय क्षेत्र
बंजरिया,8 गाउँ 2,70,आवासीय क्षेत्र
बंजरिया,8 गाउँ 2,71,आवासीय क्षेत्र
बंजरिया,8 गाउँ 2,72,आवासीय क्षेत्र
बंजरिया,8 गाउँ 2,73,आवासीय क्षेत्र
बंजरिया,8 गाउँ 2,74,आवासीय क्षेत्र
बंजरिया,8 गाउँ 2,75,आवासीय क्षेत्र
बंजरिया,8 गाउँ 2,76,आवासीय क्षेत्र
बंजरिया,8 गाउँ 2,77,आवासीय क्षेत्र
बंजरिया,8 गाउँ 2,78,आवासीय क्षेत्र
बंजरिया,8 गाउँ 2,79,आवासीय क्षेत्र
बंजरिया,8 गाउँ 2,80,आवासीय क्षेत्र
बंजरिया,8 गाउँ 2,81,आवासीय क्षेत्र
बंजरिया,8 गाउँ 2,82,आवासीय क्षेत्र
बंजरिया,8 गाउँ 2,85,आवासीय क्षेत्र
बंजरिया,8 गाउँ 2,88,आवासीय क्षेत्र
बंजरिया,8 गाउँ 2,89,आवासीय क्षेत्र
बंजरिया,8 गाउँ 2,90,आवासीय क्षेत्र
बंजरिया,8 गाउँ 2,91,आवासीय क्षेत्र
बंजरिया,8 गाउँ 2,92,आवासीय क्षेत्र
बंजरिया,8 गाउँ 2,93,आवासीय क्षेत्र
बंजरिया,8 गाउँ 2,98,आवासीय क्षेत्र
बंजरिया,8 गाउँ 2,105,आवासीय क्षेत्र
बंजरिया,8 गाउँ 2,106,आवासीय क्षेत्र
बंजरिया,8 गाउँ 2,107,आवासीय क्षेत्र
बंजरिया,8 गाउँ 2,108,आवासीय क्षेत्र
बंजरिया,8 गाउँ 2,109,आवासीय क्षेत्र
बंजरिया,8 गाउँ 2,114,आवासीय क्षेत्र
बंजरिया,8 गाउँ 2,115,आवासीय क्षेत्र
बंजरिया,8 गाउँ 2,116,आवासीय क्षेत्र
बंजरिया,8 गाउँ 2,117,आवासीय क्षेत्र
बंजरिया,8 गाउँ 2,123,आवासीय क्षेत्र
बंजरिया,8 गाउँ 2,125,आवासीय क्षेत्र
बंजरिया,8 गाउँ 2,126,आवासीय क्षेत्र
बंजरिया,8 गाउँ 2,127,आवासीय क्षेत्र
बंजरिया,8 गाउँ 2,128,आवासीय क्षेत्र
बंजरिया,8 गाउँ 2,129,आवासीय क्षेत्र
बंजरिया,8 गाउँ 2,130,आवासीय क्षेत्र
बंजरिया,8 गाउँ 2,131,आवासीय क्षेत्र
बंजरिया,8 गाउँ 2,132,आवासीय क्षेत्र
बंजरिया,8 गाउँ 2,133,आवासीय क्षेत्र
बंजरिया,8 गाउँ 2,134,आवासीय क्षेत्र
बंजरिया,8 गाउँ 2,135,आवासीय क्षेत्र
बंजरिया,8 गाउँ 2,136,आवासीय क्षेत्र
बंजरिया,8 गाउँ 2,137,आवासीय क्षेत्र
बंजरिया,8 गाउँ 2,138,आवासीय क्षेत्र
बंजरिया,8 गाउँ 2,139,आवासीय क्षेत्र
बंजरिया,8 गाउँ 2,208,आवासीय क्षेत्र
बंजरिया,8 गाउँ 2,209,आवासीय क्षेत्र
बंजरिया,8 गाउँ 2,210,आवासीय क्षेत्र
बंजरिया,8 गाउँ 2,211,आवासीय क्षेत्र
बंजरिया,8 गाउँ 2,212,आवासीय क्षेत्र
बंजरिया,8 गाउँ 2,213,आवासीय क्षेत्र
बंजरिया,9,0,कृषि क्षेत्र
बंजरिया,9,0,कृषि क्षेत्र
बंजरिया,9,0,कृषि क्षेत्र
बंजरिया,9,0,कृषि क्षेत्र
बंजरिया,9,0,सार्वजनिक उपयोगको क्षेत्र
बंजरिया,9,0,कृषि क्षेत्र
बंजरिया,9,0,कृषि क्षेत्र
बंजरिया,9,0,कृषि क्षेत्र
बंजरिया,9,0,कृषि क्षेत्र
बंजरिया,9,0,कृषि क्षेत्र
बंजरिया,9,0,कृषि क्षेत्र
बंजरिया,9,0,कृषि क्षेत्र
बंजरिया,9,0,कृषि क्षेत्र
बंजरिया,9,0,कृषि क्षेत्र
बंजरिया,9,0,कृषि क्षेत्र
बंजरिया,9,0,कृषि क्षेत्र
बंजरिया,9,0,आवासीय क्षेत्र
बंजरिया,9,0,कृषि क्षेत्र
बंजरिया,9,0,कृषि क्षेत्र
बंजरिया,9,0,कृषि क्षेत्र
बंजरिया,9,0,कृषि क्षेत्र
बंजरिया,9,0,आवासीय क्षेत्र
बंजरिया,9,0,कृषि क्षेत्र
बंजरिया,9,0,कृषि क्षेत्र
बंजरिया,9,0,कृषि क्षेत्र
बंजरिया,9,0,कृषि क्षेत्र
बंजरिया,9,0,कृषि क्षेत्र
बंजरिया,9,0,कृषि क्षेत्र
बंजरिया,9,0,आवासीय क्षेत्र
बंजरिया,9,0,कृषि क्षेत्र
बंजरिया,9,0,आवासीय क्षेत्र
बंजरिया,9,0,कृषि क्षेत्र
बंजरिया,9,0,कृषि क्षेत्र
बंजरिया,9,0,कृषि क्षेत्र
बंजरिया,9,0,आवासीय क्षेत्र
बंजरिया,9,0,कृषि क्षेत्र
बंजरिया,9,0,कृषि क्षेत्र
बंजरिया,9,0,कृषि क्षेत्र
बंजरिया,9,0,आवासीय क्षेत्र
बंजरिया,9,0,कृषि क्षेत्र
बंजरिया,9,0,कृषि क्षेत्र
बंजरिया,9,0,कृषि क्षेत्र
बंजरिया,9,0,कृषि क्षेत्र
बंजरिया,9,0,कृषि क्षेत्र
बंजरिया,9,0,कृषि क्षेत्र
बंजरिया,9,0,कृषि क्षेत्र
बंजरिया,9,0,कृषि क्षेत्र
बंजरिया,9,0,कृषि क्षेत्र
बंजरिया,9,0,कृषि क्षेत्र
बंजरिया,9,0,कृषि क्षेत्र
बंजरिया,9,0,कृषि क्षेत्र
बंजरिया,9,0,कृषि क्षेत्र
बंजरिया,9,0,कृषि क्षेत्र
बंजरिया,9,0,कृषि क्षेत्र
बंजरिया,9,0,कृषि क्षेत्र
बंजरिया,9,0,कृषि क्षेत्र
बंजरिया,9,0,कृषि क्षेत्र
बंजरिया,9,0,आवासीय क्षेत्र
बंजरिया,9,0,औद्योगिक क्षेत्र
बंजरिया,9,0,कृषि क्षेत्र
बंजरिया,9,0,कृषि क्षेत्र
बंजरिया,9,0,कृषि क्षेत्र
बंजरिया,9,0,कृषि क्षेत्र
बंजरिया,9,0,कृषि क्षेत्र
बंजरिया,9,0,कृषि क्षेत्र
बंजरिया,9,0,कृषि क्षेत्र
बंजरिया,9,0,कृषि क्षेत्र
बंजरिया,9,0,कृषि क्षेत्र
बंजरिया,9,0,औद्योगिक क्षेत्र
बंजरिया,9,0,कृषि क्षेत्र
बंजरिया,9,0,कृषि क्षेत्र
बंजरिया,9,0,कृषि क्षेत्र
बंजरिया,9,0,कृषि क्षेत्र
बंजरिया,9,0,कृषि क्षेत्र
बंजरिया,9,0,कृषि क्षेत्र
बंजरिया,9,0,कृषि क्षेत्र
बंजरिया,9,0,कृषि क्षेत्र
बंजरिया,9,0,सार्वजनिक उपयोगको क्षेत्र
बंजरिया,9,0,कृषि क्षेत्र
बंजरिया,9,0,कृषि क्षेत्र
बंजरिया,9,0,कृषि क्षेत्र
बंजरिया,9,0,कृषि क्षेत्र
बंजरिया,9,0,कृषि क्षेत्र
बंजरिया,9,0,कृषि क्षेत्र
बंजरिया,9,0,कृषि क्षेत्र
बंजरिया,9,0,आवासीय क्षेत्र
बंजरिया,9,0,कृषि क्षेत्र
बंजरिया,9,0,कृषि क्षेत्र
बंजरिया,9,0,कृषि क्षेत्र
बंजरिया,9,0,कृषि क्षेत्र
बंजरिया,9,0,कृषि क्षेत्र
बंजरिया,9,0,कृषि क्षेत्र
बंजरिया,9,0,सार्वजनिक उपयोगको क्षेत्र
बंजरिया,9,0,कृषि क्षेत्र
बंजरिया,9,0,कृषि क्षेत्र
बंजरिया,9,0,कृषि क्षेत्र
बंजरिया,9,0,कृषि क्षेत्र
बंजरिया,9,0,सार्वजनिक उपयोगको क्षेत्र
बंजरिया,9,0,कृषि क्षेत्र
बंजरिया,9,0,कृषि क्षेत्र
बंजरिया,9,0,कृषि क्षेत्र
बंजरिया,9,0,कृषि क्षेत्र
बंजरिया,9,0,कृषि क्षेत्र
बंजरिया,9,0,कृषि क्षेत्र
बंजरिया,9,0,कृषि क्षेत्र
बंजरिया,9,0,कृषि क्षेत्र
बंजरिया,9,0,कृषि क्षेत्र
बंजरिया,9,0,कृषि क्षेत्र
बंजरिया,9,0,कृषि क्षेत्र
बंजरिया,9,0,कृषि क्षेत्र
बंजरिया,9,0,कृषि क्षेत्र
बंजरिया,9,0,कृषि क्षेत्र
बंजरिया,9,0,कृषि क्षेत्र
बंजरिया,9,0,कृषि क्षेत्र
बंजरिया,9,0,कृषि क्षेत्र
बंजरिया,9,1,सार्वजनिक उपयोगको क्षेत्र
बंजरिया,9,2,कृषि क्षेत्र
बंजरिया,9,5,कृषि क्षेत्र
बंजरिया,9,11,कृषि क्षेत्र
बंजरिया,9,15,कृषि क्षेत्र
बंजरिया,9,18,कृषि क्षेत्र
बंजरिया,9,19,कृषि क्षेत्र
बंजरिया,9,20,कृषि क्षेत्र
बंजरिया,9,23,कृषि क्षेत्र
बंजरिया,9,26,कृषि क्षेत्र
बंजरिया,9,27,कृषि क्षेत्र
बंजरिया,9,29,कृषि क्षेत्र
बंजरिया,9,31,कृषि क्षेत्र
बंजरिया,9,32,कृषि क्षेत्र
बंजरिया,9,33,कृषि क्षेत्र
बंजरिया,9,35,कृषि क्षेत्र
बंजरिया,9,36,कृषि क्षेत्र
बंजरिया,9,37,कृषि क्षेत्र
बंजरिया,9,40,आवासीय क्षेत्र
बंजरिया,9,42,कृषि क्षेत्र
बंजरिया,9,44,कृषि क्षेत्र
बंजरिया,9,45,कृषि क्षेत्र
बंजरिया,9,46,कृषि क्षेत्र
बंजरिया,9,47,कृषि क्षेत्र
बंजरिया,9,52,आवासीय क्षेत्र
बंजरिया,9,55,कृषि क्षेत्र
बंजरिया,9,58,कृषि क्षेत्र
बंजरिया,9,60,कृषि क्षेत्र
बंजरिया,9,61,कृषि क्षेत्र
बंजरिया,9,62,कृषि क्षेत्र
बंजरिया,9,63,कृषि क्षेत्र
बंजरिया,9,64,कृषि क्षेत्र
बंजरिया,9,65,कृषि क्षेत्र
बंजरिया,9,68,कृषि क्षेत्र
बंजरिया,9,71,आवासीय क्षेत्र
बंजरिया,9,72,आवासीय क्षेत्र
बंजरिया,9,73,कृषि क्षेत्र
बंजरिया,9,74,कृषि क्षेत्र
बंजरिया,9,75,कृषि क्षेत्र
बंजरिया,9,85,औद्योगिक क्षेत्र
बंजरिया,9,92,कृषि क्षेत्र
बंजरिया,9,93,कृषि क्षेत्र
बंजरिया,9,95,कृषि क्षेत्र
बंजरिया,9,96,कृषि क्षेत्र
बंजरिया,9,97,कृषि क्षेत्र
बंजरिया,9,98,कृषि क्षेत्र
बंजरिया,9,104,कृषि क्षेत्र
बंजरिया,9,105,कृषि क्षेत्र
बंजरिया,9,112,आवासीय क्षेत्र
बंजरिया,9,113,कृषि क्षेत्र
बंजरिया,9,114,आवासीय क्षेत्र
बंजरिया,9,115,आवासीय क्षेत्र
बंजरिया,9,116,आवासीय क्षेत्र
बंजरिया,9,121,कृषि क्षेत्र
बंजरिया,9,123,आवासीय क्षेत्र
बंजरिया,9,124,आवासीय क्षेत्र
बंजरिया,9,129,आवासीय क्षेत्र
बंजरिया,9,130,आवासीय क्षेत्र
बंजरिया,9,131,आवासीय क्षेत्र
बंजरिया,9,132,आवासीय क्षेत्र
बंजरिया,9,133,कृषि क्षेत्र
बंजरिया,9,137,कृषि क्षेत्र
बंजरिया,9,138,कृषि क्षेत्र
बंजरिया,9,141,कृषि क्षेत्र
बंजरिया,9,148,कृषि क्षेत्र
बंजरिया,9,150,कृषि क्षेत्र
बंजरिया,9,154,कृषि क्षेत्र
बंजरिया,9,155,कृषि क्षेत्र
बंजरिया,9,156,कृषि क्षेत्र
बंजरिया,9,157,कृषि क्षेत्र
बंजरिया,9,158,कृषि क्षेत्र
बंजरिया,9,159,कृषि क्षेत्र
बंजरिया,9,160,कृषि क्षेत्र
बंजरिया,9,162,कृषि क्षेत्र
बंजरिया,9,164,कृषि क्षेत्र
बंजरिया,9,168,कृषि क्षेत्र
बंजरिया,9,172,कृषि क्षेत्र
बंजरिया,9,173,कृषि क्षेत्र
बंजरिया,9,180,कृषि क्षेत्र
बंजरिया,9,181,कृषि क्षेत्र
बंजरिया,9,190,कृषि क्षेत्र
बंजरिया,9,191,कृषि क्षेत्र
बंजरिया,9,204,कृषि क्षेत्र
बंजरिया,9,205,कृषि क्षेत्र
बंजरिया,9,206,कृषि क्षेत्र
बंजरिया,9,207,कृषि क्षेत्र
बंजरिया,9,212,कृषि क्षेत्र
बंजरिया,9,213,कृषि क्षेत्र
बंजरिया,9,214,कृषि क्षेत्र
बंजरिया,9,215,कृषि क्षेत्र
बंजरिया,9,216,कृषि क्षेत्र
बंजरिया,9,217,कृषि क्षेत्र
बंजरिया,9,218,कृषि क्षेत्र
बंजरिया,9,220,कृषि क्षेत्र
बंजरिया,9,225,कृषि क्षेत्र
बंजरिया,9,227,कृषि क्षेत्र
बंजरिया,9,228,कृषि क्षेत्र
बंजरिया,9,230,कृषि क्षेत्र
बंजरिया,9,233,कृषि क्षेत्र
बंजरिया,9,236,कृषि क्षेत्र
बंजरिया,9,239,कृषि क्षेत्र
बंजरिया,9,240,कृषि क्षेत्र
बंजरिया,9,242,कृषि क्षेत्र
बंजरिया,9,244,कृषि क्षेत्र
बंजरिया,9,245,कृषि क्षेत्र
बंजरिया,9,247,कृषि क्षेत्र
बंजरिया,9,248,कृषि क्षेत्र
बंजरिया,9,254,कृषि क्षेत्र
बंजरिया,9,257,कृषि क्षेत्र
बंजरिया,9,258,कृषि क्षेत्र
बंजरिया,9,266,कृषि क्षेत्र
बंजरिया,9,267,कृषि क्षेत्र
बंजरिया,9,269,कृषि क्षेत्र
बंजरिया,9,270,कृषि क्षेत्र
बंजरिया,9,271,कृषि क्षेत्र
बंजरिया,9,280,कृषि क्षेत्र
बंजरिया,9,281,कृषि क्षेत्र
बंजरिया,9,287,कृषि क्षेत्र
बंजरिया,9,297,कृषि क्षेत्र
बंजरिया,9,298,कृषि क्षेत्र
बंजरिया,9,300,आवासीय क्षेत्र
बंजरिया,9,301,आवासीय क्षेत्र
बंजरिया,9,302,कृषि क्षेत्र
बंजरिया,9,303,कृषि क्षेत्र
बंजरिया,9,338,कृषि क्षेत्र
बंजरिया,9,387,कृषि क्षेत्र
बंजरिया,9,389,कृषि क्षेत्र
बंजरिया,9,399,सार्वजनिक उपयोगको क्षेत्र
बंजरिया,9,407,कृषि क्षेत्र
बंजरिया,9,408,कृषि क्षेत्र
बंजरिया,9,431,कृषि क्षेत्र
बंजरिया,9,432,कृषि क्षेत्र
बंजरिया,9,474,कृषि क्षेत्र
बंजरिया,9,475,कृषि क्षेत्र
बंजरिया,9,487,कृषि क्षेत्र
बंजरिया,9,509,कृषि क्षेत्र
बंजरिया,9,510,कृषि क्षेत्र
बंजरिया,9,519,कृषि क्षेत्र
बंजरिया,9,520,कृषि क्षेत्र
बंजरिया,9,524,कृषि क्षेत्र
बंजरिया,9,525,कृषि क्षेत्र
बंजरिया,9,526,कृषि क्षेत्र
बंजरिया,9,531,कृषि क्षेत्र
बंजरिया,9,532,कृषि क्षेत्र
बंजरिया,9,537,कृषि क्षेत्र
बंजरिया,9,538,कृषि क्षेत्र
बंजरिया,9,539,कृषि क्षेत्र
बंजरिया,9,540,कृषि क्षेत्र
बंजरिया,9,541,कृषि क्षेत्र
बंजरिया,9,542,कृषि क्षेत्र
बंजरिया,9,549,आवासीय क्षेत्र
बंजरिया,9,553,कृषि क्षेत्र
बंजरिया,9,553,कृषि क्षेत्र
बंजरिया,9,553,कृषि क्षेत्र
बंजरिया,9,555,कृषि क्षेत्र
बंजरिया,9,555,कृषि क्षेत्र
बंजरिया,9,555,कृषि क्षेत्र
बंजरिया,9,555,कृषि क्षेत्र
बंजरिया,9,557,कृषि क्षेत्र
बंजरिया,9,557,कृषि क्षेत्र
बंजरिया,9,558,कृषि क्षेत्र
बंजरिया,9,559,कृषि क्षेत्र
बंजरिया,9,559,कृषि क्षेत्र
बंजरिया,9,559,कृषि क्षेत्र
बंजरिया,9,559,कृषि क्षेत्र
बंजरिया,9,567,कृषि क्षेत्र
बंजरिया,9,573,कृषि क्षेत्र
बंजरिया,9,592,कृषि क्षेत्र
बंजरिया,9,593,कृषि क्षेत्र
बंजरिया,9,614,कृषि क्षेत्र
बंजरिया,9,626,कृषि क्षेत्र
बंजरिया,9,627,कृषि क्षेत्र
बंजरिया,9,637,कृषि क्षेत्र
बंजरिया,9,642,कृषि क्षेत्र
बंजरिया,9,644,आवासीय क्षेत्र
बंजरिया,9,645,आवासीय क्षेत्र
बंजरिया,9,652,कृषि क्षेत्र
बंजरिया,9,653,कृषि क्षेत्र
बंजरिया,9,655,कृषि क्षेत्र
बंजरिया,9,656,कृषि क्षेत्र
बंजरिया,9,685,औद्योगिक क्षेत्र
बंजरिया,9,686,औद्योगिक क्षेत्र
बंजरिया,9,687,कृषि क्षेत्र
बंजरिया,9,688,कृषि क्षेत्र
बंजरिया,9,689,कृषि क्षेत्र
बंजरिया,9,690,कृषि क्षेत्र
बंजरिया,9,691,कृषि क्षेत्र
बंजरिया,9,698,कृषि क्षेत्र
बंजरिया,9,699,कृषि क्षेत्र
बंजरिया,9,702,कृषि क्षेत्र
बंजरिया,9,713,आवासीय क्षेत्र
बंजरिया,9,717,कृषि क्षेत्र
बंजरिया,9,718,कृषि क्षेत्र
बंजरिया,9,719,आवासीय क्षेत्र
बंजरिया,9,720,आवासीय क्षेत्र
बंजरिया,9,727,कृषि क्षेत्र
बंजरिया,9,728,कृषि क्षेत्र
बंजरिया,9,736,कृषि क्षेत्र
बंजरिया,9,737,कृषि क्षेत्र
बंजरिया,9,738,कृषि क्षेत्र
बंजरिया,9,763,कृषि क्षेत्र
बंजरिया,9,764,कृषि क्षेत्र
बंजरिया,9,771,कृषि क्षेत्र
बंजरिया,9,772,कृषि क्षेत्र
बंजरिया,9,772,कृषि क्षेत्र
बंजरिया,9,773,कृषि क्षेत्र
बंजरिया,9,774,कृषि क्षेत्र
बंजरिया,9,775,कृषि क्षेत्र
बंजरिया,9,779,कृषि क्षेत्र
बंजरिया,9,786,कृषि क्षेत्र
बंजरिया,9,787,कृषि क्षेत्र
बंजरिया,9,788,कृषि क्षेत्र
बंजरिया,9,789,आवासीय क्षेत्र
बंजरिया,9,790,आवासीय क्षेत्र
बंजरिया,9,795,आवासीय क्षेत्र
बंजरिया,9,799,आवासीय क्षेत्र
बंजरिया,9,800,आवासीय क्षेत्र
बंजरिया,9,801,आवासीय क्षेत्र
बंजरिया,9,802,कृषि क्षेत्र
बंजरिया,9,803,कृषि क्षेत्र
बंजरिया,9,804,कृषि क्षेत्र
बंजरिया,9,805,कृषि क्षेत्र
बंजरिया,9,806,कृषि क्षेत्र
बंजरिया,9,808,कृषि क्षेत्र
बंजरिया,9,808,कृषि क्षेत्र
बंजरिया,9,808,कृषि क्षेत्र
बंजरिया,9,808,कृषि क्षेत्र
बंजरिया,9,809,कृषि क्षेत्र
बंजरिया,9,813,कृषि क्षेत्र
बंजरिया,9,814,कृषि क्षेत्र
बंजरिया,9,815,कृषि क्षेत्र
बंजरिया,9,816,कृषि क्षेत्र
बंजरिया,9,817,कृषि क्षेत्र
बंजरिया,9,818,कृषि क्षेत्र
बंजरिया,9,819,कृषि क्षेत्र
बंजरिया,9,820,कृषि क्षेत्र
बंजरिया,9,821,कृषि क्षेत्र
बंजरिया,9,822,कृषि क्षेत्र
बंजरिया,9,823,कृषि क्षेत्र
बंजरिया,9,824,कृषि क्षेत्र
बंजरिया,9,825,कृषि क्षेत्र
बंजरिया,9,826,कृषि क्षेत्र
बंजरिया,9,827,कृषि क्षेत्र
बंजरिया,9,828,कृषि क्षेत्र
बंजरिया,9,839,कृषि क्षेत्र
बंजरिया,9,840,कृषि क्षेत्र
बंजरिया,9,845,कृषि क्षेत्र
बंजरिया,9,846,कृषि क्षेत्र
बंजरिया,9,850,कृषि क्षेत्र
बंजरिया,9,852,कृषि क्षेत्र
बंजरिया,9,853,कृषि क्षेत्र
बंजरिया,9,854,कृषि क्षेत्र
बंजरिया,9,856,कृषि क्षेत्र
बंजरिया,9,857,कृषि क्षेत्र
बंजरिया,9,858,कृषि क्षेत्र
बंजरिया,9,859,कृषि क्षेत्र
बंजरिया,9,861,कृषि क्षेत्र
बंजरिया,9,870,कृषि क्षेत्र
बंजरिया,9,872,कृषि क्षेत्र
बंजरिया,9,873,कृषि क्षेत्र
बंजरिया,9,874,आवासीय क्षेत्र
बंजरिया,9,875,कृषि क्षेत्र
बंजरिया,9,875,कृषि क्षेत्र
बंजरिया,9,876,कृषि क्षेत्र
बंजरिया,9,881,कृषि क्षेत्र
बंजरिया,9,882,कृषि क्षेत्र
बंजरिया,9,888,कृषि क्षेत्र
बंजरिया,9,889,कृषि क्षेत्र
बंजरिया,9,890,कृषि क्षेत्र
बंजरिया,9,891,कृषि क्षेत्र
बंजरिया,9,894,कृषि क्षेत्र
बंजरिया,9,896,कृषि क्षेत्र
बंजरिया,9,897,कृषि क्षेत्र
बंजरिया,9,898,कृषि क्षेत्र
बंजरिया,9,901,कृषि क्षेत्र
बंजरिया,9,902,कृषि क्षेत्र
बंजरिया,9,903,कृषि क्षेत्र
बंजरिया,9,913,कृषि क्षेत्र
बंजरिया,9,922,कृषि क्षेत्र
बंजरिया,9,924,कृषि क्षेत्र
बंजरिया,9,933,कृषि क्षेत्र
बंजरिया,9,934,कृषि क्षेत्र
बंजरिया,9,935,कृषि क्षेत्र
बंजरिया,9,940,कृषि क्षेत्र
बंजरिया,9,941,कृषि क्षेत्र
बंजरिया,9,942,आवासीय क्षेत्र
बंजरिया,9,945,कृषि क्षेत्र
बंजरिया,9,947,कृषि क्षेत्र
बंजरिया,9,948,कृषि क्षेत्र
बंजरिया,9,949,कृषि क्षेत्र
बंजरिया,9,950,कृषि क्षेत्र
बंजरिया,9,951,कृषि क्षेत्र
बंजरिया,9,952,कृषि क्षेत्र
बंजरिया,9,958,कृषि क्षेत्र
बंजरिया,9,959,कृषि क्षेत्र
बंजरिया,9,964,कृषि क्षेत्र
बंजरिया,9,965,कृषि क्षेत्र
बंजरिया,9,966,कृषि क्षेत्र
बंजरिया,9,993,कृषि क्षेत्र
बंजरिया,9,994,कृषि क्षेत्र
बंजरिया,9,1016,कृषि क्षेत्र
बंजरिया,9,1017,कृषि क्षेत्र
बंजरिया,9,1021,कृषि क्षेत्र
बंजरिया,9,1034,कृषि क्षेत्र
बंजरिया,9,1035,कृषि क्षेत्र
बंजरिया,9,1039,कृषि क्षेत्र
बंजरिया,9,1040,कृषि क्षेत्र
बंजरिया,9,1052,कृषि क्षेत्र
बंजरिया,9,1053,कृषि क्षेत्र
बंजरिया,9,1054,आवासीय क्षेत्र
बंजरिया,9,1055,कृषि क्षेत्र
बंजरिया,9,1056,कृषि क्षेत्र
बंजरिया,9,1061,कृषि क्षेत्र
बंजरिया,9,1062,कृषि क्षेत्र
बंजरिया,9,1063,कृषि क्षेत्र
बंजरिया,9,1064,कृषि क्षेत्र
बंजरिया,9,1081,कृषि क्षेत्र
बंजरिया,9,1082,कृषि क्षेत्र
बंजरिया,9,1083,कृषि क्षेत्र
बंजरिया,9,1084,कृषि क्षेत्र
बंजरिया,9,1085,कृषि क्षेत्र
बंजरिया,9,1086,कृषि क्षेत्र
बंजरिया,9,1087,कृषि क्षेत्र
बंजरिया,9,1088,कृषि क्षेत्र
बंजरिया,9,1089,कृषि क्षेत्र
बंजरिया,9,1090,कृषि क्षेत्र
बंजरिया,9,1091,कृषि क्षेत्र
बंजरिया,9,1092,कृषि क्षेत्र
बंजरिया,9,1093,कृषि क्षेत्र
बंजरिया,9,1104,कृषि क्षेत्र
बंजरिया,9,1105,कृषि क्षेत्र
बंजरिया,9,1106,कृषि क्षेत्र
बंजरिया,9,1107,कृषि क्षेत्र
बंजरिया,9,1108,कृषि क्षेत्र
बंजरिया,9,1109,कृषि क्षेत्र
बंजरिया,9,1120,कृषि क्षेत्र
बंजरिया,9,1121,कृषि क्षेत्र
बंजरिया,9,1135,आवासीय क्षेत्र
बंजरिया,9,1136,कृषि क्षेत्र
बंजरिया,9,1153,कृषि क्षेत्र
बंजरिया,9,1154,आवासीय क्षेत्र
बंजरिया,9,1167,कृषि क्षेत्र
बंजरिया,9,1168,कृषि क्षेत्र
बंजरिया,9,1171,कृषि क्षेत्र
बंजरिया,9,1172,कृषि क्षेत्र
बंजरिया,9,1175,आवासीय क्षेत्र
बंजरिया,9,1176,आवासीय क्षेत्र
बंजरिया,9,1177,आवासीय क्षेत्र
बंजरिया,9,1184,कृषि क्षेत्र
बंजरिया,9,1185,कृषि क्षेत्र
बंजरिया,9,1196,कृषि क्षेत्र
बंजरिया,9,1197,कृषि क्षेत्र
बंजरिया,9,1198,कृषि क्षेत्र
बंजरिया,9,1199,कृषि क्षेत्र
बंजरिया,9,1214,कृषि क्षेत्र
बंजरिया,9,1215,कृषि क्षेत्र
बंजरिया,9,1222,कृषि क्षेत्र
बंजरिया,9,1223,कृषि क्षेत्र
बंजरिया,9,1224,कृषि क्षेत्र
बंजरिया,9,1225,कृषि क्षेत्र
बंजरिया,9,1241,कृषि क्षेत्र
बंजरिया,9,1242,कृषि क्षेत्र
बंजरिया,9,1263,आवासीय क्षेत्र
बंजरिया,9,1264,आवासीय क्षेत्र
बंजरिया,9,1265,कृषि क्षेत्र
बंजरिया,9,1268,कृषि क्षेत्र
बंजरिया,9,1269,कृषि क्षेत्र
बंजरिया,9,1274,कृषि क्षेत्र
बंजरिया,9,1275,कृषि क्षेत्र
बंजरिया,9,1278,कृषि क्षेत्र
बंजरिया,9,1279,कृषि क्षेत्र
बंजरिया,9,1284,कृषि क्षेत्र
बंजरिया,9,1285,कृषि क्षेत्र
बंजरिया,9,1286,कृषि क्षेत्र
बंजरिया,9,1287,कृषि क्षेत्र
बंजरिया,9,1288,कृषि क्षेत्र
बंजरिया,9,1320,कृषि क्षेत्र
बंजरिया,9,1321,कृषि क्षेत्र
बंजरिया,9,1362,कृषि क्षेत्र
बंजरिया,9,1363,कृषि क्षेत्र
बंजरिया,9,1364,कृषि क्षेत्र
बंजरिया,9,1365,कृषि क्षेत्र
बंजरिया,9,1366,कृषि क्षेत्र
बंजरिया,9,1367,कृषि क्षेत्र
बंजरिया,9,1368,कृषि क्षेत्र
बंजरिया,9,1369,कृषि क्षेत्र
बंजरिया,9,1370,कृषि क्षेत्र
बंजरिया,9,1371,कृषि क्षेत्र
बंजरिया,9,1372,कृषि क्षेत्र
बंजरिया,9,1376,कृषि क्षेत्र
बंजरिया,9,1383,कृषि क्षेत्र
बंजरिया,9,1384,कृषि क्षेत्र
बंजरिया,9,1393,कृषि क्षेत्र
बंजरिया,9,1394,कृषि क्षेत्र
बंजरिया,9,1395,कृषि क्षेत्र
बंजरिया,9,1396,कृषि क्षेत्र
बंजरिया,9,1397,कृषि क्षेत्र
बंजरिया,9,1398,कृषि क्षेत्र
बंजरिया,9,1399,कृषि क्षेत्र
बंजरिया,9,1400,कृषि क्षेत्र
बंजरिया,9,1401,कृषि क्षेत्र
बंजरिया,9,1402,कृषि क्षेत्र
बंजरिया,9,1403,कृषि क्षेत्र
बंजरिया,9,1404,कृषि क्षेत्र
बंजरिया,9,1405,कृषि क्षेत्र
बंजरिया,9,1408,आवासीय क्षेत्र
बंजरिया,9,1409,आवासीय क्षेत्र
बंजरिया,9,1414,कृषि क्षेत्र
बंजरिया,9,1427,कृषि क्षेत्र
बंजरिया,9,1428,कृषि क्षेत्र
बंजरिया,9,1429,कृषि क्षेत्र
बंजरिया,9,1430,कृषि क्षेत्र
बंजरिया,9,1431,कृषि क्षेत्र
बंजरिया,9,1432,कृषि क्षेत्र
बंजरिया,9,1433,कृषि क्षेत्र
बंजरिया,9,1436,व्यावसायिक क्षेत्र
बंजरिया,9,1437,आवासीय क्षेत्र
बंजरिया,9,1438,आवासीय क्षेत्र
बंजरिया,9,1439,आवासीय क्षेत्र
बंजरिया,9,1440,आवासीय क्षेत्र
बंजरिया,9,1441,कृषि क्षेत्र
बंजरिया,9,1442,कृषि क्षेत्र
बंजरिया,9,1443,कृषि क्षेत्र
बंजरिया,9,1444,कृषि क्षेत्र
बंजरिया,9,1445,कृषि क्षेत्र
बंजरिया,9,1446,कृषि क्षेत्र
बंजरिया,9,1447,कृषि क्षेत्र
बंजरिया,9,1448,कृषि क्षेत्र
बंजरिया,9,1449,कृषि क्षेत्र
बंजरिया,9,1450,कृषि क्षेत्र
बंजरिया,9,1451,कृषि क्षेत्र
बंजरिया,9,1452,कृषि क्षेत्र
बंजरिया,9,1453,कृषि क्षेत्र
बंजरिया,9,1454,कृषि क्षेत्र
बंजरिया,9,1455,कृषि क्षेत्र
बंजरिया,9,1460,कृषि क्षेत्र
बंजरिया,9,1461,कृषि क्षेत्र
बंजरिया,9,1465,कृषि क्षेत्र
बंजरिया,9,1466,कृषि क्षेत्र
बंजरिया,9,1467,कृषि क्षेत्र
बंजरिया,9,1468,कृषि क्षेत्र
बंजरिया,9,1476,कृषि क्षेत्र
बंजरिया,9,1477,कृषि क्षेत्र
बंजरिया,9,1478,कृषि क्षेत्र
बंजरिया,9,1479,कृषि क्षेत्र
बंजरिया,9,1484,कृषि क्षेत्र
बंजरिया,9,1485,कृषि क्षेत्र
बंजरिया,9,1486,कृषि क्षेत्र
बंजरिया,9,1487,कृषि क्षेत्र
बंजरिया,9,1488,कृषि क्षेत्र
बंजरिया,9,1490,कृषि क्षेत्र
बंजरिया,9,1491,कृषि क्षेत्र
बंजरिया,9,1494,कृषि क्षेत्र
बंजरिया,9,1495,कृषि क्षेत्र
बंजरिया,9,1496,कृषि क्षेत्र
बंजरिया,9,1497,कृषि क्षेत्र
बंजरिया,9,1498,कृषि क्षेत्र
बंजरिया,9,1499,कृषि क्षेत्र
बंजरिया,9,1500,कृषि क्षेत्र
बंजरिया,9,1501,कृषि क्षेत्र
बंजरिया,9,1502,कृषि क्षेत्र
बंजरिया,9,1511,कृषि क्षेत्र
बंजरिया,9,1512,कृषि क्षेत्र
बंजरिया,9,1513,कृषि क्षेत्र
बंजरिया,9,1513,कृषि क्षेत्र
बंजरिया,9,1514,कृषि क्षेत्र
बंजरिया,9,1515,कृषि क्षेत्र
बंजरिया,9,1516,कृषि क्षेत्र
बंजरिया,9,1517,कृषि क्षेत्र
बंजरिया,9,1518,कृषि क्षेत्र
बंजरिया,9,1519,कृषि क्षेत्र
बंजरिया,9,1520,कृषि क्षेत्र
बंजरिया,9,1521,कृषि क्षेत्र
बंजरिया,9,1522,कृषि क्षेत्र
बंजरिया,9,1525,कृषि क्षेत्र
बंजरिया,9,1526,कृषि क्षेत्र
बंजरिया,9,1527,कृषि क्षेत्र
बंजरिया,9,1528,कृषि क्षेत्र
बंजरिया,9,1529,कृषि क्षेत्र
बंजरिया,9,1530,कृषि क्षेत्र
बंजरिया,9 गाउँ,0,कृषि क्षेत्र
बंजरिया,9 गाउँ,0,सार्वजनिक उपयोगको क्षेत्र
बंजरिया,9 गाउँ,5,कृषि क्षेत्र
बंजरिया,9 गाउँ,6,कृषि क्षेत्र
बंजरिया,9 गाउँ,8,आवासीय क्षेत्र
बंजरिया,9 गाउँ,9,आवासीय क्षेत्र
बंजरिया,9 गाउँ,10,कृषि क्षेत्र
बंजरिया,9 गाउँ,11,आवासीय क्षेत्र
बंजरिया,9 गाउँ,13,कृषि क्षेत्र
बंजरिया,9 गाउँ,14,कृषि क्षेत्र
बंजरिया,9 गाउँ,15,कृषि क्षेत्र
बंजरिया,9 गाउँ,16,कृषि क्षेत्र
बंजरिया,9 गाउँ,21,कृषि क्षेत्र
बंजरिया,9 गाउँ,23,कृषि क्षेत्र
बंजरिया,9 गाउँ,24,कृषि क्षेत्र
बंजरिया,9 गाउँ,25,कृषि क्षेत्र
बंजरिया,9 गाउँ,26,कृषि क्षेत्र
बंजरिया,9 गाउँ,27,कृषि क्षेत्र
बंजरिया,9 गाउँ,33,कृषि क्षेत्र
बंजरिया,9 गाउँ,55,कृषि क्षेत्र
बंजरिया,9 गाउँ,58,कृषि क्षेत्र
बंजरिया,9 गाउँ,61,कृषि क्षेत्र
बंजरिया,9 गाउँ,62,आवासीय क्षेत्र
बंजरिया,9 गाउँ,63,कृषि क्षेत्र
बंजरिया,9 गाउँ,100,आवासीय क्षेत्र
बंजरिया,9 गाउँ,101,आवासीय क्षेत्र
बंजरिया,9 गाउँ,102,आवासीय क्षेत्र
बंजरिया,9 गाउँ,113,आवासीय क्षेत्र
बंजरिया,9 गाउँ,117,आवासीय क्षेत्र
बंजरिया,9 गाउँ,118,कृषि क्षेत्र
बंजरिया,9 गाउँ,119,कृषि क्षेत्र
बंजरिया,9 गाउँ,120,आवासीय क्षेत्र
बंजरिया,9 गाउँ,121,कृषि क्षेत्र
बंजरिया,9 गाउँ,122,कृषि क्षेत्र
बंजरिया,9 गाउँ,142,कृषि क्षेत्र
बंजरिया,9 गाउँ,143,कृषि क्षेत्र
बंजरिया,9 गाउँ,145,कृषि क्षेत्र
बंजरिया,9 गाउँ,182,आवासीय क्षेत्र
बंजरिया,9 गाउँ,183,आवासीय क्षेत्र
बंजरिया,9 गाउँ,184,कृषि क्षेत्र
बंजरिया,9 गाउँ,185,कृषि क्षेत्र
बंजरिया,9 गाउँ,186,कृषि क्षेत्र
बंजरिया,9 गाउँ,198,कृषि क्षेत्र
बंजरिया,9 गाउँ,199,कृषि क्षेत्र
बंजरिया,9 गाउँ,208,कृषि क्षेत्र
बंजरिया,9 गाउँ,209,कृषि क्षेत्र
बंजरिया,9 गाउँ,210,कृषि क्षेत्र
बंजरिया,9 गाउँ,211,कृषि क्षेत्र
बंजरिया,9 गाउँ,212,कृषि क्षेत्र
बंजरिया,9 गाउँ,217,आवासीय क्षेत्र
बंजरिया,9 गाउँ,223,आवासीय क्षेत्र
बंजरिया,9 गाउँ,224,आवासीय क्षेत्र
बंजरिया,9 गाउँ,225,आवासीय क्षेत्र
बंजरिया,9 गाउँ,229,कृषि क्षेत्र
बंजरिया,9 गाउँ,230,कृषि क्षेत्र
बंजरिया,9 गाउँ,231,कृषि क्षेत्र
बंजरिया,9 गाउँ,232,कृषि क्षेत्र
बंजरिया,9 गाउँ,238,कृषि क्षेत्र
बंजरिया,9 गाउँ,239,कृषि क्षेत्र
बंजरिया,9 गाउँ,240,कृषि क्षेत्र
बंजरिया,9 गाउँ,241,कृषि क्षेत्र
बंजरिया,9 गाउँ,242,कृषि क्षेत्र
बंजरिया,9 गाउँ,243,कृषि क्षेत्र
बंजरिया,9 गाउँ,244,कृषि क्षेत्र
बंजरिया,9 गाउँ,245,कृषि क्षेत्र
बंजरिया,9 गाउँ,246,कृषि क्षेत्र
बंजरिया,9 गाउँ,248,कृषि क्षेत्र
बंजरिया,9 गाउँ,250,कृषि क्षेत्र
बंजरिया,9 गाउँ,252,आवासीय क्षेत्र
बंजरिया,9 गाउँ,254,कृषि क्षेत्र
बंजरिया,9 गाउँ,257,कृषि क्षेत्र
बंजरिया,9 गाउँ,258,कृषि क्षेत्र
बंजरिया,9 गाउँ,259,कृषि क्षेत्र
बंजरिया,9 गाउँ,260,कृषि क्षेत्र
बंजरिया,9 गाउँ,262,आवासीय क्षेत्र
बंजरिया,9 गाउँ,263,कृषि क्षेत्र
बंजरिया,9 गाउँ,264,कृषि क्षेत्र
बंजरिया,9 गाउँ,265,कृषि क्षेत्र
बंजरिया,9 गाउँ,266,कृषि क्षेत्र
बंजरिया,9 गाउँ,267,कृषि क्षेत्र
बंजरिया,9 गाउँ,269,कृषि क्षेत्र
बंजरिया,9 गाउँ,270,कृषि क्षेत्र
बंजरिया,9 गाउँ,271,आवासीय क्षेत्र
बंजरिया,9 गाउँ,272,आवासीय क्षेत्र
ब्रहमपुरी,9,2,आवासीय क्षेत्र
ब्रहमपुरी,9,5,आवासीय क्षेत्र
ब्रहमपुरी,9,6,आवासीय क्षेत्र
ब्रहमपुरी,9,7,आवासीय क्षेत्र
ब्रहमपुरी,9,8,आवासीय क्षेत्र
ब्रहमपुरी,9,9,आवासीय क्षेत्र
ब्रहमपुरी,9,10,आवासीय क्षेत्र
ब्रहमपुरी,9,12,आवासीय क्षेत्र
ब्रहमपुरी,9,13,आवासीय क्षेत्र
ब्रहमपुरी,9,14,आवासीय क्षेत्र
ब्रहमपुरी,9,15,आवासीय क्षेत्र
ब्रहमपुरी,9,16,आवासीय क्षेत्र
ब्रहमपुरी,9,17,आवासीय क्षेत्र
ब्रहमपुरी,9,18,कृषि क्षेत्र
ब्रहमपुरी,9,19,कृषि क्षेत्र
ब्रहमपुरी,9,20,आवासीय क्षेत्र
ब्रहमपुरी,9,21,आवासीय क्षेत्र
ब्रहमपुरी,9,22,कृषि क्षेत्र
ब्रहमपुरी,9,23,कृषि क्षेत्र
ब्रहमपुरी,9,25,कृषि क्षेत्र
ब्रहमपुरी,9,34,कृषि क्षेत्र
ब्रहमपुरी,9,35,आवासीय क्षेत्र
ब्रहमपुरी,9,36,आवासीय क्षेत्र
ब्रहमपुरी,9,37,आवासीय क्षेत्र
ब्रहमपुरी,9,38,आवासीय क्षेत्र
ब्रहमपुरी,9,54,आवासीय क्षेत्र
ब्रहमपुरी,9,55,आवासीय क्षेत्र
ब्रहमपुरी,9,59,कृषि क्षेत्र
ब्रहमपुरी,9,60,कृषि क्षेत्र
ब्रहमपुरी,9,61,कृषि क्षेत्र
ब्रहमपुरी,9,114,कृषि क्षेत्र
ब्रहमपुरी,9,117,कृषि क्षेत्र
ब्रहमपुरी,9,118,कृषि क्षेत्र
ब्रहमपुरी,9,140,कृषि क्षेत्र
ब्रहमपुरी,9,141,कृषि क्षेत्र
ब्रहमपुरी,9,142,कृषि क्षेत्र
ब्रहमपुरी,9,143,आवासीय क्षेत्र
ब्रहमपुरी,9,144,कृषि क्षेत्र
ब्रहमपुरी,9,145,कृषि क्षेत्र
ब्रहमपुरी,9,146,कृषि क्षेत्र
ब्रहमपुरी,9,147,कृषि क्षेत्र
ब्रहमपुरी,9,149,कृषि क्षेत्र
ब्रहमपुरी,9,150,कृषि क्षेत्र
ब्रहमपुरी,9,151,कृषि क्षेत्र
ब्रहमपुरी,9,152,कृषि क्षेत्र
ब्रहमपुरी,9,153,कृषि क्षेत्र
ब्रहमपुरी,9,154,कृषि क्षेत्र
ब्रहमपुरी,9,158,कृषि क्षेत्र
ब्रहमपुरी,9,176,"नदी, खोला, ताल, सिमसार क्षेत्र"
ब्रहमपुरी,9,300,कृषि क्षेत्र
ब्रहमपुरी,9,301,कृषि क्षेत्र
ब्रहमपुरी,9,302,कृषि क्षेत्र
ब्रहमपुरी,9,303,कृषि क्षेत्र
ब्रहमपुरी,9,304,कृषि क्षेत्र
ब्रहमपुरी,9,310,कृषि क्षेत्र
ब्रहमपुरी,9,314,कृषि क्षेत्र
ब्रहमपुरी,9,315,कृषि क्षेत्र
ब्रहमपुरी,9,355,"नदी, खोला, ताल, सिमसार क्षेत्र"
ब्रहमपुरी,9,356,कृषि क्षेत्र
ब्रहमपुरी,9,358,कृषि क्षेत्र
ब्रहमपुरी,9,400,कृषि क्षेत्र
ब्रहमपुरी,9,418,कृषि क्षेत्र
ब्रहमपुरी,9,419,कृषि क्षेत्र
ब्रहमपुरी,9,420,कृषि क्षेत्र
ब्रहमपुरी,9,640,आवासीय क्षेत्र
ब्रहमपुरी,9,666,कृषि क्षेत्र
ब्रहमपुरी,9,667,कृषि क्षेत्र
ब्रहमपुरी,9,865,आवासीय क्षेत्र
ब्रहमपुरी,9,866,आवासीय क्षेत्र
ब्रहमपुरी,9,867,आवासीय क्षेत्र
ब्रहमपुरी,9,872,कृषि क्षेत्र
ब्रहमपुरी,9,940,आवासीय क्षेत्र
ब्रहमपुरी,9,956,कृषि क्षेत्र
ब्रहमपुरी,9,957,कृषि क्षेत्र
ब्रहमपुरी,9,962,आवासीय क्षेत्र
ब्रहमपुरी,9,963,आवासीय क्षेत्र
ब्रहमपुरी,9,1049,कृषि क्षेत्र
ब्रहमपुरी,9,1072,कृषि क्षेत्र
ब्रहमपुरी,9,1073,आवासीय क्षेत्र
ब्रहमपुरी,9,1074,आवासीय क्षेत्र
ब्रहमपुरी,9,1174,आवासीय क्षेत्र
ब्रहमपुरी,9,1175,आवासीय क्षेत्र
ब्रहमपुरी,9,1205,आवासीय क्षेत्र
ब्रहमपुरी,9,1206,आवासीय क्षेत्र
